t_s,ax,ay,az,gx,gy,gz,qw,qx,qy,qz,temp_c
0.000,-4.771312403846154,0.2478603846153846,8.54399891025641,0.002929477199087162,-0.0005326322180158477,0.0023968449810713144,0.9653687409451015,-0.003674713564971315,0.25243310321943613,0.06578159989913983,26.125
0.020,-4.756943685897435,0.24247211538461536,8.546693044871795,0.002929477199087162,-0.0007989483270237714,0.0007989483270237714,0.9655651061892179,-0.004802762673326177,0.25173658288491235,0.06549543509234688,26.125
0.040,-4.753351506410256,0.21553076923076925,8.545795,0.0031957933080950856,0.00026631610900792384,0.0018642127630554668,0.9654750983714315,-0.005260497248216306,0.25210430434215314,0.06537263437811913,26.125
0.061,-4.753351506410256,0.21553076923076925,8.545795,0.0031957933080950856,0.00026631610900792384,0.0018642127630554668,0.9654750983714315,-0.005260497248216306,0.25210430434215314,0.06537263437811913,26.125
0.081,-4.767720224358974,0.22271512820512818,8.523343878205129,0.003994741635118857,0.0010652644360316954,0.0031957933080950856,0.9655905213606697,-0.004863356984640928,0.2516391767309848,0.06549059131984,26.125
0.101,-4.781190897435897,0.23798189102564102,8.546693044871795,0.004261057744126781,0.0018642127630554668,0.0031957933080950856,0.9654028638479566,-0.00567819641059545,0.2523946869648887,0.06528392261179132,26.125
0.121,-4.790171346153846,0.24157407051282048,8.535916506410256,0.003994741635118857,0.0018642127630554668,0.0018642127630554668,0.9652611147221851,-0.005336061607928579,0.25292302820542856,0.06536397061988325,26.125
0.141,-4.849442307692308,0.2352877564102564,8.596983557692306,0.003994741635118857,0.0010652644360316954,0.0015978966540475428,0.9651120066178747,-0.0051023764161974355,0.2534836579844966,0.06541265605160494,26.125
0.161,-4.849442307692308,0.2352877564102564,8.596983557692306,0.003994741635118857,0.0010652644360316954,0.0015978966540475428,0.9651120066178747,-0.0051023764161974355,0.2534836579844966,0.06541265605160494,26.125
0.181,-4.898834775641025,0.21373467948717947,8.790063205128204,0.0023968449810713144,-0.0023968449810713144,0.0018642127630554668,0.9652291907382752,-0.0047816954221988955,0.2530188451109934,0.06550731832645103,26.125
0.202,-4.72641016025641,0.17242461538461537,8.51436342948718,0.0021305288720633907,-0.0021305288720633907,0.0023968449810713144,0.9653394624959295,-0.005229168666957601,0.25261523046431705,0.06540583521813963,26.125
0.222,-4.703959038461538,0.3053352564102564,8.464970961538462,0.002663161090079238,-0.0007989483270237714,0.0021305288720633907,0.965380567002749,-0.004593593902875538,0.2524254122106944,0.0655795015135627,26.125
0.242,-4.752453461538461,0.24516625,8.562857852564102,0.00346210941710301,0.0,0.0021305288720633907,0.9655209307087189,-0.00438435865443963,0.2518752099407161,0.06564288521903008,26.125
0.262,-4.809928333333333,0.23259362179487178,8.574532435897435,0.004261057744126781,0.002663161090079238,0.002929477199087162,0.9653778594833178,-0.004581947875217686,0.25243329646788726,0.06558982396250432,26.125
0.282,-4.756045641025641,0.19846791666666666,8.560163717948717,0.003994741635118857,0.0023968449810713144,0.002663161090079238,0.9654758143767396,-0.00501655340943087,0.2520772081344838,0.06548562578601469,26.125
0.302,-4.774904583333333,0.2765978205128205,8.535916506410256,0.002663161090079238,0.00026631610900792384,0.002663161090079238,0.9654305387721175,-0.00436283683462049,0.2522161649379977,0.06566465262911474,26.125
0.323,-4.756943685897435,0.19307964743589742,8.506281025641025,0.002663161090079238,-0.0005326322180158477,0.002663161090079238,0.965434197770113,-0.004968357501539206,0.25222928857290966,0.0655172586859323,26.125
0.343,-4.776700673076923,0.2640251923076923,8.565551987179486,0.002929477199087162,-0.0015978966540475428,0.0023968449810713144,0.9654590621109574,-0.004308154510132356,0.2520994078475214,0.06569724313452155,26.125
0.363,-4.795559615384615,0.20655032051282052,8.548489134615384,0.002929477199087162,-0.001331580545039619,0.002663161090079238,0.9654000125780698,-0.004839534362794092,0.25235032400097124,0.06556453765579981,26.125
0.383,-4.774904583333333,0.23349166666666665,8.525139967948718,0.00346210941710301,0.0010652644360316954,0.002663161090079238,0.9652460676847624,-0.004728108833236784,0.252933265068445,0.06559296629807107,26.125
0.403,-4.75963782051282,0.2532486538461538,8.528732147435898,0.003994741635118857,0.0015978966540475428,0.0023968449810713144,0.9653426728539454,-0.004243362227628588,0.2525382214875103,0.0657264370868447,26.125
0.423,-4.740778878205128,0.22720535256410257,8.535018461538462,0.004261057744126781,0.0010652644360316954,0.002929477199087162,0.96547890840398,-0.004449972883465811,0.25202421972224176,0.06568460886532547,26.125
0.443,-4.75963782051282,0.22271512820512818,8.590697243589743,0.0037284255261109335,0.0010652644360316954,0.002663161090079238,0.965614049259393,-0.00467332083425373,0.2515138785632618,0.06563868398531175,26.125
0.464,-4.767720224358974,0.2550447435897436,8.535018461538462,0.0037284255261109335,0.0005326322180158477,0.0021305288720633907,0.9655095694963035,-0.0041399038062859194,0.25188896350373696,0.06577296156134683,26.125
0.484,-4.756045641025641,0.24606429487179488,8.517057564102563,0.003994741635118857,-0.00026631610900792384,0.0023968449810713144,0.9653591833571147,-0.004046357399987042,0.2524615099282164,0.06579103361888551,26.125
0.504,-4.793763525641025,0.22451121794871792,8.51795560897436,0.00346210941710301,-0.0007989483270237714,0.0018642127630554668,0.9652566043057343,-0.004442066413377785,0.2528752769884891,0.06568142947696115,26.125
0.524,-4.793763525641025,0.22451121794871792,8.51795560897436,0.00346210941710301,-0.0007989483270237714,0.0018642127630554668,0.9652566043057343,-0.004442066413377785,0.2528752769884891,0.06568142947696115,26.125
0.544,-4.780292852564102,0.22810339743589741,8.553877403846153,0.002663161090079238,0.00026631610900792384,0.0021305288720633907,0.9654910185994456,-0.005210755284959346,0.252011653256134,0.06549860804838156,26.125
0.564,-4.784783076923077,0.18230310897435897,8.53681455128205,0.002929477199087162,0.0,0.0023968449810713144,0.9654462116953759,-0.005776393931397033,0.25220796173810156,0.06535586914814377,26.125
0.585,-4.737186698717949,0.22720535256410257,8.54759108974359,0.0031957933080950856,-0.0010652644360316954,0.0021305288720633907,0.9655818111304522,-0.005488849386441245,0.2516729348936822,0.06543983793110524,26.125
0.605,-4.751555416666666,0.23349166666666665,8.51256733974359,0.004527373853134705,-0.001331580545039619,0.0023968449810713144,0.9655096207554619,-0.004866650515315756,0.2519216371334085,0.06559707832997749,26.125
0.625,-4.785681121794871,0.2388799358974359,8.552979358974358,0.003994741635118857,0.0,0.0021305288720633907,0.9653689995350672,-0.004555782269059917,0.252446705105461,0.06567039413599406,26.125
0.645,-4.774006538461538,0.2263073076923077,8.524241923076923,0.003994741635118857,0.0007989483270237714,0.0021305288720633907,0.9653138549245971,-0.005097475305517716,0.25268478859006255,0.06552537562898135,26.125
0.665,-4.751555416666666,0.2676173717948718,8.564653942307691,0.004527373853134705,-0.00026631610900792384,0.002663161090079238,0.9653561710549873,-0.004447186112441389,0.2524903727879454,0.06569853264068962,26.125
0.685,-4.75963782051282,0.21373467948717947,8.535916506410256,0.003994741635118857,-0.001331580545039619,0.002929477199087162,0.9655066042591558,-0.004507027109180208,0.2519140055377324,0.06569640517202203,26.125
0.705,-4.734492564102564,0.265821282051282,8.552979358974358,0.0031957933080950856,0.0005326322180158477,0.002663161090079238,0.9656110875355207,-0.004054369748085349,0.25148658202201385,0.06582772043219834,26.125
0.725,-4.75963782051282,0.21193858974358973,8.498198621794872,0.002929477199087162,0.0021305288720633907,0.002929477199087162,0.9654715716236903,-0.004282095371368427,0.25203205271527457,0.06577349352008732,26.125
0.745,-4.772210448717948,0.2263073076923077,8.517057564102563,0.0031957933080950856,0.0015978966540475428,0.00346210941710301,0.9653510014543009,-0.0046256389842792055,0.2525082939778472,0.06569329438810995,26.125
0.766,-4.803642019230769,0.21732685897435897,8.519751698717949,0.00346210941710301,0.0018642127630554668,0.002663161090079238,0.9652229080913506,-0.004928256936536889,0.2530121332414813,0.06561486425985039,26.125
0.786,-4.765026089743589,0.21373467948717947,8.523343878205129,0.003994741635118857,0.001331580545039619,0.0018642127630554668,0.965329658645239,-0.005341035921060522,0.25262365785761315,0.0655088617348528,26.125
0.806,-4.777598717948718,0.2532486538461538,8.554775448717947,0.0031957933080950856,0.00026631610900792384,0.0021305288720633907,0.9653668448037894,-0.004699146041210103,0.25244941539202614,0.06568154724337852,26.125
0.826,-4.756943685897435,0.19936596153846153,8.532324326923076,0.002663161090079238,0.001331580545039619,0.0023968449810713144,0.9654363569440653,-0.005240058138512325,0.2522064528545604,0.06555217479074926,26.125
0.846,-4.772210448717948,0.23977798076923076,8.554775448717947,0.0031957933080950856,-0.0005326322180158477,0.0023968449810713144,0.96548924827242,-0.00461959083853551,0.25197180862800805,0.0657219788774848,26.125
0.866,-4.782986987179487,0.21014249999999998,8.530528237179487,0.0037284255261109335,-0.00026631610900792384,0.0018642127630554668,0.9654080334728337,-0.005095211159646578,0.25230748994386404,0.06559190687563314,26.125
0.886,-4.764128044871795,0.2505545192307692,8.561959807692308,0.00346210941710301,0.00026631610900792384,0.0015978966540475428,0.9654965131032011,-0.0045710483968284905,0.2519427642560212,0.06572999498820391,26.125
0.906,-4.757841730769231,0.2191229487179487,8.571838301282051,0.0037284255261109335,-0.00026631610900792384,0.0023968449810713144,0.9656230583368415,-0.004894927378262944,0.2514709027313376,0.0656546569075861,26.125
0.926,-4.770414358974358,0.2263073076923077,8.523343878205129,0.0037284255261109335,-0.0015978966540475428,0.0023968449810713144,0.9654817867400884,-0.004988616470263985,0.25201839004971327,0.06562594194089438,26.125
0.947,-4.767720224358974,0.21463272435897432,8.554775448717947,0.002663161090079238,-0.001331580545039619,0.002663161090079238,0.9655663424451945,-0.005506312224832402,0.25171486676812677,0.06550530291966081,26.125
0.967,-4.767720224358974,0.2263073076923077,8.55118326923077,0.0031957933080950856,-0.0005326322180158477,0.0021305288720633907,0.9655394312059433,-0.0048360040542916585,0.2517859004962906,0.06568165773305684,26.125
0.987,-4.79645766025641,0.2532486538461538,8.535018461538462,0.00346210941710301,0.0,0.0021305288720633907,0.9654004701890421,-0.0045134644897237295,0.25230356513152297,0.06576071638143777,26.125
1.007,-4.770414358974358,0.23798189102564102,8.50538298076923,0.002929477199087162,0.0,0.0015978966540475428,0.9652515655456889,-0.0045443763021572004,0.25287622090637085,0.06574481542854259,26.125
1.027,-4.774006538461538,0.19218160256410255,8.548489134615384,0.0023968449810713144,-0.0005326322180158477,0.002929477199087162,0.9653177778682878,-0.005101024988789775,0.25264605307114585,0.06561660722002116,26.125
1.047,-4.765026089743589,0.2667193269230769,8.543100865384615,0.0031957933080950856,-0.0007989483270237714,0.0037284255261109335,0.9653642131385346,-0.004466194989707892,0.25243230958646934,0.065802113724202,26.125
1.067,-4.766822179487179,0.21553076923076925,8.544896955128205,0.004261057744126781,-0.0005326322180158477,0.0037284255261109335,0.9654419402604526,-0.004978288841999245,0.25215724944175877,0.06567951111499774,26.125
1.087,-4.754249551282051,0.24875842948717947,8.499096666666667,0.003994741635118857,0.0,0.002663161090079238,0.965377713203343,-0.004342743478721009,0.25237164130376805,0.06584501571876374,26.125
1.107,-4.776700673076923,0.19846791666666666,8.556571538461538,0.0031957933080950856,-0.00026631610900792384,0.0021305288720633907,0.9654172949958932,-0.004933536477800116,0.25224849865090443,0.06569476135126358,26.125
1.128,-4.770414358974358,0.23349166666666665,8.525139967948718,0.002929477199087162,0.0010652644360316954,0.0018642127630554668,0.9652693503710669,-0.004675638513681557,0.2528023208229425,0.06575869695517063,26.125
1.148,-4.779394807692308,0.22451121794871792,8.55118326923077,0.0023968449810713144,0.0015978966540475428,0.0018642127630554668,0.9653794181649077,-0.005097196990432109,0.2523995540456409,0.06565868323372594,26.125
1.168,-4.764128044871795,0.2505545192307692,8.522445833333332,0.0023968449810713144,-0.0005326322180158477,0.0018642127630554668,0.9653782372836552,-0.004426793658777927,0.25236971137106495,0.06583913167327302,26.125
1.188,-4.764128044871795,0.2505545192307692,8.522445833333332,0.0023968449810713144,-0.0005326322180158477,0.0018642127630554668,0.9653782372836552,-0.004426793658777927,0.25236971137106495,0.06583913167327302,26.125
1.208,-4.772210448717948,0.24965647435897434,8.518853653846154,0.003994741635118857,-0.001331580545039619,0.0023968449810713144,0.9653000832529018,-0.0043704158955129085,0.25266593977891555,0.06585265076273294,26.125
1.228,-4.765924134615385,0.22271512820512818,8.530528237179487,0.002929477199087162,-0.0005326322180158477,0.0018642127630554668,0.9653823662003175,-0.004897421130286084,0.252375965983811,0.06572118448025115,26.125
1.249,-4.800947884615384,0.23798189102564102,8.525139967948718,0.0021305288720633907,-0.00026631610900792384,0.0018642127630554668,0.9652326179795085,-0.00479348674175559,0.25294212204949507,0.06575179515708483,26.125
1.269,-4.770414358974358,0.18499724358974357,8.543100865384615,0.0023968449810713144,-0.0005326322180158477,0.002663161090079238,0.9653019313977019,-0.005344845468022861,0.2527005991604778,0.06562027926430183,26.125
1.289,-4.770414358974358,0.18499724358974357,8.543100865384615,0.0023968449810713144,-0.0005326322180158477,0.002663161090079238,0.9653019313977019,-0.005344845468022861,0.2527005991604778,0.06562027926430183,26.125
1.309,-4.76143391025641,0.21822490384615384,8.57363439102564,0.00346210941710301,0.00026631610900792384,0.0018642127630554668,0.9654925223325516,-0.005024567776551653,0.25195313116674656,0.06571577233707586,26.125
1.329,-4.76323,0.22989948717948716,8.530528237179487,0.0031957933080950856,-0.0007989483270237714,0.0021305288720633907,0.9653507443467182,-0.004776059534438336,0.2524848006727606,0.06577655413441165,26.125
1.349,-4.76323,0.22091903846153846,8.54399891025641,0.0031957933080950856,-0.001331580545039619,0.0021305288720633907,0.965307285331168,-0.00533508987116499,0.25267754262864994,0.06563109898351735,26.125
1.369,-4.788375256410256,0.1975698717948718,8.50717907051282,0.0037284255261109335,0.00026631610900792384,0.0021305288720633907,0.9652645462791835,-0.005897634479713514,0.2528668116772927,0.0654824339509959,26.125
1.390,-4.774904583333333,0.24157407051282048,8.527834102564102,0.004261057744126781,0.001331580545039619,0.0018642127630554668,0.9653242946826635,-0.005291472592423509,0.25261134504739163,0.06563927762071864,26.125
1.410,-4.774006538461538,0.24965647435897434,8.54759108974359,0.002663161090079238,0.0010652644360316954,0.0018642127630554668,0.9653655449941463,-0.004664832546260029,0.25242191891844934,0.0658086523566476,26.125
1.430,-4.756943685897435,0.2191229487179487,8.526936057692307,0.002663161090079238,0.0007989483270237714,0.002663161090079238,0.9654590249555208,-0.005142233658483322,0.25208336194192277,0.06569936983711674,26.125
1.450,-4.755147596153845,0.24157407051282048,8.53861064102564,0.00346210941710301,-0.00026631610900792384,0.0023968449810713144,0.9655413337977571,-0.0045929882594602,0.2517390038019579,0.06585067313015652,26.125
1.470,-4.779394807692308,0.22002099358974359,8.554775448717947,0.0037284255261109335,-0.0010652644360316954,0.0021305288720633907,0.9654830367514474,-0.005120521381337339,0.25198890754245273,0.06571055076277933,26.125
1.490,-4.747963237179487,0.23798189102564102,8.526936057692307,0.002929477199087162,0.00026631610900792384,0.002663161090079238,0.9655731048823697,-0.004607256804768028,0.2516149312689481,0.06585801906433227,26.125
1.511,-4.782088942307692,0.2218170833333333,8.525139967948718,0.0023968449810713144,0.0,0.0023968449810713144,0.9654449456309755,-0.004884940340997951,0.2521190433035818,0.06578892245016878,26.125
1.531,-4.782088942307692,0.2218170833333333,8.525139967948718,0.0023968449810713144,0.0,0.0023968449810713144,0.9654449456309755,-0.004884940340997951,0.2521190433035818,0.06578892245016878,26.125
1.551,-4.757841730769231,0.21553076923076925,8.53861064102564,0.0031957933080950856,0.001331580545039619,0.0015978966540475428,0.9655390837950312,-0.0055891085392768885,0.25178959131397927,0.06561281304689841,26.125
1.571,-4.762331955128205,0.2604330128205128,8.53322237179487,0.00346210941710301,0.0005326322180158477,0.0018642127630554668,0.9655076960366002,-0.004918745604969769,0.25187885711165403,0.06578553166081955,26.125
1.591,-4.762331955128205,0.2604330128205128,8.53322237179487,0.00346210941710301,0.0005326322180158477,0.0018642127630554668,0.9655076960366002,-0.004918745604969769,0.25187885711165403,0.06578553166081955,26.125
1.612,-4.769516314102564,0.23977798076923076,8.525139967948718,0.0021305288720633907,-0.0021305288720633907,0.0021305288720633907,0.9654301559140209,-0.004973376986351878,0.2521760202694298,0.06578095753524044,26.125
1.632,-4.800947884615384,0.2092444551282051,8.543100865384615,0.0031957933080950856,-0.0007989483270237714,0.0021305288720633907,0.9653251783177683,-0.005362327792618967,0.2525965910620874,0.06567729996144694,26.125
1.652,-4.767720224358974,0.23618580128205127,8.50897516025641,0.00346210941710301,0.0005326322180158477,0.002663161090079238,0.9652642549271743,-0.004720415918830951,0.2527974607065835,0.0658489156611088,26.125
1.672,-4.778496762820512,0.18230310897435897,8.54040673076923,0.00346210941710301,-0.0005326322180158477,0.002929477199087162,0.965299507368339,-0.005307197458365369,0.2526883982856664,0.06570592135724537,26.125
1.692,-4.79466157051282,0.25863692307692304,8.524241923076923,0.003994741635118857,-0.0007989483270237714,0.002663161090079238,0.9652097880955809,-0.004729768816630276,0.2530032304110046,0.06585635620819934,26.125
1.712,-4.770414358974358,0.2218170833333333,8.545795,0.002663161090079238,-0.0005326322180158477,0.0018642127630554668,0.9653426550825944,-0.005029561622446472,0.252507920495758,0.06578762706528574,26.125
1.732,-4.75963782051282,0.2532486538461538,8.525139967948718,0.0021305288720633907,-0.001331580545039619,0.0015978966540475428,0.9653881211030144,-0.004404332179107809,0.25230163042742104,0.06595653701425434,26.125
1.753,-4.767720224358974,0.22989948717948716,8.54759108974359,0.003994741635118857,-0.0010652644360316954,0.0023968449810713144,0.9654913029734149,-0.004851729009927489,0.2519271470151619,0.06584616317685363,26.125
1.773,-4.774904583333333,0.23259362179487178,8.51077125,0.004793689962142629,-0.0005326322180158477,0.002663161090079238,0.9653422821905694,-0.004829170443571833,0.2524984282930623,0.06584452169667192,26.125
1.793,-4.75963782051282,0.2505545192307692,8.539508685897436,0.003994741635118857,0.0,0.002929477199087162,0.9654368446570047,-0.004319524639202641,0.25210820127534744,0.06598860155607691,26.125
1.813,-4.773108493589743,0.25235060897435896,8.552081314102564,0.0021305288720633907,0.00026631610900792384,0.0018642127630554668,0.9654513795568113,-0.003665107327441571,0.2520163268954086,0.06616624273959379,26.125
1.833,-4.768618269230769,0.22810339743589741,8.53861064102564,0.0018642127630554668,0.0,0.0015978966540475428,0.965448985439935,-0.004280135756566376,0.25205658190535896,0.06601072995424878,26.125
1.853,-4.783885032051281,0.23798189102564102,8.523343878205129,0.002929477199087162,-0.0007989483270237714,0.001331580545039619,0.9653106486880523,-0.004442667805927398,0.2525967525735115,0.06595828091706242,26.125
1.874,-4.774904583333333,0.22271512820512818,8.554775448717947,0.00346210941710301,-0.0007989483270237714,0.0015978966540475428,0.9654078586211637,-0.004917966971648128,0.2522481809961293,0.06583566888479876,26.125
1.894,-4.781190897435897,0.2316955769230769,8.504484935897436,0.0037284255261109335,0.0005326322180158477,0.002929477199087162,0.9652557505149438,-0.0049051948290333445,0.2528289005688338,0.06583936663331773,26.125
1.914,-4.784783076923077,0.2263073076923077,8.554775448717947,0.0037284255261109335,0.0018642127630554668,0.0031957933080950856,0.9653380298946438,-0.004371650661973817,0.2524841443373108,0.06599343579382376,26.125
1.934,-4.791967435897435,0.22451121794871792,8.552081314102564,0.00346210941710301,0.00026631610900792384,0.0021305288720633907,0.9653878919594869,-0.004944286192324826,0.25232081328994266,0.06584815314622308,26.125
1.954,-4.7587397756410255,0.22720535256410257,8.537712596153845,0.00346210941710301,-0.0007989483270237714,0.0021305288720633907,0.9655213130442175,-0.00523267179704989,0.2518215394681305,0.06578088980194231,26.125
1.974,-4.755147596153845,0.22540926282051282,8.544896955128205,0.0031957933080950856,-0.001331580545039619,0.002929477199087162,0.9656717187106926,-0.005284770660673604,0.2512421278141921,0.06578446695686191,26.125
1.995,-4.7587397756410255,0.22810339743589741,8.563755897435897,0.002929477199087162,-0.0015978966540475428,0.0021305288720633907,0.9655921523305749,-0.004697733125127454,0.25151934149875493,0.06593745152131414,26.125
2.015,-4.767720224358974,0.2290014423076923,8.53322237179487,0.002929477199087162,-0.001331580545039619,0.0023968449810713144,0.9654446733742016,-0.004648186391935177,0.2520825754980391,0.06594961824698205,26.125
2.035,-4.770414358974358,0.2290014423076923,8.516159519230769,0.0031957933080950856,0.0005326322180158477,0.0023968449810713144,0.9653187981854785,-0.004943800900594653,0.252578840074976,0.06587189270681752,26.125
2.055,-4.774904583333333,0.22720535256410257,8.54399891025641,0.0031957933080950856,0.00026631610900792384,0.001331580545039619,0.965448868830146,-0.005247514491404048,0.2520952107181686,0.06579475662403642,26.125
2.075,-4.747963237179487,0.2478603846153846,8.526038012820512,0.00346210941710301,-0.001331580545039619,0.001331580545039619,0.9655100942483339,-0.004637725256871122,0.2518317293176923,0.06595096297913941,26.125
2.095,-4.755147596153845,0.23079753205128203,8.532324326923076,0.0037284255261109335,-0.0007989483270237714,0.0023968449810713144,0.9655896601037819,-0.005156214468398902,0.251550040349656,0.06582248060583466,26.125
2.116,-4.778496762820512,0.2290014423076923,8.534120416666667,0.0031957933080950856,-0.0007989483270237714,0.0021305288720633907,0.9654409360021855,-0.005091555756698093,0.2521182296517583,0.06583519900830911,26.125
2.136,-4.783885032051281,0.24426820512820513,8.524241923076923,0.002929477199087162,-0.0018642127630554668,0.0018642127630554668,0.9653130445758397,-0.004719619501487197,0.25259055509419787,0.06592770768568701,26.125
2.156,-4.781190897435897,0.22810339743589741,8.535916506410256,0.0031957933080950856,-0.00026631610900792384,0.0021305288720633907,0.9652765978147774,-0.005293309544764536,0.2527571992726221,0.06577893888663716,26.125
2.176,-4.785681121794871,0.24606429487179488,8.545795,0.002929477199087162,0.001331580545039619,0.0021305288720633907,0.9652701210964366,-0.004622654652323772,0.2527482175634255,0.06595879699439078,26.125
2.196,-4.764128044871795,0.24426820512820513,8.54759108974359,0.002663161090079238,0.0005326322180158477,0.0021305288720633907,0.9654087279664844,-0.004415187055401753,0.2522044312272849,0.06602589612206826,26.125
2.216,-4.778496762820512,0.2263073076923077,8.524241923076923,0.002929477199087162,-0.0005326322180158477,0.002929477199087162,0.965315022665417,-0.004854418634006413,0.2525829682824787,0.06591802310297039,26.125
2.236,-4.785681121794871,0.23079753205128203,8.516159519230769,0.002663161090079238,-0.00026631610900792384,0.002929477199087162,0.965169587977983,-0.004959304672767868,0.2531417339371582,0.06589639048432148,26.125
2.256,-4.773108493589743,0.22361317307692305,8.530528237179487,0.0018642127630554668,-0.0010652644360316954,0.002663161090079238,0.9653060742385912,-0.00524124881910059,0.25262887720712923,0.06584347158193404,26.125
2.277,-4.746167147435897,0.19936596153846153,8.526038012820512,0.0021305288720633907,-0.0010652644360316954,0.0023968449810713144,0.9654253952184834,-0.005634514346730586,0.2521866109503935,0.06575691425748847,26.125
2.297,-4.757841730769231,0.22810339743589741,8.544896955128205,0.00346210941710301,0.0010652644360316954,0.002929477199087162,0.9655387227661721,-0.005229460078415148,0.25172970889626034,0.06587701606297527,26.125
2.317,-4.753351506410256,0.24875842948717947,8.508077115384616,0.0031957933080950856,0.001331580545039619,0.0031957933080950856,0.9654595163395114,-0.00461874822238222,0.25200117724389726,0.06604540969685027,26.125
2.337,-4.779394807692308,0.23977798076923076,8.54759108974359,0.002929477199087162,0.0007989483270237714,0.00346210941710301,0.9653056272936261,-0.0045395239511793264,0.2525836977500452,0.06607506540647229,26.125
2.357,-4.779394807692308,0.23977798076923076,8.54759108974359,0.002929477199087162,0.0007989483270237714,0.00346210941710301,0.9653056272936261,-0.0045395239511793264,0.2525836977500452,0.06607506540647229,26.125
2.377,-4.754249551282051,0.24965647435897434,8.529630192307692,0.002929477199087162,-0.0005326322180158477,0.00346210941710301,0.9655004735836982,-0.004094811479295298,0.2518041803311067,0.06623233950558646,26.125
2.398,-4.780292852564102,0.23259362179487178,8.561061762820513,0.0018642127630554668,-0.0010652644360316954,0.002929477199087162,0.9654593607225699,-0.004669846297405559,0.2519872690776915,0.06609713724127955,26.125
2.418,-4.773108493589743,0.2406760256410256,8.53861064102564,0.0018642127630554668,-0.00026631610900792384,0.002663161090079238,0.9653133953955603,-0.0044487047592348845,0.25253283697320034,0.06616210354974408,26.125
2.438,-4.771312403846154,0.2406760256410256,8.535018461538462,0.002663161090079238,0.0005326322180158477,0.002929477199087162,0.9654499202216557,-0.004681204856688408,0.25201685901401005,0.06612140831683155,26.125
2.458,-4.774006538461538,0.22271512820512818,8.51436342948718,0.0023968449810713144,0.00026631610900792384,0.0023968449810713144,0.9653352552976495,-0.005044557234968276,0.2524724993313423,0.066030556586405,26.125
2.478,-4.778496762820512,0.24875842948717947,8.517057564102563,0.0021305288720633907,-0.00026631610900792384,0.0018642127630554668,0.9652335616218302,-0.0045258017531227945,0.25283512721529927,0.06616711481809937,26.125
2.498,-4.779394807692308,0.20206009615384612,8.54040673076923,0.0023968449810713144,-0.0007989483270237714,0.0018642127630554668,0.9652744596288918,-0.00511877563618851,0.2527068319301613,0.06601721608761356,26.125
2.519,-4.770414358974358,0.24606429487179488,8.535018461538462,0.002663161090079238,-0.0005326322180158477,0.0018642127630554668,0.9653356922898246,-0.004521316014067992,0.25244233215704204,0.0661772455451237,26.125
2.539,-4.774904583333333,0.2577388782051282,8.527834102564102,0.002663161090079238,-0.0007989483270237714,0.0015978966540475428,0.9652735586377997,-0.003893104791171426,0.25264757359347545,0.06634006547428632,26.25
2.559,-4.756943685897435,0.22271512820512818,8.521547788461538,0.00346210941710301,-0.0005326322180158477,0.0023968449810713144,0.9653101565222488,-0.0044792410835711016,0.2525359857297839,0.06619527192929307,26.25
2.579,-4.774904583333333,0.23977798076923076,8.535916506410256,0.0037284255261109335,0.00026631610900792384,0.0023968449810713144,0.9651627815923522,-0.004232025190878039,0.25308816910575826,0.06625159356870153,26.25
2.599,-4.774006538461538,0.21463272435897432,8.532324326923076,0.003994741635118857,0.00026631610900792384,0.0021305288720633907,0.9652294532784323,-0.004778810273071687,0.25286079212701,0.06611115867305357,26.25
2.619,-4.765924134615385,0.22002099358974359,8.521547788461538,0.0031957933080950856,0.0,0.0018642127630554668,0.9653676575469842,-0.0050112332524681405,0.25234245474638706,0.06605648216568606,26.25
2.639,-4.762331955128205,0.25684083333333335,8.53681455128205,0.0037284255261109335,0.0,0.0021305288720633907,0.9654940757122743,-0.0046641977132911554,0.25183950873838123,0.0661535854100394,26.25
2.660,-4.7587397756410255,0.2290014423076923,8.526936057692307,0.0037284255261109335,-0.00026631610900792384,0.0021305288720633907,0.9653684762996327,-0.004937700226690499,0.2523343069933574,0.06608117430538647,26.25
2.680,-4.782986987179487,0.22451121794871792,8.526038012820512,0.003994741635118857,-0.0005326322180158477,0.0031957933080950856,0.9652433937723964,-0.005222477952876936,0.2528244284060859,0.06601306616052767,26.25
2.700,-4.779394807692308,0.24696233974358975,8.515261474358974,0.0031957933080950856,0.0,0.0031957933080950856,0.9651753394689865,-0.004602991718379355,0.25305190085848606,0.06618241473438581,26.25
2.720,-4.778496762820512,0.22451121794871792,8.530528237179487,0.0023968449810713144,-0.0005326322180158477,0.0021305288720633907,0.9652500195120112,-0.005153988128159942,0.2527927706394536,0.0660427993869544,26.25
2.740,-4.768618269230769,0.2406760256410256,8.553877403846153,0.002929477199087162,-0.0007989483270237714,0.001331580545039619,0.9653789915035241,-0.0048198263303544445,0.25228266457222764,0.0661334196463544,26.25
2.760,-4.779394807692308,0.24426820512820513,8.506281025641025,0.004261057744126781,-0.00026631610900792384,0.001331580545039619,0.9652338171397381,-0.004580110342038016,0.2528299852725124,0.06617929726286476,26.25
2.781,-4.755147596153845,0.22361317307692305,8.562857852564102,0.004261057744126781,-0.00026631610900792384,0.0015978966540475428,0.9653775550986166,-0.004748912172814301,0.25228904844370226,0.06613516447672677,26.25
2.801,-4.765026089743589,0.2218170833333333,8.537712596153845,0.004261057744126781,0.0010652644360316954,0.0031957933080950856,0.9654497951427286,-0.005266642665894476,0.2520346772841057,0.06601118829554656,26.25
2.821,-4.76143391025641,0.2388799358974359,8.528732147435898,0.0037284255261109335,0.0007989483270237714,0.00346210941710301,0.9654298409271233,-0.004584510530088881,0.2520747113776822,0.06620078847330521,26.25
2.841,-4.7587397756410255,0.22091903846153846,8.517057564102563,0.0037284255261109335,0.0,0.002929477199087162,0.9654180997702151,-0.005174763387464873,0.2521467825798577,0.06605387569686438,26.25
2.861,-4.766822179487179,0.24606429487179488,8.545795,0.0037284255261109335,-0.0010652644360316954,0.0021305288720633907,0.9654542012887403,-0.004521155242093302,0.2519758317694697,0.06622631329978654,26.25
2.881,-4.766822179487179,0.23618580128205127,8.531426282051282,0.002929477199087162,-0.001331580545039619,0.0015978966540475428,0.9653517644029985,-0.004916278671792843,0.25238915831051134,0.06611742535330997,26.25
2.901,-4.750657371794872,0.22091903846153846,8.549387179487178,0.0031957933080950856,-0.0007989483270237714,0.0018642127630554668,0.9654959532081381,-0.005100291621534085,0.25184398503465116,0.06607691401655007,26.25
2.922,-4.767720224358974,0.2316955769230769,8.549387179487178,0.0023968449810713144,0.00026631610900792384,0.0021305288720633907,0.9655266385400687,-0.004457981800761721,0.25169222673931885,0.06625299741734808,26.25
2.942,-4.753351506410256,0.23708384615384615,8.520649743589743,0.002929477199087162,0.0010652644360316954,0.002663161090079238,0.9654214071460462,-0.004868528972164631,0.25211493762546283,0.06615030064863138,26.25
2.962,-4.779394807692308,0.21732685897435897,8.532324326923076,0.0037284255261109335,0.0015978966540475428,0.003994741635118857,0.9653340268903303,-0.005340061362247741,0.2524684807618292,0.06604064274490817,26.25
2.982,-4.750657371794872,0.2478603846153846,8.53681455128205,0.0037284255261109335,0.001331580545039619,0.0037284255261109335,0.9654263029469016,-0.004837380470057883,0.2520859818462827,0.06619147290294328,26.25
3.002,-4.782986987179487,0.21822490384615384,8.535018461538462,0.00346210941710301,0.0010652644360316954,0.002663161090079238,0.9653301162479567,-0.0052784908598986,0.2524748198276697,0.06607851051540285,26.25
3.022,-4.782986987179487,0.22540926282051282,8.53322237179487,0.002929477199087162,0.001331580545039619,0.002663161090079238,0.9651807748229547,-0.005381680890515427,0.2530493562477021,0.06605401369770879,26.25
3.042,-4.774904583333333,0.2290014423076923,8.526936057692307,0.0037284255261109335,0.0007989483270237714,0.0018642127630554668,0.9653087989798014,-0.005063706864093067,0.25254423184521946,0.06614145785115466,26.25
3.063,-4.775802628205128,0.23798189102564102,8.520649743589743,0.0031957933080950856,0.00026631610900792384,0.001331580545039619,0.9651901294069762,-0.004602936922400803,0.2529772495398238,0.06625208134314568,26.25
3.083,-4.752453461538461,0.22540926282051282,8.559265673076922,0.0023968449810713144,0.0,0.0018642127630554668,0.9653354280117146,-0.004749330947085147,0.25242643316635216,0.0662257587341059,26.25
3.103,-4.779394807692308,0.24337016025641023,8.561061762820513,0.0031957933080950856,-0.00026631610900792384,0.0021305288720633907,0.9654503257708902,-0.004336928682878992,0.25196342380478004,0.06634223830301886,26.25
3.123,-4.765026089743589,0.2290014423076923,8.554775448717947,0.0037284255261109335,-0.0007989483270237714,0.0018642127630554668,0.9655323310248043,-0.0048521255111089396,0.25167442493093506,0.06620995740457426,26.25
3.143,-4.762331955128205,0.24606429487179488,8.53681455128205,0.002663161090079238,-0.0007989483270237714,0.0023968449810713144,0.9654585674234408,-0.004247599440309646,0.25192557956920475,0.06637179255069545,26.25
3.163,-4.8027439743589735,0.2406760256410256,8.548489134615384,0.0023968449810713144,0.0005326322180158477,0.0031957933080950856,0.9653132230319027,-0.004381740993314173,0.25248636108131606,0.06634620752946578,26.25
3.184,-4.774006538461538,0.2263073076923077,8.51795560897436,0.0031957933080950856,0.0015978966540475428,0.0037284255261109335,0.9653224881424354,-0.004980485242738744,0.2524760781155605,0.06620814627090793,26.25
3.204,-4.768618269230769,0.2191229487179487,8.53322237179487,0.0031957933080950856,0.0015978966540475428,0.0031957933080950856,0.9651979586975722,-0.004522276188880792,0.252927127386392,0.06633489109193724,26.25
3.224,-4.764128044871795,0.24247211538461536,8.549387179487178,0.00346210941710301,0.0010652644360316954,0.0021305288720633907,0.9653432375174346,-0.004461808902412983,0.2523665300416326,0.06636008254532293,26.25
3.244,-4.768618269230769,0.23259362179487178,8.513465384615385,0.004261057744126781,0.0023968449810713144,0.002663161090079238,0.9654085938046114,-0.004990700662506039,0.25214110276478063,0.06622842449930695,26.25
3.264,-4.785681121794871,0.2388799358974359,8.535018461538462,0.003994741635118857,0.0021305288720633907,0.00346210941710301,0.965296272623379,-0.004463029654421819,0.25254288823187077,0.06637226099222356,26.25
3.284,-4.755147596153845,0.23618580128205127,8.553877403846153,0.0031957933080950856,0.0007989483270237714,0.002663161090079238,0.9653302637788868,-0.005052535091847301,0.25243970511559766,0.06622800769221951,26.25
3.305,-4.788375256410256,0.2263073076923077,8.535018461538462,0.00346210941710301,-0.0005326322180158477,0.001331580545039619,0.9651990745414452,-0.005286584150247214,0.2529551885010671,0.06615490263578262,26.25
3.325,-4.775802628205128,0.2640251923076923,8.55118326923077,0.0031957933080950856,0.0,0.0018642127630554668,0.9652516631335217,-0.004669169806657362,0.2527234128518443,0.06631969743449696,26.25
3.345,-4.742574967948718,0.2290014423076923,8.522445833333332,0.00346210941710301,0.0010652644360316954,0.0023968449810713144,0.9653940339276624,-0.004801156095075516,0.25218258015534134,0.06629671502586597,26.25
3.365,-4.76143391025641,0.22091903846153846,8.556571538461538,0.00346210941710301,0.001331580545039619,0.002929477199087162,0.9655120945922557,-0.0051536266771527025,0.25174344110159286,0.06621990026024273,26.25
3.385,-4.756045641025641,0.22720535256410257,8.549387179487178,0.0031957933080950856,0.00026631610900792384,0.0031957933080950856,0.965658603300301,-0.005185771188965668,0.2511771705207999,0.06623140235909823,26.25
3.405,-4.749759326923076,0.22271512820512818,8.541304775641025,0.0031957933080950856,0.00026631610900792384,0.002929477199087162,0.9656424303947184,-0.005779478310882355,0.2512644535122382,0.06608682662249592,26.25
3.426,-4.783885032051281,0.23259362179487178,8.51795560897436,0.00346210941710301,0.0010652644360316954,0.002663161090079238,0.9654937540358016,-0.005542768557276533,0.25182427169259897,0.06614850581130144,26.25
3.446,-4.7587397756410255,0.23259362179487178,8.550285224358975,0.003994741635118857,0.0010652644360316954,0.0018642127630554668,0.9655762514351464,-0.005000427587410183,0.25148171730758917,0.06629060452597983,26.25
3.466,-4.771312403846154,0.23618580128205127,8.50897516025641,0.0037284255261109335,0.0018642127630554668,0.0021305288720633907,0.965420951219605,-0.004898768580483563,0.2520740263740229,0.06631043839559762,26.25
3.486,-4.749759326923076,0.2343897115384615,8.559265673076922,0.002929477199087162,0.0015978966540475428,0.002929477199087162,0.9655638277488181,-0.004835782220022165,0.25151803394919175,0.06634597464582592,26.25
3.506,-4.778496762820512,0.2191229487179487,8.531426282051282,0.0021305288720633907,0.00026631610900792384,0.002929477199087162,0.9654422468583528,-0.005163768864264214,0.25199768919300813,0.06627041657931498,26.25
3.526,-4.767720224358974,0.23079753205128203,8.523343878205129,0.0023968449810713144,0.0,0.0031957933080950856,0.9652909836828315,-0.005045735932526325,0.252568307541402,0.0663106883933688,26.25
3.547,-4.770414358974358,0.2406760256410256,8.50717907051282,0.002929477199087162,-0.0005326322180158477,0.00346210941710301,0.9651738660490129,-0.004576608394488857,0.2529894612109535,0.06644392724543935,26.25
3.567,-4.764128044871795,0.2218170833333333,8.549387179487178,0.00346210941710301,0.00026631610900792384,0.0031957933080950856,0.9653028356648614,-0.004874258309398791,0.25250713769064986,0.06638390225488469,26.25
3.587,-4.756045641025641,0.2128366346153846,8.51795560897436,0.002929477199087162,0.0007989483270237714,0.0031957933080950856,0.9653739023325643,-0.005408705867729706,0.25225646278995806,0.06626199194660318,26.25
3.607,-4.773108493589743,0.24965647435897434,8.530528237179487,0.00346210941710301,0.0015978966540475428,0.0031957933080950856,0.9653204744375219,-0.004751815788075313,0.25242656194996693,0.06644270238749653,26.25
3.627,-4.7605358653846155,0.2290014423076923,8.548489134615384,0.0037284255261109335,0.0007989483270237714,0.0023968449810713144,0.9654586226537998,-0.004952945723576443,0.2519050360051598,0.06640006857923086,26.25
3.647,-4.757841730769231,0.22810339743589741,8.509873205128205,0.0031957933080950856,0.0005326322180158477,0.0023968449810713144,0.9653300738715277,-0.005230735526127214,0.2524108036288766,0.06632702387768871,26.25
3.668,-4.772210448717948,0.2191229487179487,8.539508685897436,0.00346210941710301,0.0010652644360316954,0.002663161090079238,0.9653983197935925,-0.005766668882314455,0.25217210755078,0.06619711355571435,26.25
3.688,-4.779394807692308,0.23259362179487178,8.544896955128205,0.0037284255261109335,0.0007989483270237714,0.002663161090079238,0.9653319280537627,-0.0051304954977747005,0.25239565655370744,0.06636549742732112,26.25
3.708,-4.768618269230769,0.22451121794871792,8.531426282051282,0.0037284255261109335,0.0005326322180158477,0.002663161090079238,0.9654024132920055,-0.0056617262852318075,0.2521487359290134,0.06623549074962483,26.25
3.728,-4.762331955128205,0.2721075961538461,8.531426282051282,0.0037284255261109335,0.00026631610900792384,0.002929477199087162,0.9653938225173262,-0.004978883554998709,0.25214664757825306,0.06642323598696029,26.25
3.748,-4.762331955128205,0.2721075961538461,8.531426282051282,0.0037284255261109335,0.00026631610900792384,0.002929477199087162,0.9653938225173262,-0.004978883554998709,0.25214664757825306,0.06642323598696029,26.25
3.769,-4.769516314102564,0.2218170833333333,8.531426282051282,0.00346210941710301,0.0,0.002663161090079238,0.9654324759435489,-0.00481601561457418,0.2519865400605678,0.06648100492180538,26.25
3.789,-4.764128044871795,0.22720535256410257,8.525139967948718,0.0037284255261109335,0.0005326322180158477,0.002663161090079238,0.9653627759878695,-0.00532266708091943,0.2522788626919513,0.0663457262451459,26.25
3.810,-4.764128044871795,0.21373467948717947,8.51256733974359,0.004793689962142629,0.0005326322180158477,0.0023968449810713144,0.9652113458060316,-0.005196101326816448,0.2528547473442142,0.06636667238761076,26.25
3.830,-4.764128044871795,0.2263073076923077,8.529630192307692,0.004527373853134705,0.0,0.0021305288720633907,0.965340001336735,-0.004874364405173285,0.2523463357185379,0.06645486618950588,26.25
3.850,-4.777598717948718,0.22361317307692305,8.54040673076923,0.0037284255261109335,0.001331580545039619,0.0018642127630554668,0.9652138655597576,-0.005182781329743255,0.25284572812237477,0.0663654298497677,26.25
3.871,-4.799151794871794,0.23798189102564102,8.53322237179487,0.002929477199087162,0.0007989483270237714,0.0015978966540475428,0.965069740193045,-0.004922367420316317,0.25338256911835816,0.06643373036107722,26.25
3.891,-4.766822179487179,0.2541466987179487,8.543100865384615,0.0023968449810713144,-0.0005326322180158477,0.0023968449810713144,0.9651928837600706,-0.004553203565214304,0.25289086033018165,0.06654455828745888,26.25
3.911,-4.793763525641025,0.2343897115384615,8.53681455128205,0.002663161090079238,-0.001331580545039619,0.0023968449810713144,0.965106999318105,-0.005010433593936422,0.25324034661293554,0.06642817376508528,26.25
3.932,-4.764128044871795,0.23798189102564102,8.549387179487178,0.002929477199087162,-0.0015978966540475428,0.002929477199087162,0.9652540638310357,-0.0048797701453904725,0.25266787404842245,0.06648101627419281,26.25
3.952,-4.765026089743589,0.24606429487179488,8.526936057692307,0.0031957933080950856,0.0,0.002663161090079238,0.9653410905851295,-0.004353545539620008,0.25230590708987477,0.06662848277353178,26.25
3.972,-4.765026089743589,0.23259362179487178,8.54220282051282,0.002929477199087162,0.00026631610900792384,0.0021305288720633907,0.9654338774463347,-0.004843626405681867,0.2519733339164452,0.06650869535037898,26.25
3.992,-4.752453461538461,0.22361317307692305,8.526038012820512,0.002663161090079238,0.0,0.001331580545039619,0.9655096399894915,-0.005381370248081265,0.25170833866660336,0.06637083838037702,26.25
4.012,-4.786579166666666,0.22810339743589741,8.539508685897436,0.002663161090079238,-0.00026631610900792384,0.0018642127630554668,0.9653596291888377,-0.005320166339223217,0.2522811400177672,0.0663830441743116,26.25
4.033,-4.76143391025641,0.2316955769230769,8.552979358974358,0.002929477199087162,-0.001331580545039619,0.002929477199087162,0.9655023029011034,-0.0051066358555133815,0.2517194918072191,0.06645692444900439,26.25
4.053,-4.782088942307692,0.2316955769230769,8.539508685897436,0.0031957933080950856,-0.0007989483270237714,0.002663161090079238,0.9653536216556267,-0.005083910514767597,0.2522878428190934,0.06646339876903215,26.25
4.073,-4.779394807692308,0.23977798076923076,8.531426282051282,0.002929477199087162,-0.00026631610900792384,0.002663161090079238,0.9652226786767446,-0.004698858398053829,0.25276860769562676,0.06656675041985567,26.25
4.093,-4.787477211538461,0.22361317307692305,8.523343878205129,0.002663161090079238,-0.00026631610900792384,0.0023968449810713144,0.9651477651597082,-0.0052025131819209616,0.2530781384474507,0.06643930390804546,26.25
4.113,-4.792865480769231,0.21463272435897432,8.527834102564102,0.002663161090079238,-0.0007989483270237714,0.0015978966540475428,0.9651021275581195,-0.005766674835706574,0.25327901174493184,0.06629005244862148,26.25
4.133,-4.76323,0.2406760256410256,8.520649743589743,0.0031957933080950856,0.0007989483270237714,0.0021305288720633907,0.9651948593847979,-0.0052640421446552505,0.25289982992810395,0.06642928044014677,26.25
4.154,-4.75963782051282,0.22091903846153846,8.525139967948718,0.003994741635118857,0.0007989483270237714,0.002663161090079238,0.9653354822971846,-0.00542890613132543,0.2523675651086553,0.06639688002766443,26.25
4.174,-4.775802628205128,0.2191229487179487,8.513465384615385,0.004527373853134705,-0.0007989483270237714,0.0023968449810713144,0.9652041806648193,-0.005649046995471893,0.25288153977261635,0.06633177773457295,26.25
4.194,-4.740778878205128,0.2263073076923077,8.549387179487178,0.003994741635118857,-0.0005326322180158477,0.0021305288720633907,0.9653509706973366,-0.005507932484643042,0.25231251587358944,0.06637439556782655,26.25
4.214,-4.774904583333333,0.23079753205128203,8.562857852564102,0.0037284255261109335,-0.0005326322180158477,0.0018642127630554668,0.9654735404264901,-0.00512924272989927,0.25182405754575926,0.06647689558445524,26.25
4.234,-4.762331955128205,0.23618580128205127,8.535916506410256,0.003994741635118857,0.0007989483270237714,0.002663161090079238,0.9654082054341476,-0.0044881596325568795,0.25204227918068495,0.06664490084722899,26.25
4.255,-4.756943685897435,0.22720535256410257,8.523343878205129,0.0037284255261109335,0.0021305288720633907,0.00346210941710301,0.9654252796380721,-0.005079977884080399,0.25200274751409496,0.06650442470839796,26.25
4.275,-4.747963237179487,0.20565227564102562,8.55118326923077,0.003994741635118857,0.0018642127630554668,0.0031957933080950856,0.9655325976969097,-0.005475491059289595,0.2516063957537266,0.06641568638609631,26.25
4.295,-4.76143391025641,0.2352877564102564,8.523343878205129,0.00346210941710301,0.0,0.0023968449810713144,0.9654139532922148,-0.005011413992202141,0.2520393997980659,0.06653514460739292,26.25
4.315,-4.746167147435897,0.24606429487179488,8.554775448717947,0.00346210941710301,-0.0018642127630554668,0.0023968449810713144,0.965546382837519,-0.004682430272160443,0.2515125164985524,0.06663115998311239,26.25
4.336,-4.75963782051282,0.24247211538461536,8.532324326923076,0.00346210941710301,-0.0018642127630554668,0.0018642127630554668,0.9654268647426446,-0.004973316277189634,0.25198719404436776,0.06654839589382186,26.25
4.356,-4.756045641025641,0.21553076923076925,8.531426282051282,0.0031957933080950856,-0.0005326322180158477,0.0021305288720633907,0.9655171796955899,-0.005467442584828153,0.2516627480363625,0.06642698273323878,26.25
4.376,-4.756045641025641,0.22002099358974359,8.537712596153845,0.0031957933080950856,-0.0007989483270237714,0.0015978966540475428,0.9656097680923009,-0.005958096513666221,0.2513291819717581,0.06630172803233449,26.25
4.396,-4.778496762820512,0.21822490384615384,8.54040673076923,0.0031957933080950856,-0.0010652644360316954,0.0018642127630554668,0.965474315712933,-0.005635714933043146,0.25183582011654104,0.06637999790649651,26.25
4.417,-4.771312403846154,0.2388799358974359,8.54399891025641,0.0037284255261109335,-0.00026631610900792384,0.0018642127630554668,0.9655492787406122,-0.0050625665179067775,0.2515206021325133,0.06653080073645068,26.25
4.437,-4.748861282051282,0.20565227564102562,8.511669294871794,0.003994741635118857,0.0015978966540475428,0.0021305288720633907,0.9654774497250089,-0.005574215833925239,0.25182156432289377,0.06639368894933113,26.25
4.457,-4.781190897435897,0.24426820512820513,8.526936057692307,0.0037284255261109335,0.0018642127630554668,0.0023968449810713144,0.9653502949329567,-0.0051290844662899605,0.25228815537341776,0.06650704642118525,26.25
4.477,-4.76323,0.22720535256410257,8.543100865384615,0.0037284255261109335,-0.0005326322180158477,0.0018642127630554668,0.9654961629292399,-0.005271203918821878,0.2517349041531337,0.06647489608245674,26.25
4.497,-4.765026089743589,0.24426820512820513,8.54220282051282,0.0037284255261109335,-0.0010652644360316954,0.002663161090079238,0.9654541920410141,-0.004606391656617774,0.2518623020644936,0.06665106919706756,26.25
4.518,-4.747065192307692,0.22810339743589741,8.54040673076923,0.00346210941710301,-0.00026631610900792384,0.002663161090079238,0.9655783246747742,-0.004946731794974239,0.25139962487738976,0.06657520089577326,26.25
4.538,-4.770414358974358,0.23259362179487178,8.54040673076923,0.00346210941710301,0.0005326322180158477,0.0023968449810713144,0.9654291629539793,-0.00499882034544038,0.25197516611570037,0.06655868669150763,26.25
4.558,-4.79825375,0.22361317307692305,8.516159519230769,0.002929477199087162,-0.00026631610900792384,0.0023968449810713144,0.9652871013567736,-0.005140071825178467,0.252525751529177,0.06652169894473688,26.25
4.578,-4.765924134615385,0.2550447435897436,8.53681455128205,0.002929477199087162,-0.001331580545039619,0.002663161090079238,0.9653350450366229,-0.004509529017684803,0.25230800308588053,0.06669772523103891,26.25
4.598,-4.755147596153845,0.20834641025641026,8.528732147435898,0.0021305288720633907,-0.00026631610900792384,0.002663161090079238,0.9653968838847147,-0.005076625011080547,0.25209531659773626,0.06656602597171338,26.25
4.619,-4.779394807692308,0.22002099358974359,8.520649743589743,0.0023968449810713144,0.001331580545039619,0.002929477199087162,0.9652724316693855,-0.005403135327024619,0.25258481690579404,0.0664894657549304,26.25
4.639,-4.764128044871795,0.23349166666666665,8.55118326923077,0.002929477199087162,-0.00026631610900792384,0.002663161090079238,0.9654088537052323,-0.005147850090288772,0.25204649463107454,0.06657183617104902,26.25
4.659,-4.7587397756410255,0.2406760256410256,8.535018461538462,0.002929477199087162,-0.001331580545039619,0.002929477199087162,0.9654745991556566,-0.004551740323673189,0.25176100777721805,0.06674185349726053,26.25
4.679,-4.7587397756410255,0.22540926282051282,8.523343878205129,0.002663161090079238,-0.00026631610900792384,0.002929477199087162,0.9654313320330316,-0.005119550761190496,0.251952272267712,0.06660469824319235,26.25
4.699,-4.772210448717948,0.24247211538461536,8.513465384615385,0.002929477199087162,0.0,0.0031957933080950856,0.9652904982563913,-0.004810022675222095,0.25247417571079694,0.06669264020074085,26.25
4.720,-4.765026089743589,0.24337016025641023,8.54399891025641,0.003994741635118857,0.0,0.002663161090079238,0.9654244652228704,-0.0045289836734237685,0.2519443809416611,0.06677663639285764,26.25
4.740,-4.769516314102564,0.2613310576923077,8.54220282051282,0.004527373853134705,0.0007989483270237714,0.002663161090079238,0.9653731630525948,-0.003862311451482095,0.25210619460379463,0.06694927371132245,26.25
4.761,-4.765924134615385,0.22271512820512818,8.554775448717947,0.0031957933080950856,0.0005326322180158477,0.0031957933080950856,0.9654270765446807,-0.004427828713908145,0.2519253338213424,0.06681751556498328,26.25
4.781,-4.777598717948718,0.24337016025641023,8.529630192307692,0.0023968449810713144,0.0005326322180158477,0.0023968449810713144,0.9652787403714953,-0.004510976524407466,0.2524968239080703,0.06679789213704777,26.25
4.801,-4.786579166666666,0.2218170833333333,8.55118326923077,0.002929477199087162,0.00026631610900792384,0.0031957933080950856,0.9652768714041272,-0.005112447335344623,0.2525303379259801,0.06665472857565131,26.25
4.821,-4.782986987179487,0.23708384615384615,8.530528237179487,0.0031957933080950856,0.0010652644360316954,0.003994741635118857,0.9651298092308832,-0.004829698761763174,0.25307445724907424,0.06674162443270418,26.25
4.842,-4.756045641025641,0.21822490384615384,8.525139967948718,0.0031957933080950856,0.0010652644360316954,0.0037284255261109335,0.9652526732696748,-0.005155419657539637,0.2526152274661108,0.06668017131161506,26.25
4.862,-4.771312403846154,0.22540926282051282,8.520649743589743,0.0031957933080950856,0.00026631610900792384,0.002929477199087162,0.9652446035664349,-0.005753033969502916,0.25267172381283076,0.06653388513738033,26.25
4.882,-4.7605358653846155,0.23259362179487178,8.529630192307692,0.0031957933080950856,0.0005326322180158477,0.002663161090079238,0.9653490980754436,-0.005297509113532718,0.2522473468117118,0.06666581784221734,26.25
4.903,-4.786579166666666,0.20834641025641026,8.54040673076923,0.00346210941710301,0.0010652644360316954,0.002663161090079238,0.965280610246935,-0.005813593089275297,0.25253388794045073,0.06652955026435185,26.25
4.923,-4.76323,0.23798189102564102,8.526038012820512,0.004261057744126781,0.0007989483270237714,0.0021305288720633907,0.9651910967065113,-0.005220666337136388,0.25285051090249366,0.06667466248753191,26.25
4.943,-4.774904583333333,0.2263073076923077,8.535018461538462,0.004261057744126781,0.0018642127630554668,0.0018642127630554668,0.9653343007567089,-0.005312501979398105,0.252305916896086,0.06665725320248476,26.25
4.963,-4.773108493589743,0.2263073076923077,8.53322237179487,0.0023968449810713144,0.0005326322180158477,0.0018642127630554668,0.9652333330319456,-0.005732873592725102,0.25271106352369477,0.06654972078930353,26.25
4.983,-4.757841730769231,0.2388799358974359,8.545795,0.002663161090079238,-0.0010652644360316954,0.0021305288720633907,0.9653824706961497,-0.005838457129286968,0.2521430458916352,0.06653181268713436,26.25
5.004,-4.776700673076923,0.23349166666666665,8.531426282051282,0.0031957933080950856,-0.001331580545039619,0.0015978966540475428,0.9653227237314799,-0.0052086213491597646,0.2523439836703715,0.06668900371609468,26.25
5.024,-4.771312403846154,0.20385618589743587,8.528732147435898,0.0031957933080950856,-0.0010652644360316954,0.0015978966540475428,0.9652761684671456,-0.0057652133893624944,0.2525484079419487,0.06654308792015247,26.25
5.044,-4.767720224358974,0.2343897115384615,8.549387179487178,0.00346210941710301,0.00026631610900792384,0.0023968449810713144,0.9653767400962274,-0.005292690514939793,0.2521390682606777,0.06667553798006792,26.25
5.064,-4.785681121794871,0.21553076923076925,8.54040673076923,0.00346210941710301,0.00026631610900792384,0.0021305288720633907,0.96527909199442,-0.005715532283238871,0.25253395181721394,0.06655982593673465,26.25
5.084,-4.774006538461538,0.22810339743589741,8.530528237179487,0.0037284255261109335,-0.0005326322180158477,0.0021305288720633907,0.965273131223245,-0.005032580100878797,0.25252385404222594,0.06673948168558891,26.375
5.104,-4.782088942307692,0.23349166666666665,8.539508685897436,0.0037284255261109335,0.0010652644360316954,0.002929477199087162,0.965134762544581,-0.005262938538742307,0.25306330799637267,0.06667948524010783,26.375
5.125,-4.765026089743589,0.24875842948717947,8.520649743589743,0.002929477199087162,0.0018642127630554668,0.0023968449810713144,0.965211905820547,-0.004716777283819689,0.2527393466730706,0.06683226404658175,26.375
5.145,-4.771312403846154,0.22002099358974359,8.565551987179486,0.0023968449810713144,0.00026631610900792384,0.0021305288720633907,0.9653356623868519,-0.005074988201085822,0.25228058606304593,0.06675184877277122,26.375
5.165,-4.765026089743589,0.2343897115384615,8.552081314102564,0.002929477199087162,-0.0010652644360316954,0.0018642127630554668,0.9654851491951065,-0.004982556022375722,0.2517009209757077,0.06678508216037125,26.375
5.185,-4.757841730769231,0.24606429487179488,8.528732147435898,0.00346210941710301,-0.001331580545039619,0.0018642127630554668,0.9654182610992595,-0.00436053527291938,0.2519270138891324,0.06694286026993909,26.375
5.205,-4.787477211538461,0.24516625,8.518853653846154,0.0031957933080950856,-0.0010652644360316954,0.002663161090079238,0.9652721112480058,-0.004399718039596466,0.25248842569483554,0.06693271709809002,26.375
5.225,-4.770414358974358,0.20475423076923074,8.520649743589743,0.0023968449810713144,-0.0015978966540475428,0.0031957933080950856,0.9652785967932067,-0.005005737829488241,0.2524898711586923,0.06679100331621987,26.375
5.246,-4.785681121794871,0.24426820512820513,8.55118326923077,0.002663161090079238,-0.0021305288720633907,0.0031957933080950856,0.9652382013566763,-0.004349666260437663,0.252607605423476,0.0669753143133273,26.375
5.266,-4.751555416666666,0.24426820512820513,8.545795,0.0031957933080950856,-0.0007989483270237714,0.002663161090079238,0.9653882533401718,-0.004370239651833802,0.2520304993820928,0.06698543647249647,26.375
5.287,-4.76143391025641,0.23798189102564102,8.543100865384615,0.00346210941710301,0.00026631610900792384,0.0023968449810713144,0.9654834277997464,-0.004840225383352462,0.25168720757429536,0.06687205997831952,26.375
5.307,-4.765026089743589,0.2316955769230769,8.515261474358974,0.002929477199087162,-0.00026631610900792384,0.002929477199087162,0.965344717815564,-0.005019820439430604,0.25222634389949933,0.0668299979906972,26.375
5.327,-4.776700673076923,0.2191229487179487,8.529630192307692,0.002929477199087162,-0.0005326322180158477,0.002663161090079238,0.9652780442130491,-0.0055395173029475385,0.2525048437028096,0.06670018751773535,26.375
5.348,-4.769516314102564,0.23079753205128203,8.535018461538462,0.002929477199087162,0.0,0.002663161090079238,0.9653744925027721,-0.005046928640409348,0.2521084545813265,0.0668426874454433,26.375
5.368,-4.765924134615385,0.21732685897435897,8.562857852564102,0.0037284255261109335,-0.00026631610900792384,0.002929477199087162,0.9654852695450137,-0.005454278339657605,0.251700133948926,0.06674943976902456,26.375
5.388,-4.767720224358974,0.24157407051282048,8.532324326923076,0.0037284255261109335,0.0007989483270237714,0.0023968449810713144,0.9653813518379198,-0.0049155954977213685,0.25207279870693605,0.06688786583937051,26.375
5.409,-4.774904583333333,0.2191229487179487,8.531426282051282,0.0037284255261109335,0.0021305288720633907,0.0021305288720633907,0.96531100777345,-0.005436650800010727,0.25236801772405837,0.06674941744700497,26.375
5.429,-4.748861282051282,0.2505545192307692,8.54220282051282,0.00346210941710301,0.0010652644360316954,0.002663161090079238,0.9654070639237411,-0.004949128964459403,0.2519735817925908,0.06688812396268534,26.375
5.449,-4.773108493589743,0.2343897115384615,8.54220282051282,0.0031957933080950856,0.00026631610900792384,0.0031957933080950856,0.9652696377117848,-0.005154032871655179,0.2525079877023811,0.0668406957131051,26.375
5.470,-4.747065192307692,0.23079753205128203,8.522445833333332,0.0031957933080950856,0.00026631610900792384,0.002663161090079238,0.9654169180255551,-0.005125915810702055,0.2519389085052664,0.0668631868692736,26.375
5.490,-4.7605358653846155,0.24247211538461536,8.523343878205129,0.0031957933080950856,-0.0015978966540475428,0.0023968449810713144,0.9655124166752357,-0.005610376628439206,0.2515932743389875,0.06674669450557133,26.375
5.510,-4.774904583333333,0.23079753205128203,8.53861064102564,0.002663161090079238,-0.0018642127630554668,0.0023968449810713144,0.9654228639666512,-0.005054575857397339,0.25190912167059804,0.06689498794736973,26.375
5.530,-4.746167147435897,0.2352877564102564,8.544896955128205,0.0023968449810713144,-0.0010652644360316954,0.0018642127630554668,0.9652748730812741,-0.004961597390857082,0.2524717646719718,0.06691644037665079,26.375
5.550,-4.773108493589743,0.2406760256410256,8.53861064102564,0.00346210941710301,0.0007989483270237714,0.0021305288720633907,0.9653581832694407,-0.00442552018694201,0.25212417810603777,0.06706259449316647,26.375
5.571,-4.752453461538461,0.22091903846153846,8.523343878205129,0.0037284255261109335,0.00026631610900792384,0.0021305288720633907,0.9652747315689609,-0.004898016394966852,0.25246849947637023,0.06693548238427262,26.375
5.591,-4.7587397756410255,0.24516625,8.529630192307692,0.0037284255261109335,-0.001331580545039619,0.0021305288720633907,0.9652606772673145,-0.005485479256367167,0.25255095818342266,0.06678134439653392,26.375
5.611,-4.778496762820512,0.21732685897435897,8.537712596153845,0.00346210941710301,-0.0010652644360316954,0.0021305288720633907,0.9651248288175046,-0.0056691829380439126,0.2530795322466153,0.06672837119720552,26.375
5.631,-4.7587397756410255,0.24157407051282048,8.520649743589743,0.002929477199087162,-0.00026631610900792384,0.002929477199087162,0.9652264772727288,-0.005194115363671956,0.2526645875496169,0.0668690880426033,26.375
5.652,-4.752453461538461,0.24426820512820513,8.546693044871795,0.004261057744126781,0.00026631610900792384,0.002929477199087162,0.9653579607912774,-0.004893672742971901,0.25214390605487697,0.066959018387224,26.375
5.672,-4.785681121794871,0.23798189102564102,8.534120416666667,0.003994741635118857,-0.0005326322180158477,0.0021305288720633907,0.9652093099237712,-0.004886424715821422,0.25271422701013746,0.06695244847384546,26.375
5.692,-4.756943685897435,0.2406760256410256,8.527834102564102,0.003994741635118857,-0.0015978966540475428,0.0015978966540475428,0.9653580424291434,-0.004729463777840297,0.25213723384529135,0.06699475650072405,26.375
5.712,-4.751555416666666,0.24157407051282048,8.523343878205129,0.00346210941710301,-0.0010652644360316954,0.0015978966540475428,0.9655054136484396,-0.004583586814570783,0.25156377293233434,0.06703696812593747,26.375
5.733,-4.749759326923076,0.24157407051282048,8.54759108974359,0.0031957933080950856,0.0005326322180158477,0.0015978966540475428,0.9656521676664106,-0.004623554735424504,0.25100029802460716,0.06703256085164462,26.375
5.753,-4.752453461538461,0.24875842948717947,8.548489134615384,0.002663161090079238,-0.0010652644360316954,0.0018642127630554668,0.9655555442225626,-0.004086478133909024,0.2513442670745796,0.06717031432317777,26.375
5.773,-4.746167147435897,0.23349166666666665,8.541304775641025,0.0037284255261109335,0.0005326322180158477,0.002663161090079238,0.9656277058614575,-0.004975341283185861,0.25110970314591136,0.06694995621975232,26.375
5.794,-4.746167147435897,0.23349166666666665,8.541304775641025,0.0037284255261109335,0.0005326322180158477,0.002663161090079238,0.9656277058614575,-0.004975341283185861,0.25110970314591136,0.06694995621975232,26.375
5.814,-4.753351506410256,0.2352877564102564,8.535018461538462,0.0031957933080950856,0.00026631610900792384,0.0021305288720633907,0.9654766923313943,-0.004936083543197511,0.2516888795141874,0.06695595248353572,26.375
5.834,-4.768618269230769,0.22720535256410257,8.535018461538462,0.00346210941710301,-0.002929477199087162,0.002663161090079238,0.9652573020709005,-0.005595551123170706,0.25256089758956274,0.06678340823279809,26.375
5.854,-4.7892733012820505,0.20385618589743587,8.543100865384615,0.004261057744126781,-0.0018642127630554668,0.0023968449810713144,0.9652307066274474,-0.006164692609094098,0.252688969583097,0.0666330563575384,26.375
5.875,-4.765026089743589,0.2388799358974359,8.51077125,0.003994741635118857,0.00026631610900792384,0.0018642127630554668,0.9652262146249192,-0.0054835090039352,0.25267572218872625,0.06680767280978264,26.375
5.895,-4.765026089743589,0.2388799358974359,8.51077125,0.003994741635118857,0.00026631610900792384,0.0018642127630554668,0.9652262146249192,-0.0054835090039352,0.25267572218872625,0.06680767280978264,26.375
5.915,-4.734492564102564,0.21822490384615384,8.523343878205129,0.0023968449810713144,-0.00026631610900792384,0.0015978966540475428,0.9653751590579743,-0.005548828824389373,0.25210669706628897,0.06679989570946178,26.375
5.935,-4.765924134615385,0.22361317307692305,8.53322237179487,0.0031957933080950856,-0.0005326322180158477,0.0021305288720633907,0.9653673833192449,-0.005495752624969525,0.25213069291276974,0.06682608486037477,26.375
5.956,-4.771312403846154,0.21193858974358973,8.543100865384615,0.0031957933080950856,-0.0010652644360316954,0.0015978966540475428,0.9653947670843283,-0.00609453418078524,0.25205359987577486,0.06666920675227653,26.375
5.976,-4.762331955128205,0.23977798076923076,8.552979358974358,0.0031957933080950856,0.0010652644360316954,0.002663161090079238,0.9654449859914471,-0.005476911167239758,0.2518299091941915,0.06684070094849369,26.375
5.996,-4.762331955128205,0.23977798076923076,8.552979358974358,0.0031957933080950856,0.0010652644360316954,0.002663161090079238,0.9654449859914471,-0.005476911167239758,0.2518299091941915,0.06684070094849369,26.375
6.016,-4.769516314102564,0.2352877564102564,8.531426282051282,0.002929477199087162,0.00026631610900792384,0.00346210941710301,0.9653677268070916,-0.004966197693507898,0.25209400104343266,0.06700077281413555,26.375
6.036,-4.765026089743589,0.24965647435897434,8.528732147435898,0.0023968449810713144,-0.0015978966540475428,0.0023968449810713144,0.9653234954209233,-0.004318298029305969,0.2522284383389556,0.0671767547858069,26.375
6.057,-4.785681121794871,0.22091903846153846,8.53861064102564,0.002929477199087162,-0.001331580545039619,0.0018642127630554668,0.9651900574307924,-0.004532666791111893,0.2527517553447612,0.06711302510426895,26.375
6.077,-4.784783076923077,0.23259362179487178,8.526038012820512,0.003994741635118857,-0.00026631610900792384,0.0018642127630554668,0.9650496376326716,-0.004687710653242633,0.2532964945897777,0.0670679364705014,26.375
6.097,-4.784783076923077,0.23259362179487178,8.526038012820512,0.003994741635118857,-0.00026631610900792384,0.0018642127630554668,0.9650496376326716,-0.004687710653242633,0.2532964945897777,0.0670679364705014,26.375
6.117,-4.75963782051282,0.22720535256410257,8.524241923076923,0.0021305288720633907,0.0,0.002663161090079238,0.9653265512249349,-0.00500615822932216,0.2522446974675242,0.0670238799195727,26.375
6.137,-4.7452691025641025,0.23798189102564102,8.53681455128205,0.0018642127630554668,-0.0007989483270237714,0.002663161090079238,0.9652115921238704,-0.004547362784246876,0.2526588011978103,0.06715232012892149,26.375
6.157,-4.754249551282051,0.22810339743589741,8.526038012820512,0.0018642127630554668,-0.0010652644360316954,0.002663161090079238,0.9653362458605227,-0.0049121583922508705,0.25219476256664025,0.0670790940740702,26.375
6.177,-4.76143391025641,0.2352877564102564,8.54399891025641,0.001331580545039619,-0.0005326322180158477,0.0023968449810713144,0.9654838686524221,-0.005022008472158339,0.2516294953927418,0.06706918704779706,26.375
6.197,-4.766822179487179,0.26222910256410253,8.527834102564102,0.001331580545039619,0.00026631610900792384,0.0018642127630554668,0.9653925595660503,-0.004459027726531532,0.251949368196324,0.06722230933043881,26.375
6.218,-4.782088942307692,0.22810339743589741,8.537712596153845,0.002929477199087162,0.0,0.002929477199087162,0.9653029565235347,-0.004906908054011986,0.25231410167237583,0.06710974949688235,26.375
6.238,-4.782088942307692,0.22810339743589741,8.537712596153845,0.002929477199087162,0.0,0.002929477199087162,0.9653029565235347,-0.004906908054011986,0.25231410167237583,0.06710974949688235,26.375
6.258,-4.775802628205128,0.22451121794871792,8.526936057692307,0.002929477199087162,-0.001331580545039619,0.0021305288720633907,0.9653305732029565,-0.004929386717503195,0.2522073056170301,0.06711229827415267,26.375
6.278,-4.753351506410256,0.23798189102564102,8.532324326923076,0.0031957933080950856,-0.0010652644360316954,0.0023968449810713144,0.9654778584984645,-0.004841917770022331,0.2516348018171961,0.06714899177164033,26.375
6.299,-4.7587397756410255,0.21822490384615384,8.537712596153845,0.0031957933080950856,-0.00026631610900792384,0.002663161090079238,0.9654813479972195,-0.005448163541084048,0.2516488855080653,0.06699942243072173,26.375
6.319,-4.774904583333333,0.23977798076923076,8.524241923076923,0.002663161090079238,-0.0007989483270237714,0.002663161090079238,0.9653429365356404,-0.00514310869897914,0.25216358627565955,0.06708270321219234,26.375
6.339,-4.740778878205128,0.2316955769230769,8.526936057692307,0.0031957933080950856,-0.0005326322180158477,0.0023968449810713144,0.9654922324923484,-0.005115276021327882,0.2515865936543778,0.06710267387782506,26.375
6.359,-4.740778878205128,0.2316955769230769,8.526936057692307,0.0031957933080950856,-0.0005326322180158477,0.0023968449810713144,0.9654922324923484,-0.005115276021327882,0.2515865936543778,0.06710267387782506,26.375
6.380,-4.773108493589743,0.24157407051282048,8.54759108974359,0.003994741635118857,0.001331580545039619,0.0021305288720633907,0.9654846217761022,-0.0050455448695930485,0.2516134732901797,0.0671166719204557,26.375
6.400,-4.773108493589743,0.24157407051282048,8.54759108974359,0.003994741635118857,0.001331580545039619,0.0021305288720633907,0.9654846217761022,-0.0050455448695930485,0.2516134732901797,0.0671166719204557,26.375
6.420,-4.757841730769231,0.21553076923076925,8.521547788461538,0.002663161090079238,0.0,0.0023968449810713144,0.9654060149957728,-0.005948395136788779,0.25195463672405866,0.0668932271498837,26.375
6.441,-4.774006538461538,0.22989948717948716,8.535916506410256,0.0037284255261109335,0.0005326322180158477,0.002663161090079238,0.9653008930413776,-0.005415506441164359,0.2523320659720384,0.06703272831824564,26.375
6.461,-4.769516314102564,0.22989948717948716,8.524241923076923,0.0037284255261109335,0.0007989483270237714,0.0031957933080950856,0.9651538365074546,-0.005146654895057599,0.25288011881069494,0.06710610500261378,26.375
6.481,-4.767720224358974,0.2343897115384615,8.522445833333332,0.002663161090079238,-0.0007989483270237714,0.002929477199087162,0.9653030893929422,-0.0050834144577720205,0.25230131880436696,0.06714275117590404,26.375
6.501,-4.755147596153845,0.21014249999999998,8.526038012820512,0.002929477199087162,-0.0010652644360316954,0.0015978966540475428,0.9653787978040625,-0.005623040880567866,0.2520366913499998,0.06700495783883029,26.375
6.522,-4.7892733012820505,0.2532486538461538,8.532324326923076,0.0037284255261109335,-0.0010652644360316954,0.001331580545039619,0.9652709236340685,-0.005122684623653031,0.2524287185564035,0.06712335016110886,26.375
6.542,-4.770414358974358,0.22361317307692305,8.528732147435898,0.00346210941710301,-0.0005326322180158477,0.0021305288720633907,0.9652880363326711,-0.005721122435998315,0.2523912960853187,0.06696946566504108,26.375
6.563,-4.770414358974358,0.22361317307692305,8.528732147435898,0.00346210941710301,-0.0005326322180158477,0.0021305288720633907,0.9652880363326711,-0.005721122435998315,0.2523912960853187,0.06696946566504108,26.375
6.583,-4.754249551282051,0.2164288141025641,8.526936057692307,0.0023968449810713144,-0.001331580545039619,0.0023968449810713144,0.9654640194731002,-0.0059141440831424474,0.2517196605656789,0.06694372627295561,26.375
6.603,-4.783885032051281,0.24516625,8.53861064102564,0.002929477199087162,-0.0010652644360316954,0.0023968449810713144,0.9653563160667069,-0.005415796139466877,0.25210863841350534,0.06707523104381065,26.375
6.623,-4.7605358653846155,0.2263073076923077,8.526038012820512,0.0031957933080950856,-0.0005326322180158477,0.0023968449810713144,0.9654528707918353,-0.005888720654312776,0.2517581874686614,0.06696187192241365,26.375
6.643,-4.770414358974358,0.24516625,8.531426282051282,0.002929477199087162,0.0005326322180158477,0.0021305288720633907,0.9653637646011491,-0.005314184622844354,0.2520724791760841,0.06711204570651995,26.375
6.663,-4.773108493589743,0.20116205128205128,8.53322237179487,0.0037284255261109335,0.0007989483270237714,0.0023968449810713144,0.9652568611681569,-0.005708089239593354,0.25250079283840576,0.06700715858031081,26.375
6.684,-4.774006538461538,0.2388799358974359,8.543100865384615,0.004261057744126781,-0.00026631610900792384,0.0015978966540475428,0.9652985100412652,-0.005060913072708129,0.25231175829053953,0.0671710525399173,26.375
6.704,-4.791967435897435,0.23079753205128203,8.519751698717949,0.0031957933080950856,-0.0005326322180158477,0.001331580545039619,0.9651537941740714,-0.005145622751119897,0.25287195904177295,0.06713753412416434,26.375
6.724,-4.767720224358974,0.2218170833333333,8.518853653846154,0.002929477199087162,-0.0010652644360316954,0.001331580545039619,0.9652332434160713,-0.005678134281684523,0.2525939035677537,0.06699898861904421,26.375
6.744,-4.76143391025641,0.2263073076923077,8.516159519230769,0.00346210941710301,-0.0015978966540475428,0.0021305288720633907,0.9653631845914928,-0.00533246750651701,0.25207837487280016,0.06709679237602487,26.375
6.765,-4.782088942307692,0.23259362179487178,8.54399891025641,0.00346210941710301,-0.0007989483270237714,0.002663161090079238,0.9652143031502594,-0.005203842285462937,0.25264182743573776,0.06712954677009399,26.375
6.785,-4.782088942307692,0.23259362179487178,8.54399891025641,0.00346210941710301,-0.0007989483270237714,0.002663161090079238,0.9652143031502594,-0.005203842285462937,0.25264182743573776,0.06712954677009399,26.375
6.805,-4.774006538461538,0.24247211538461536,8.548489134615384,0.0031957933080950856,-0.0007989483270237714,0.0015978966540475428,0.9652140937886923,-0.005128347065985706,0.25263799860934927,0.06715277259136053,26.375
6.825,-4.792865480769231,0.24426820512820513,8.54759108974359,0.002929477199087162,-0.0005326322180158477,0.001331580545039619,0.9651074094073139,-0.004623476155548894,0.25302207150917966,0.06727661632800945,26.375
6.846,-4.779394807692308,0.24516625,8.541304775641025,0.002929477199087162,0.00026631610900792384,0.0018642127630554668,0.965255433477551,-0.004601336248633458,0.2524530679832119,0.06729208209481868,26.375
6.866,-4.762331955128205,0.21463272435897432,8.555673493589744,0.002929477199087162,0.00026631610900792384,0.002663161090079238,0.9653542615640517,-0.005062443803935391,0.2520943536765417,0.06718599695817108,26.375
6.886,-4.7605358653846155,0.24247211538461536,8.545795,0.002663161090079238,0.00026631610900792384,0.0023968449810713144,0.9654705132190092,-0.004671788252689714,0.25162533965276235,0.06730193863312595,26.375
6.907,-4.781190897435897,0.19487573717948717,8.520649743589743,0.0031957933080950856,-0.0005326322180158477,0.002929477199087162,0.9653998926482197,-0.005178358579522083,0.25191968289642014,0.06717667189281656,26.375
6.927,-4.782986987179487,0.2263073076923077,8.53322237179487,0.0037284255261109335,-0.0007989483270237714,0.0023968449810713144,0.9652648383746827,-0.005371468616137152,0.2524470751692146,0.06712237600765265,26.375
6.947,-4.739880833333333,0.24337016025641023,8.53322237179487,0.004261057744126781,0.00026631610900792384,0.0021305288720633907,0.965393312995703,-0.005044351002483312,0.25193824420183136,0.06721180591713713,26.375
6.968,-4.774904583333333,0.21553076923076925,8.54759108974359,0.0031957933080950856,0.0010652644360316954,0.002663161090079238,0.9653696451016909,-0.0056349201542762566,0.2520555468250828,0.06706487385956192,26.375
6.988,-4.780292852564102,0.23079753205128203,8.555673493589744,0.0023968449810713144,0.0007989483270237714,0.002929477199087162,0.9652874550133254,-0.0050422076066393585,0.2523386865156412,0.0672301466896356,26.375
7.008,-4.7587397756410255,0.24516625,8.523343878205129,0.0021305288720633907,0.0,0.002663161090079238,0.9653549624002912,-0.004467498897908099,0.2520466229871501,0.06739686835085971,26.375
7.029,-4.769516314102564,0.22451121794871792,8.546693044871795,0.0021305288720633907,-0.0005326322180158477,0.002663161090079238,0.96537962915355,-0.0050748345383853375,0.2519790976691514,0.06725289590495326,26.375
7.049,-4.788375256410256,0.23259362179487178,8.535916506410256,0.0023968449810713144,-0.00026631610900792384,0.0021305288720633907,0.9652340489779766,-0.0051694188438086855,0.2525408632923178,0.06722812038105289,26.375
7.069,-4.749759326923076,0.23349166666666665,8.518853653846154,0.00346210941710301,0.00026631610900792384,0.0021305288720633907,0.9653812359667467,-0.00511043484100308,0.25197230888228117,0.06725257062436067,26.375
7.089,-4.784783076923077,0.2604330128205128,8.54399891025641,0.003994741635118857,0.00026631610900792384,0.002929477199087162,0.9652831337727537,-0.004549773022077093,0.2523191827625248,0.06740030585502912,26.375
7.109,-4.7892733012820505,0.2478603846153846,8.549387179487178,0.0037284255261109335,0.0,0.0023968449810713144,0.9651321312045561,-0.004510613905086282,0.2528954655626922,0.06740554262506986,26.375
7.129,-4.793763525641025,0.2263073076923077,8.530528237179487,0.00346210941710301,0.00026631610900792384,0.002663161090079238,0.9650742760991845,-0.005048411006160606,0.25314250165367264,0.06726833589786833,26.375
7.150,-4.771312403846154,0.22540926282051282,8.51256733974359,0.0031957933080950856,0.0005326322180158477,0.002663161090079238,0.9651555201500687,-0.005559765724513136,0.2528542632763236,0.06714635114380074,26.375
7.170,-4.733594519230769,0.2290014423076923,8.543100865384615,0.0023968449810713144,0.0,0.0021305288720633907,0.9653023213058131,-0.005469792766749896,0.2522852036338533,0.06718397038076036,26.375
7.190,-4.784783076923077,0.21822490384615384,8.537712596153845,0.0021305288720633907,-0.0005326322180158477,0.0021305288720633907,0.9652009107144972,-0.0058880340881182795,0.2526915882132117,0.0670782696315823,26.375
7.211,-4.785681121794871,0.22989948717948716,8.50717907051282,0.002663161090079238,-0.0010652644360316954,0.0018642127630554668,0.9651759925876611,-0.005218790834512317,0.25275579689705074,0.06725009062882861,26.375
7.231,-4.7587397756410255,0.20834641025641026,8.546693044871795,0.00346210941710301,-0.0007989483270237714,0.0018642127630554668,0.9653046495835451,-0.005536512061765926,0.252277888440144,0.06717252065213493,26.375
7.252,-4.765924134615385,0.28108804487179484,8.509873205128205,0.00346210941710301,0.00026631610900792384,0.0023968449810713144,0.965261481736134,-0.00487565927294889,0.2524084787028546,0.06735324566884429,26.375
7.272,-4.757841730769231,0.24696233974358975,8.541304775641025,0.002929477199087162,-0.001331580545039619,0.00346210941710301,0.9654056299527187,-0.005089813799699139,0.25186074395695074,0.06732183230223368,26.375
7.292,-4.747963237179487,0.22720535256410257,8.54759108974359,0.0023968449810713144,-0.0018642127630554668,0.00346210941710301,0.9655553020409698,-0.005160947770804889,0.2512831762683329,0.0673282158027123,26.375
7.313,-4.750657371794872,0.22810339743589741,8.554775448717947,0.002929477199087162,-0.0005326322180158477,0.0031957933080950856,0.9654091547943066,-0.004903124592452878,0.2518314052110329,0.0673948555752601,26.375
7.333,-4.7416769230769225,0.22810339743589741,8.53681455128205,0.0031957933080950856,0.0010652644360316954,0.0021305288720633907,0.9655416727145413,-0.005161738758682451,0.2513330279022332,0.06733753626387048,26.375
7.353,-4.756943685897435,0.22271512820512818,8.54399891025641,0.0031957933080950856,0.0005326322180158477,0.0021305288720633907,0.9655133297623424,-0.0057450811389040315,0.2514696569829998,0.06718642504847314,26.375
7.374,-4.784783076923077,0.23708384615384615,8.50717907051282,0.0031957933080950856,0.0005326322180158477,0.0018642127630554668,0.9653646089582897,-0.005545623745354348,0.2520318639982985,0.06723360289042087,26.375
7.394,-4.774006538461538,0.22361317307692305,8.51077125,0.002663161090079238,-0.00026631610900792384,0.0018642127630554668,0.9652199792104088,-0.005626318025183465,0.2525903442773637,0.0672075461267593,26.375
7.414,-4.795559615384615,0.20385618589743587,8.526936057692307,0.002929477199087162,-0.0010652644360316954,0.0021305288720633907,0.9651300037018078,-0.006075196281589567,0.25295377371320066,0.06709363836415161,26.375
7.434,-4.777598717948718,0.23079753205128203,8.53322237179487,0.00346210941710301,-0.00026631610900792384,0.002663161090079238,0.9651930014304467,-0.0054735885481814244,0.2526826911956939,0.06726044445431947,26.375
7.455,-4.780292852564102,0.24157407051282048,8.529630192307692,0.0037284255261109335,-0.0007989483270237714,0.002663161090079238,0.9651397263862271,-0.004821640742704913,0.25285331683397166,0.06743337821677056,26.375
7.475,-4.766822179487179,0.24696233974358975,8.543100865384615,0.004261057744126781,-0.00026631610900792384,0.0018642127630554668,0.965281206092398,-0.004606681636288068,0.2523010089831265,0.06749201815921518,26.375
7.496,-4.752453461538461,0.2640251923076923,8.550285224358975,0.004261057744126781,-0.0007989483270237714,0.0015978966540475428,0.965393468196188,-0.004163613558626109,0.2518481980180269,0.06760622043379576,26.375
7.516,-4.770414358974358,0.21822490384615384,8.544896955128205,0.0031957933080950856,-0.0010652644360316954,0.0015978966540475428,0.965390811518888,-0.004764064310613966,0.2518902600569989,0.0674476212669123,26.375
7.536,-4.7605358653846155,0.23798189102564102,8.543100865384615,0.002929477199087162,0.0,0.0023968449810713144,0.9655089264761015,-0.0051426889737616055,0.2514526803370384,0.06736182298902132,26.375
7.556,-4.772210448717948,0.2164288141025641,8.545795,0.002929477199087162,0.0007989483270237714,0.0023968449810713144,0.9654263357127695,-0.005630168188088535,0.25179225062319277,0.06723804015954114,26.375
7.577,-4.721919935897436,0.25863692307692304,8.51795560897436,0.002929477199087162,0.0007989483270237714,0.002929477199087162,0.9655006673167766,-0.005071078618750755,0.25147585773663594,0.06739909901567616,26.375
7.597,-4.749759326923076,0.24337016025641023,8.557469583333333,0.00346210941710301,0.0007989483270237714,0.0031957933080950856,0.9656195591756932,-0.004699931197498009,0.2509955028087375,0.06751322206699892,26.375
7.617,-4.776700673076923,0.25145256410256406,8.519751698717949,0.0037284255261109335,0.0018642127630554668,0.00346210941710301,0.9654639846157494,-0.004564095823054622,0.25158492762921847,0.06755359079278488,26.5
7.638,-4.766822179487179,0.22540926282051282,8.503586891025641,0.0021305288720633907,0.0010652644360316954,0.002929477199087162,0.9653461519831962,-0.004923627528113795,0.25205232845083286,0.0674699078531604,26.5
7.658,-4.782088942307692,0.20565227564102562,8.50538298076923,0.0023968449810713144,0.0010652644360316954,0.002663161090079238,0.9652505785071553,-0.005377039898060899,0.25243843808216304,0.06735906109926526,26.5
7.678,-4.764128044871795,0.2191229487179487,8.543100865384615,0.0023968449810713144,0.00026631610900792384,0.002663161090079238,0.9653733307767837,-0.0057284429585442035,0.25198059340943696,0.06728519682097477,26.5
7.698,-4.768618269230769,0.23618580128205127,8.532324326923076,0.002663161090079238,-0.0007989483270237714,0.0023968449810713144,0.9652968649099303,-0.005130386283287459,0.25224340741096285,0.06744557175494247,26.5
7.718,-4.786579166666666,0.2316955769230769,8.562857852564102,0.00346210941710301,-0.00026631610900792384,0.0023968449810713144,0.9652707938738985,-0.005712808651156265,0.2523704826030869,0.06729634330373592,26.5
7.738,-4.762331955128205,0.23708384615384615,8.54220282051282,0.0037284255261109335,-0.00026631610900792384,0.0023968449810713144,0.9653702661051635,-0.005221773912303933,0.25196409768216527,0.06743200928688675,26.5
7.759,-4.767720224358974,0.22989948717948716,8.518853653846154,0.0031957933080950856,-0.0005326322180158477,0.0021305288720633907,0.9652309649271228,-0.005383058084833456,0.25250607473715736,0.06738612062096995,26.5
7.779,-4.774904583333333,0.26222910256410253,8.552979358974358,0.002663161090079238,-0.001331580545039619,0.0021305288720633907,0.9652646073179935,-0.0047359803179406615,0.2523433057674446,0.06756230002024799,26.5
7.800,-4.765924134615385,0.22271512820512818,8.550285224358975,0.0031957933080950856,0.0,0.002929477199087162,0.9654005341729723,-0.004982272519220806,0.2518306513534704,0.06751524729993134,26.5
7.820,-4.770414358974358,0.22989948717948716,8.531426282051282,0.004527373853134705,0.0023968449810713144,0.002929477199087162,0.9654521710665468,-0.005532801191730044,0.25165773306968925,0.06737862331696338,26.5
7.840,-4.755147596153845,0.19936596153846153,8.543100865384615,0.004261057744126781,0.0015978966540475428,0.002929477199087162,0.9654941190452372,-0.006101237060381128,0.25152123595320514,0.06723800160598595,26.5
7.861,-4.766822179487179,0.27031150641025636,8.528732147435898,0.00346210941710301,0.0,0.00346210941710301,0.965638189503848,-0.006222284777120163,0.2509675613938397,0.06722687908799824,26.5
7.881,-4.76143391025641,0.23349166666666665,8.541304775641025,0.002929477199087162,-0.0005326322180158477,0.0031957933080950856,0.9655501541279708,-0.005647716885382743,0.25127695995053556,0.06738614512977721,26.5
7.901,-4.780292852564102,0.23708384615384615,8.54040673076923,0.0021305288720633907,-0.00026631610900792384,0.0018642127630554668,0.9654026216408547,-0.005473917939604556,0.25183516919296867,0.06743042272523637,26.5
7.921,-4.7605358653846155,0.23259362179487178,8.541304775641025,0.0023968449810713144,0.0,0.0023968449810713144,0.9654868650489263,-0.004944108457912691,0.25148226369858495,0.06758210010489586,26.5
7.941,-4.7416769230769225,0.24516625,8.53861064102564,0.002663161090079238,-0.0007989483270237714,0.0031957933080950856,0.9656081761888268,-0.004570152535272226,0.25099117092297385,0.06770078213585516,26.5
7.962,-4.738982788461538,0.22271512820512818,8.532324326923076,0.0023968449810713144,0.0,0.002929477199087162,0.9656204748321628,-0.00517811060006908,0.2509705243995033,0.06755798722697488,26.5
7.982,-4.785681121794871,0.22810339743589741,8.523343878205129,0.002663161090079238,0.0,0.0023968449810713144,0.9654736217384126,-0.0052539745960988316,0.251538304072934,0.06753934455092493,26.5
8.002,-4.795559615384615,0.22451121794871792,8.545795,0.0021305288720633907,-0.0007989483270237714,0.0015978966540475428,0.965335239159658,-0.005424122260687111,0.25207798904603,0.06749179485520239,26.5
8.022,-4.776700673076923,0.24337016025641023,8.557469583333333,0.0018642127630554668,-0.0018642127630554668,0.0007989483270237714,0.965342498979039,-0.004766222934755066,0.2520180860294564,0.06766111954357422,26.5
8.042,-4.782088942307692,0.21463272435897432,8.513465384615385,0.0023968449810713144,-0.0005326322180158477,0.0015978966540475428,0.9652487185752192,-0.0052102144481106115,0.25239996803106923,0.06754273530304611,26.5
8.062,-4.7416769230769225,0.2505545192307692,8.51256733974359,0.002929477199087162,-0.00026631610900792384,0.0031957933080950856,0.9653466931214947,-0.004722174290972988,0.2519953515328837,0.06768903866342703,26.5
8.082,-4.786579166666666,0.22002099358974359,8.569144166666666,0.00346210941710301,-0.0018642127630554668,0.00346210941710301,0.9653430010842314,-0.005314145915920576,0.25203560222635396,0.06754780026968335,26.5
8.103,-4.773108493589743,0.22271512820512818,8.528732147435898,0.0031957933080950856,-0.0023968449810713144,0.0023968449810713144,0.9652468496315345,-0.005722279464203001,0.252423069112879,0.06744159676168736,26.5
8.123,-4.768618269230769,0.2263073076923077,8.553877403846153,0.002929477199087162,-0.0023968449810713144,0.0023968449810713144,0.9653987750436557,-0.0056100391850430744,0.2518324753807515,0.06748434594892778,26.5
8.143,-4.775802628205128,0.20655032051282052,8.54220282051282,0.0031957933080950856,-0.001331580545039619,0.002663161090079238,0.9653460475349646,-0.0061522912287111185,0.25205829180633804,0.06734816517864517,26.5
8.163,-4.76143391025641,0.2406760256410256,8.546693044871795,0.002663161090079238,0.0010652644360316954,0.0021305288720633907,0.9653879766057967,-0.0055261635808034094,0.25186632367301315,0.06751941306383741,26.5
8.183,-4.733594519230769,0.23349166666666665,8.560163717948717,0.002663161090079238,0.00026631610900792384,0.0015978966540475428,0.9655314584309186,-0.0053805343805839005,0.25130654679490955,0.06756531778997653,26.5
8.204,-4.781190897435897,0.23977798076923076,8.537712596153845,0.002663161090079238,0.0,0.0021305288720633907,0.9653829486996935,-0.005203726270157555,0.2518681777280545,0.06760994483609148,26.5
8.224,-4.762331955128205,0.21373467948717947,8.535916506410256,0.0031957933080950856,-0.00026631610900792384,0.0018642127630554668,0.9653944393489845,-0.0058065337060807356,0.2518527539162516,0.06745406574240104,26.5
8.244,-4.772210448717948,0.24606429487179488,8.529630192307692,0.0037284255261109335,-0.00026631610900792384,0.0023968449810713144,0.9653042110793494,-0.005231213861418421,0.2521711861889776,0.06760256896046937,26.5
8.264,-4.788375256410256,0.22002099358974359,8.524241923076923,0.004261057744126781,0.0007989483270237714,0.0031957933080950856,0.9651797090355041,-0.005530907312148788,0.2526614465996152,0.06752578568690597,26.5
8.284,-4.788375256410256,0.20385618589743587,8.51256733974359,0.004261057744126781,0.00026631610900792384,0.002663161090079238,0.9650969148532227,-0.006001373561308309,0.2529999751042656,0.06740134311280643,26.5
8.304,-4.764128044871795,0.23618580128205127,8.555673493589744,0.0031957933080950856,-0.0005326322180158477,0.0021305288720633907,0.9652257420195165,-0.005668920139637921,0.25249010202079214,0.06749724934287482,26.5
8.324,-4.764128044871795,0.22271512820512818,8.545795,0.0031957933080950856,-0.00026631610900792384,0.0015978966540475428,0.9653744998433686,-0.005733213049940147,0.25192237630413206,0.0674857143221375,26.5
8.345,-4.765924134615385,0.2316955769230769,8.532324326923076,0.003994741635118857,-0.0005326322180158477,0.0015978966540475428,0.9652840935641063,-0.005161180253829694,0.2522436815633069,0.0676247443019072,26.5
8.365,-4.774006538461538,0.22361317307692305,8.541304775641025,0.00346210941710301,-0.0005326322180158477,0.0031957933080950856,0.9652905298542118,-0.005757919372277035,0.25224475642369365,0.06748053197055319,26.5
8.385,-4.792865480769231,0.2352877564102564,8.54040673076923,0.002929477199087162,-0.0018642127630554668,0.002663161090079238,0.9653993770968314,-0.005291120801429234,0.2518020477684009,0.06761490576311285,26.5
8.405,-4.772210448717948,0.2263073076923077,8.544896955128205,0.0031957933080950856,-0.0015978966540475428,0.002663161090079238,0.9654506549524252,-0.0058653356164067695,0.25163067339389517,0.0674732161481513,26.5
8.425,-4.777598717948718,0.2343897115384615,8.526038012820512,0.0031957933080950856,0.00026631610900792384,0.0021305288720633907,0.9653080597824629,-0.0055709905103242235,0.2521642021068924,0.06754649479836397,26.5
8.445,-4.752453461538461,0.22540926282051282,8.537712596153845,0.00346210941710301,0.0005326322180158477,0.0021305288720633907,0.9653382265445335,-0.006163719868906074,0.25207606387352316,0.06739269212061673,26.5
8.465,-4.765026089743589,0.2343897115384615,8.54040673076923,0.00346210941710301,-0.00026631610900792384,0.0018642127630554668,0.9652018883874957,-0.005823125492383765,0.25258315673980036,0.0674770686535045,26.5
8.486,-4.777598717948718,0.2316955769230769,8.562857852564102,0.00346210941710301,0.00026631610900792384,0.0023968449810713144,0.9653240529243704,-0.005470407380083804,0.25209607860651195,0.06758043089521248,26.5
8.506,-4.801845929487179,0.24337016025641023,8.546693044871795,0.004261057744126781,0.0015978966540475428,0.002663161090079238,0.9651755105388775,-0.005191181631163809,0.25265043183590924,0.06765386007034832,26.5
8.526,-4.770414358974358,0.19936596153846153,8.54040673076923,0.0037284255261109335,0.0010652644360316954,0.00346210941710301,0.9652343029641389,-0.005750618400402626,0.2524463235086143,0.06753165566110386,26.5
8.546,-4.772210448717948,0.23977798076923076,8.528732147435898,0.0023968449810713144,-0.001331580545039619,0.0037284255261109335,0.9652101020661502,-0.005086550147022265,0.2525021737559678,0.06772176995298432,26.5
8.566,-4.765026089743589,0.22810339743589741,8.528732147435898,0.0023968449810713144,-0.0007989483270237714,0.0023968449810713144,0.9653036643189068,-0.005568549582609982,0.25216503114865135,0.06760639003701567,26.5
8.586,-4.756943685897435,0.23349166666666665,8.50897516025641,0.00346210941710301,0.001331580545039619,0.0021305288720633907,0.9652118048124276,-0.004983129275783499,0.2524877470508418,0.06775896887163535,26.5
8.607,-4.773108493589743,0.2191229487179487,8.534120416666667,0.003994741635118857,0.0005326322180158477,0.002929477199087162,0.9652375894942191,-0.0055785745399225565,0.2524153348325056,0.06761489536253182,26.5
8.627,-4.7910693910256406,0.22810339743589741,8.534120416666667,0.002663161090079238,0.0,0.002929477199087162,0.9650875526149402,-0.005605628414794298,0.2529881211162517,0.0676136324408713,26.5
8.647,-4.770414358974358,0.20385618589743587,8.515261474358974,0.0031957933080950856,-0.00026631610900792384,0.002929477199087162,0.965137798759887,-0.006178562889423952,0.25281973427760074,0.06747619376746485,26.5
8.667,-4.7452691025641025,0.25953496794871794,8.535018461538462,0.0031957933080950856,-0.0007989483270237714,0.002929477199087162,0.9652233735776787,-0.005636305377207706,0.25246381445754007,0.06763204529340168,26.5
8.687,-4.791967435897435,0.24606429487179488,8.53861064102564,0.0031957933080950856,0.00026631610900792384,0.002929477199087162,0.9651145319597642,-0.005122349400011825,0.2528531691548097,0.06777150275063,26.5
8.707,-4.777598717948718,0.23977798076923076,8.525139967948718,0.0031957933080950856,0.0005326322180158477,0.0018642127630554668,0.9651278676452903,-0.004457457798640186,0.2527677557213686,0.0679469780932961,26.5
8.728,-4.76143391025641,0.21822490384615384,8.557469583333333,0.00346210941710301,0.0,0.0015978966540475428,0.9652404645488283,-0.004865848575496316,0.2523578819239693,0.06784296976143264,26.5
8.748,-4.765924134615385,0.23079753205128203,8.529630192307692,0.002929477199087162,-0.0010652644360316954,0.0018642127630554668,0.9652920242619856,-0.005445760837311717,0.25218825755051166,0.06769589602581341,26.5
8.768,-4.782088942307692,0.22002099358974359,8.528732147435898,0.0018642127630554668,-0.0015978966540475428,0.0023968449810713144,0.9651808630305485,-0.005807821927055879,0.25262887558232106,0.06760785506197774,26.5
8.788,-4.752453461538461,0.2541466987179487,8.548489134615384,0.0018642127630554668,-0.0015978966540475428,0.0021305288720633907,0.9652829479123322,-0.005330976420964301,0.252211794134297,0.06774674943963062,26.5
8.808,-4.774006538461538,0.2316955769230769,8.555673493589744,0.0023968449810713144,0.0,0.001331580545039619,0.9654274789726773,-0.005492239721986231,0.2516639601550519,0.06771166300109231,26.5
8.828,-4.782088942307692,0.2352877564102564,8.53322237179487,0.002663161090079238,0.001331580545039619,0.0018642127630554668,0.9652741255565335,-0.005364028989977803,0.252246292685244,0.06774140204199158,26.5
8.848,-4.755147596153845,0.2290014423076923,8.530528237179487,0.0037284255261109335,0.0010652644360316954,0.0023968449810713144,0.9654170138021338,-0.005477926497759823,0.2517017051557444,0.06772173509550942,26.5
8.869,-4.770414358974358,0.23798189102564102,8.552081314102564,0.0031957933080950856,0.0,0.002929477199087162,0.9653376892528296,-0.004874793109747609,0.25197412885575887,0.06788534810639127,26.5
8.889,-4.7605358653846155,0.22720535256410257,8.535018461538462,0.002929477199087162,-0.0015978966540475428,0.0023968449810713144,0.9653798735499617,-0.005464216324570725,0.25183943044432205,0.06774026393584368,26.5
8.909,-4.770414358974358,0.22810339743589741,8.535018461538462,0.0031957933080950856,-0.001331580545039619,0.0021305288720633907,0.9652420437178459,-0.005618510226892774,0.2523756210809574,0.06769619831443482,26.5
8.930,-4.756943685897435,0.24875842948717947,8.55118326923077,0.003994741635118857,0.0005326322180158477,0.002663161090079238,0.9653417063403364,-0.005135091502463176,0.25196814530494904,0.06783122132744605,26.5
8.950,-4.787477211538461,0.2218170833333333,8.537712596153845,0.0031957933080950856,0.0007989483270237714,0.002663161090079238,0.9651938628101796,-0.005233192524743144,0.25253853356841166,0.06780641527672358,26.5
8.971,-4.76323,0.21373467948717947,8.531426282051282,0.002663161090079238,0.0,0.0021305288720633907,0.9653422801990581,-0.005233911478522755,0.25196711071838135,0.06781934345707907,26.5
8.991,-4.762331955128205,0.2263073076923077,8.554775448717947,0.0031957933080950856,0.0005326322180158477,0.0023968449810713144,0.9651934395612158,-0.005300897035134441,0.2525404108244693,0.06780018893204427,26.5
9.011,-4.765026089743589,0.2191229487179487,8.518853653846154,0.0021305288720633907,-0.0005326322180158477,0.0018642127630554668,0.9650970674100937,-0.004762883622594791,0.252881098752954,0.06794199959916918,26.5
9.031,-4.782986987179487,0.25235060897435896,8.53322237179487,0.0021305288720633907,0.0005326322180158477,0.0018642127630554668,0.9652402229123498,-0.004625846388847376,0.2523233625256091,0.0679914284382544,26.5
9.051,-4.765026089743589,0.24157407051282048,8.543100865384615,0.002929477199087162,0.0010652644360316954,0.0018642127630554668,0.9651339373040074,-0.0050320427214840535,0.2527512153171484,0.06788213878346827,26.5
9.071,-4.750657371794872,0.23079753205128203,8.546693044871795,0.00346210941710301,0.0007989483270237714,0.0021305288720633907,0.9652787955108203,-0.005127040283378954,0.25219971805671765,0.06786650578322762,26.5
9.091,-4.765924134615385,0.22002099358974359,8.54040673076923,0.002663161090079238,-0.0005326322180158477,0.002929477199087162,0.965337858459181,-0.005693369035196811,0.2519969043873707,0.06773451670790662,26.5
9.112,-4.791967435897435,0.19487573717948717,8.523343878205129,0.0021305288720633907,-0.00026631610900792384,0.002929477199087162,0.9652413426197642,-0.006133784709520739,0.25238385833335236,0.06763072700705246,26.5
9.132,-4.751555416666666,0.2505545192307692,8.544896955128205,0.0023968449810713144,-0.0007989483270237714,0.0015978966540475428,0.9653242078306981,-0.00559196042891575,0.2520397288036605,0.0677781591604115,26.5
9.152,-4.76143391025641,0.22720535256410257,8.541304775641025,0.0031957933080950856,-0.002663161090079238,0.0021305288720633907,0.9654787304726716,-0.005637928124372817,0.2514466955601444,0.06777605818596144,26.5
9.172,-4.790171346153846,0.273005641025641,8.54220282051282,0.00346210941710301,-0.0005326322180158477,0.002663161090079238,0.9653761547186299,-0.0051069134595205,0.25181389975348145,0.06791582456639074,26.5
9.192,-4.792865480769231,0.22989948717948716,8.54220282051282,0.002929477199087162,0.0015978966540475428,0.002929477199087162,0.9652330639604446,-0.005291761283573415,0.2523696484618265,0.06787260150682355,26.5
9.212,-4.76323,0.24965647435897434,8.53322237179487,0.0037284255261109335,0.0010652644360316954,0.0031957933080950856,0.965283535732164,-0.004669991769477044,0.25214160059824353,0.06804777784058041,26.5
9.232,-4.776700673076923,0.21732685897435897,8.498198621794872,0.0037284255261109335,0.0010652644360316954,0.002929477199087162,0.965185576881203,-0.005101217297169547,0.2525375143083603,0.06793808673742055,26.5
9.253,-4.765026089743589,0.2550447435897436,8.54759108974359,0.0037284255261109335,0.0005326322180158477,0.0021305288720633907,0.9652822356611818,-0.004608719261390531,0.25214111561752206,0.06807218990800758,26.5
9.273,-4.765924134615385,0.2352877564102564,8.53861064102564,0.003994741635118857,0.0007989483270237714,0.0021305288720633907,0.9653219780540182,-0.005187054002245891,0.2520180307828375,0.06792264215264383,26.5
9.293,-4.790171346153846,0.25145256410256406,8.526936057692307,0.0037284255261109335,0.0010652644360316954,0.002929477199087162,0.9651761154458878,-0.00489797126633169,0.25256138276610274,0.06799870576367446,26.5
9.314,-4.79466157051282,0.20385618589743587,8.539508685897436,0.0037284255261109335,0.0005326322180158477,0.0031957933080950856,0.9651370303706314,-0.005464208726573736,0.252736688141204,0.06785883507522966,26.5
9.334,-4.767720224358974,0.2290014423076923,8.525139967948718,0.00346210941710301,-0.0005326322180158477,0.002929477199087162,0.9652813466554652,-0.005623493611651892,0.25218839053109376,0.06783298460150558,26.5
9.354,-4.777598717948718,0.22451121794871792,8.531426282051282,0.0031957933080950856,0.0,0.002663161090079238,0.9651464942643386,-0.005844814569516371,0.2527140761696879,0.06777668078038487,26.5
9.375,-4.765924134615385,0.24516625,8.556571538461538,0.003994741635118857,0.0,0.002663161090079238,0.9652529909082564,-0.005384703490207539,0.2522825041179116,0.06790586592470545,26.5
9.395,-4.764128044871795,0.24157407051282048,8.550285224358975,0.004527373853134705,-0.0005326322180158477,0.0031957933080950856,0.9653746022040928,-0.004995821191190572,0.2517941714526769,0.06801922090391384,26.5
9.415,-4.755147596153845,0.24426820512820513,8.55118326923077,0.002663161090079238,-0.0005326322180158477,0.0037284255261109335,0.9655116343959077,-0.0047532767994792596,0.25124846172447673,0.06810947574966977,26.5
9.436,-4.770414358974358,0.2316955769230769,8.541304775641025,0.0018642127630554668,-0.0005326322180158477,0.002929477199087162,0.9653968501083149,-0.005108703446613911,0.25170418748053963,0.06802811885389567,26.5
9.456,-4.777598717948718,0.20655032051282052,8.537712596153845,0.0023968449810713144,-0.0010652644360316954,0.002663161090079238,0.9653389680320175,-0.005649387722316958,0.2519501536264645,0.06789610669871586,26.5
9.476,-4.79645766025641,0.2263073076923077,8.561061762820513,0.002663161090079238,-0.00026631610900792384,0.002929477199087162,0.9651927711090413,-0.00573856208416896,0.2525122748281714,0.06787882265595141,26.5
9.497,-4.792865480769231,0.22989948717948716,8.541304775641025,0.002663161090079238,-0.00026631610900792384,0.002663161090079238,0.9650423728673835,-0.00561343816935227,0.2530795844142332,0.06791488669745378,26.5
9.517,-4.780292852564102,0.25953496794871794,8.550285224358975,0.0023968449810713144,-0.0015978966540475428,0.0018642127630554668,0.9651053756850971,-0.005015683323673004,0.25280770104495165,0.06807880020160965,26.5
9.537,-4.8027439743589735,0.2218170833333333,8.532324326923076,0.0031957933080950856,-0.0010652644360316954,0.0021305288720633907,0.9650437594747738,-0.005541193193357386,0.25306889256384824,0.0679409529907876,26.5
9.558,-4.801845929487179,0.19936596153846153,8.504484935897436,0.0037284255261109335,-0.0007989483270237714,0.0018642127630554668,0.9651505680137843,-0.005065599701177042,0.2526369586648288,0.06806825896791158,26.5
9.578,-4.730900384615384,0.2218170833333333,8.529630192307692,0.00346210941710301,-0.0023968449810713144,0.0015978966540475428,0.9652999120684677,-0.005242488324734155,0.25207394348178774,0.06802443012855142,26.5
9.598,-4.740778878205128,0.21463272435897432,8.543100865384615,0.003994741635118857,-0.0015978966540475428,0.0018642127630554668,0.9654277159271145,-0.005553124349591378,0.251597783887942,0.06794882833713418,26.5
9.619,-4.771312403846154,0.2505545192307692,8.539508685897436,0.0031957933080950856,-0.0005326322180158477,0.002929477199087162,0.9652545919122864,-0.004388266179989911,0.25219927646459656,0.06826302705647558,26.5
9.639,-4.771312403846154,0.2505545192307692,8.539508685897436,0.0031957933080950856,-0.0005326322180158477,0.002929477199087162,0.9652545919122864,-0.004388266179989911,0.25219927646459656,0.06826302705647558,26.5
9.659,-4.780292852564102,0.25953496794871794,8.53861064102564,0.00346210941710301,-0.001331580545039619,0.0031957933080950856,0.9651148017147707,-0.004096183566758665,0.25271666108630647,0.06834420239226663,26.5
9.680,-4.7452691025641025,0.25863692307692304,8.51436342948718,0.002929477199087162,-0.0010652644360316954,0.002663161090079238,0.9652640682058826,-0.004057751773486928,0.25213980656441637,0.06836908092722047,26.5
9.700,-4.755147596153845,0.23079753205128203,8.543100865384615,0.003994741635118857,0.001331580545039619,0.0021305288720633907,0.9653834146172606,-0.005079219422219514,0.2517344524341981,0.06810895513538473,26.5
9.720,-4.773108493589743,0.19667182692307691,8.548489134615384,0.004261057744126781,0.0018642127630554668,0.002663161090079238,0.9653688470967959,-0.005669752861604549,0.25181827645070026,0.06795880077583903,26.5
9.740,-4.76143391025641,0.2388799358974359,8.520649743589743,0.0037284255261109335,0.0015978966540475428,0.002663161090079238,0.9652596297276946,-0.005149423963854243,0.25221074948783506,0.0680960240658649,26.5
9.760,-4.795559615384615,0.2406760256410256,8.526038012820512,0.002929477199087162,0.0005326322180158477,0.002929477199087162,0.9651088443391664,-0.0051177087857339175,0.25278373010235045,0.06811103750968055,26.5
9.781,-4.795559615384615,0.2406760256410256,8.526038012820512,0.002929477199087162,0.0005326322180158477,0.002929477199087162,0.9651088443391664,-0.0051177087857339175,0.25278373010235045,0.06811103750968055,26.5
9.801,-4.766822179487179,0.23349166666666665,8.515261474358974,0.002929477199087162,-0.002929477199087162,0.001331580545039619,0.9651039729892598,-0.005130926507651793,0.2528015775980888,0.06811282755426391,26.5
9.821,-4.766822179487179,0.23349166666666665,8.515261474358974,0.002929477199087162,-0.002929477199087162,0.001331580545039619,0.9651039729892598,-0.005130926507651793,0.2528015775980888,0.06811282755426391,26.5
9.842,-4.742574967948718,0.23079753205128203,8.53861064102564,0.00346210941710301,0.0,0.002663161090079238,0.9653064112854455,-0.004800224031276932,0.2520068561601112,0.06821315583346786,26.5
9.862,-4.737186698717949,0.22810339743589741,8.53861064102564,0.003994741635118857,0.0021305288720633907,0.00346210941710301,0.9654341314024834,-0.005061048861259479,0.2515254949941755,0.06816339982345024,26.5
9.882,-4.756045641025641,0.21822490384615384,8.530528237179487,0.004527373853134705,0.0015978966540475428,0.0031957933080950856,0.9654075503405645,-0.005636690356492065,0.251654407772482,0.06801873650647261,26.5
9.903,-4.778496762820512,0.2074483653846154,8.539508685897436,0.003994741635118857,0.0,0.0023968449810713144,0.9653201733394253,-0.006092774681159854,0.25201149767580266,0.06789732012256004,26.5
9.923,-4.744371057692307,0.24337016025641023,8.516159519230769,0.004261057744126781,0.001331580545039619,0.0023968449810713144,0.9653556584629055,-0.005442278449782042,0.2518440757264195,0.06806905170803318,26.5
9.943,-4.784783076923077,0.22810339743589741,8.544896955128205,0.004527373853134705,0.0010652644360316954,0.00346210941710301,0.965211672664072,-0.005590013671010053,0.2524020472979694,0.06803223662335316,26.5
9.964,-4.76323,0.2316955769230769,8.517057564102563,0.0037284255261109335,0.0007989483270237714,0.0031957933080950856,0.9652180961563712,-0.004913232086941007,0.25234100012824145,0.0682195474699811,26.5
9.984,-4.775802628205128,0.2263073076923077,8.561061762820513,0.002929477199087162,0.0007989483270237714,0.0023968449810713144,0.9653006039259421,-0.005423221966031218,0.2520477052747511,0.06809762836876881,26.5
10.004,-4.788375256410256,0.22091903846153846,8.535916506410256,0.002663161090079238,0.0010652644360316954,0.002663161090079238,0.965176108472123,-0.005742149770481402,0.2525381012196551,0.0680192236282768,26.5
10.025,-4.76143391025641,0.202958141025641,8.544896955128205,0.0031957933080950856,0.00026631610900792384,0.002929477199087162,0.9652823146000366,-0.006169185392051216,0.2521476875811548,0.0679230293749564,26.5
10.045,-4.768618269230769,0.22720535256410257,8.561061762820513,0.0031957933080950856,-0.0007989483270237714,0.002663161090079238,0.965402447799569,-0.005778033803294811,0.25166548034536723,0.06803832824595336,26.5
10.065,-4.764128044871795,0.22091903846153846,8.552979358974358,0.0031957933080950856,-0.001331580545039619,0.0023968449810713144,0.9654888281220021,-0.006286647172954666,0.25135497508988913,0.06791522168473786,26.5
10.085,-4.776700673076923,0.23798189102564102,8.53681455128205,0.0031957933080950856,-0.0010652644360316954,0.0018642127630554668,0.965369609000747,-0.005846112394624303,0.25179347218696674,0.06802490978785401,26.5
10.105,-4.783885032051281,0.24516625,8.53322237179487,0.0031957933080950856,-0.00026631610900792384,0.0023968449810713144,0.9652625911861499,-0.006232245176366907,0.2522211707608647,0.06792473920951046,26.5
10.125,-4.793763525641025,0.2388799358974359,8.549387179487178,0.0037284255261109335,0.0007989483270237714,0.0031957933080950856,0.9651386135582027,-0.00577797607415677,0.2526728312584154,0.06804786517807264,26.5
10.145,-4.7587397756410255,0.2263073076923077,8.530528237179487,0.003994741635118857,0.001331580545039619,0.002663161090079238,0.9652830334295227,-0.0057213827381422154,0.2521148614835408,0.06807369368410728,26.5
10.165,-3.6981487820512817,-0.08441621794871795,9.10258282051282,0.005060006071150552,-0.011185276578332801,0.006125270507182248,0.9654520497476373,-0.00584352634184521,0.2514631513551154,0.0680769883920575,26.5
10.185,-4.58990733974359,-0.04041201923076923,6.812568397435896,0.0007989483270237714,0.01810949541253882,0.009853696033293181,0.9652790337238637,-0.006172907145754404,0.2521198788764972,0.06807238019780462,26.5
10.206,-5.019172788461538,1.5868452884615385,8.875377467948718,0.007989483270237714,0.02663161090079238,0.005060006071150552,0.9652587416750281,-0.005513299220845005,0.25216345465361806,0.06825508983801497,26.5
10.226,-5.495136570512821,-0.46159506410256407,9.165445961538461,0.002663161090079238,-0.0005326322180158477,0.004527373853134705,0.9652060511370711,-0.0060630279563389025,0.25238453647613956,0.06813636538667664,26.5
10.246,-5.007498205128204,1.0938186538461538,9.046005993589743,-0.001331580545039619,0.013582121559404114,0.002663161090079238,0.9651599981959724,-0.005439870186463203,0.2525222177498026,0.0683309244590349,26.5
10.266,-4.373478525641025,-0.7642361858974358,8.674215416666666,-0.0007989483270237714,-0.024501082028728992,-0.0031957933080950856,0.9653035186399028,-0.0059976240047188495,0.25200631364965276,0.06816130345316003,26.5
10.286,-4.862912980769231,0.503803173076923,8.42455894230769,-0.0018642127630554668,-0.02024002428460221,-0.008522115488253563,0.9652726480101403,-0.005484372326553639,0.2521199649047671,0.06822140397334567,26.5
10.307,-4.931164391025641,-0.22989948717948716,8.849334166666667,0.014114753777419962,0.006391586616190171,-0.00905474770626941,0.9652855564233958,-0.006011305249563297,0.2521363509909579,0.06793319717587609,26.5
10.327,-4.155253621794872,0.629529455128205,8.496402532051281,0.007723167161229791,-0.010120012142301104,-0.00692421883420602,0.9654259999417043,-0.005542714179002287,0.2516020842927562,0.0679581351688758,26.5
10.347,-5.1134675,0.21463272435897432,8.525139967948718,0.00905474770626941,-0.003994741635118857,0.009853696033293181,0.9652823562792979,-0.005498650613219777,0.25214091547083783,0.06800511924001215,26.5
10.367,-4.845850128205128,0.378076891025641,8.340142724358973,-0.0015978966540475428,0.01464738599543581,0.008522115488253563,0.9651131213893424,-0.005127642223275432,0.25274799529529535,0.06818226368756145,26.5
10.388,-4.581824935897436,0.05837291666666666,8.765815993589744,0.00026631610900792384,-0.005858954398174324,0.00905474770626941,0.9652593642989871,-0.005384215899208753,0.25217839084048554,0.06820138594903682,26.5
10.408,-4.783885032051281,0.19307964743589742,8.504484935897436,-0.002929477199087162,-0.009321063815277334,0.0018642127630554668,0.965204894487191,-0.005930374269623364,0.25240585144001054,0.06808544982473094,26.5
10.428,-4.689590320512821,0.2819860897435897,8.531426282051282,0.007723167161229791,0.005060006071150552,-0.001331580545039619,0.9653028624386527,-0.0054545304926264665,0.25202029470841214,0.06816452831153277,26.5
10.448,-4.603378012820513,0.132910641025641,8.559265673076922,0.005060006071150552,0.0018642127630554668,-0.007190534943213943,0.9654405098485991,-0.005712266072699335,0.25152749686795256,0.06801404471823443,26.5
10.469,-4.834175544871795,0.4005280128205128,8.600575737179486,0.005858954398174324,0.0021305288720633907,0.005326322180158476,0.9653778447343667,-0.005035496526825221,0.2517303278785514,0.06820632446419046,26.5
10.489,-5.07844375,0.05747487179487179,8.358103621794871,0.0,0.009853696033293181,0.004261057744126781,0.9652217636672525,-0.005327432136838055,0.2523337495426224,0.06816336443916997,26.5
10.509,-4.633013493589743,0.2819860897435897,8.554775448717947,0.0023968449810713144,0.0031957933080950856,0.005326322180158476,0.9653459767323732,-0.005060174686434251,0.2518331108586188,0.0682760874247624,26.5
10.529,-4.703959038461538,-0.11225560897435896,8.555673493589744,-0.0015978966540475428,-0.009587379924285258,0.003994741635118857,0.9654127618390722,-0.00567773156901982,0.2515952081225367,0.06816020754269018,26.5
10.550,-4.82609314102564,0.4139986858974359,8.549387179487178,0.004527373853134705,0.0,0.006125270507182248,0.9653444470114217,-0.0050267458957024,0.2518171694831247,0.06835893214071989,26.5
10.570,-4.929368301282051,0.24875842948717947,8.441621794871795,0.006125270507182248,0.006391586616190171,0.00692421883420602,0.9651747261500134,-0.00497061059175441,0.25245736281435177,0.06839825284621504,26.5
10.590,-4.729104294871795,0.4993129487179487,8.523343878205129,0.006391586616190171,0.00026631610900792384,0.005060006071150552,0.9651730704654096,-0.004259665542391068,0.2524226511352377,0.0685974087826838,26.5
10.611,-4.729104294871795,0.4993129487179487,8.523343878205129,0.006391586616190171,0.00026631610900792384,0.005060006071150552,0.9651730704654096,-0.004259665542391068,0.2524226511352377,0.0685974087826838,26.5
10.631,-4.730900384615384,0.25145256410256406,8.57902266025641,0.002929477199087162,-0.004527373853134705,-0.004261057744126781,0.9651893523538447,-0.004140651365771637,0.25237536056280774,0.06854959146359449,26.5
10.651,-4.706653173076923,0.07812990384615384,8.491912307692308,-0.00026631610900792384,-0.007723167161229791,-0.0023968449810713144,0.965260768616365,-0.004757692026277887,0.25213999179721913,0.06836985792895667,26.5
10.671,-4.657260705128205,0.00987849358974359,8.67690955128205,0.0,-0.006125270507182248,-0.001331580545039619,0.9653819369959984,-0.005238319053223998,0.25170215653432765,0.06823708765268119,26.5
10.692,-4.576436666666666,0.15985198717948718,8.526038012820512,0.0031957933080950856,-0.002929477199087162,0.0018642127630554668,0.9655115192073291,-0.005590951308974688,0.25122020703567916,0.06815170664309636,26.5
10.712,-4.723716025641026,0.19846791666666666,8.689482179487179,0.004261057744126781,0.00026631610900792384,0.003994741635118857,0.9654644516330554,-0.00490093890862368,0.25136262011355814,0.06834622623338327,26.5
10.733,-4.7587397756410255,0.33586878205128207,8.420068717948716,0.005858954398174324,0.00692421883420602,0.005326322180158476,0.9653371176547967,-0.004357939628728147,0.2518182346981279,0.0685042649302966,26.5
10.753,-4.932062435897436,0.22451121794871792,8.566450032051282,0.0037284255261109335,0.007190534943213943,0.0055926382891664005,0.9651869522405223,-0.003969221715499012,0.25236288543997537,0.06863939507334597,26.5
10.774,-4.772210448717948,0.2909665384615384,8.422762852564102,0.00346210941710301,0.003994741635118857,0.006657902725198095,0.9651774289311934,-0.004565134404270681,0.2524218257135184,0.06851942887310364,26.5
10.794,-4.834175544871795,0.1436871794871795,8.600575737179486,0.0018642127630554668,0.0005326322180158477,0.003994741635118857,0.9651491826378431,-0.003907049266738531,0.25249124869040057,0.06870196179362763,26.5
10.814,-4.642891987179487,0.1239301923076923,8.68229782051282,0.002929477199087162,-0.0021305288720633907,0.0007989483270237714,0.9652901866208776,-0.004201158854244213,0.2519717540909251,0.06861079374307734,26.5
10.835,-4.725512115384615,0.34574727564102564,8.462276826923077,0.003994741635118857,-0.0018642127630554668,0.0,0.9652583146535331,-0.003520867295543251,0.2520591876462976,0.06877612528193748,26.5
10.855,-4.9114074038461535,0.2316955769230769,8.57543048076923,0.005060006071150552,0.004527373853134705,0.002929477199087162,0.9651074444637647,-0.0037242713458998976,0.25264633484142246,0.06872830519341651,26.5
10.875,-4.843155993589743,0.36101403846153846,8.381452788461537,0.002929477199087162,0.005858954398174324,0.0037284255261109335,0.9649568319295634,-0.0033897400482270903,0.2531966067149293,0.06883531450434023,26.5
10.896,-4.894344551282051,0.13111455128205127,8.566450032051282,0.001331580545039619,0.0018642127630554668,0.003994741635118857,0.9648992200036527,-0.003948253089437948,0.25344094557834834,0.0687138533211268,26.5
10.916,-4.79645766025641,0.24696233974358975,8.409292179487178,0.0007989483270237714,-0.0023968449810713144,0.0023968449810713144,0.9647670035524146,-0.004108045362550018,0.25395482253527346,0.06866367985239566,26.5
10.937,-4.76323,0.08980448717948718,8.622128814102563,0.002929477199087162,-0.005326322180158476,0.00026631610900792384,0.9648674782715903,-0.00462290261660847,0.2536035513512086,0.06851727437131966,26.5
10.957,-4.624033044871794,0.3188059294871795,8.53681455128205,0.004527373853134705,-0.004261057744126781,-0.0015978966540475428,0.9650114603667694,-0.0043109630601735815,0.25304681868905665,0.06856824709467561,26.5
10.977,-4.755147596153845,0.08980448717948718,8.593391378205128,0.004793689962142629,-0.0023968449810713144,-0.001331580545039619,0.9650881262127081,-0.004849624546524358,0.2527916257063762,0.06839432547901421,26.5
10.997,-4.670731378205128,0.3789749358974359,8.53681455128205,0.005326322180158476,0.0007989483270237714,0.0010652644360316954,0.9651647878773311,-0.004276140038550746,0.252472011530941,0.06853123566373068,26.5
11.018,-4.8216029166666665,0.12572628205128203,8.520649743589743,0.0031957933080950856,0.0015978966540475428,0.002929477199087162,0.9651198204628084,-0.004843953325417083,0.25267156155858495,0.06839115619408609,26.5
11.038,-4.727308205128205,0.343053141025641,8.562857852564102,0.002663161090079238,0.0015978966540475428,0.0031957933080950856,0.9651811468433833,-0.004260173746449019,0.25240116124796663,0.068562806961351,26.5
11.058,-4.777598717948718,0.11854192307692307,8.524241923076923,0.0021305288720633907,0.0007989483270237714,0.003994741635118857,0.9651834431780573,-0.004868602525585646,0.2524175538435759,0.06842949828855514,26.5
11.078,-4.694080544871794,0.36101403846153846,8.579920705128204,0.003994741635118857,0.0021305288720633907,0.004261057744126781,0.9652591756844157,-0.0043151651739432514,0.2520923949074812,0.06859684786033986,26.5
11.098,-4.8045400641025635,0.1490754487179487,8.499096666666667,0.0037284255261109335,0.0037284255261109335,0.00346210941710301,0.9651934128141869,-0.004852884460709706,0.25236970232291067,0.06846647881963215,26.5
11.119,-4.778496762820512,0.34125705128205125,8.557469583333333,0.003994741635118857,0.004261057744126781,0.004261057744126781,0.9651693284306626,-0.004167903194301865,0.2524205023305177,0.06866357143985315,26.5
11.139,-4.890752371794871,0.17332266025641024,8.418272628205127,0.002929477199087162,0.004527373853134705,0.0037284255261109335,0.9650292477889243,-0.004443573110543779,0.25296698407850293,0.06860401253702833,26.5
11.159,-4.812622467948717,0.265821282051282,8.526038012820512,0.002929477199087162,0.0007989483270237714,0.0021305288720633907,0.9648780944722432,-0.004256863269116714,0.25353381518900314,0.06864944630825077,26.5
11.179,-4.8332775,0.1266243269230769,8.455092467948718,0.001331580545039619,-0.0037284255261109335,0.0005326322180158477,0.9648280306230768,-0.004810070836473696,0.25375517151274296,0.06849852168537628,26.5
11.199,-4.750657371794872,0.2263073076923077,8.584410929487179,0.002663161090079238,-0.006391586616190171,0.0,0.9649923820624564,-0.004928996938875925,0.25313741927481925,0.0684606055588699,26.5
11.219,-4.769516314102564,0.22810339743589741,8.482931858974359,0.0023968449810713144,-0.002929477199087162,0.0010652644360316954,0.9649458797307829,-0.005483300853607943,0.2533439799591764,0.06830966564680906,26.5
11.239,-4.748861282051282,0.2765978205128205,8.597881602564103,0.004261057744126781,-0.0023968449810713144,0.0015978966540475428,0.9650756475205106,-0.005112599504613328,0.25283106400587413,0.0684054746553981,26.5
11.259,-4.769516314102564,0.287374358974359,8.503586891025641,0.002929477199087162,-0.0010652644360316954,0.0018642127630554668,0.9650444689210221,-0.004448321333573293,0.25291548106155437,0.068579478575288,26.5
11.279,-4.781190897435897,0.19487573717948717,8.560163717948717,0.0023968449810713144,-0.001331580545039619,0.001331580545039619,0.965064021592801,-0.0050585705260702924,0.25287252044577696,0.0684202710807454,26.5
11.300,-4.706653173076923,0.28019,8.523343878205129,0.0023968449810713144,-0.0005326322180158477,0.001331580545039619,0.9651908709992589,-0.004721643456765861,0.2523688360190308,0.06851466433661199,26.5
11.320,-4.718327756410257,0.10058102564102564,8.564653942307691,0.002929477199087162,-0.0007989483270237714,0.001331580545039619,0.9652709508809727,-0.005251734962767571,0.2520891549419155,0.06837739850194982,26.5
11.340,-4.673425512820512,0.2954567628205128,8.567348076923077,0.0037284255261109335,-0.00026631610900792384,0.0018642127630554668,0.9654006196520288,-0.004930466966743044,0.25157461874373355,0.06846565032856809,26.5
11.360,-4.7416769230769225,0.10058102564102564,8.565551987179486,0.0031957933080950856,0.002663161090079238,0.003994741635118857,0.9652872182729669,-0.005322169351736271,0.2520250661544585,0.06837855498670596,26.5
11.380,-4.752453461538461,0.3681983974358974,8.531426282051282,0.00346210941710301,0.004261057744126781,0.004261057744126781,0.9651585751761617,-0.004843723900497935,0.252488821475693,0.06851903481889574,26.5
11.400,-4.906917179487179,0.24426820512820513,8.484727948717948,0.0021305288720633907,0.004527373853134705,0.005060006071150552,0.9649952139858098,-0.004863759080776256,0.2531060107200942,0.06854143396110834,26.5
11.421,-4.8386657692307695,0.22451121794871792,8.503586891025641,0.0031957933080950856,0.002929477199087162,0.003994741635118857,0.9648505459855954,-0.005072673076177045,0.25366407953287,0.06849982959031888,26.5
11.441,-4.839563814102564,0.24247211538461536,8.498198621794872,0.0023968449810713144,0.00026631610900792384,0.002663161090079238,0.964699283177292,-0.005099300944270858,0.25423895147138464,0.06849704900088466,26.5
11.461,-4.734492564102564,0.17422070512820512,8.54759108974359,0.0037284255261109335,-0.0015978966540475428,0.0018642127630554668,0.9648294084265046,-0.005431119232036844,0.25376027346888436,0.06841373537708542,26.5
11.481,-4.747065192307692,0.2765978205128205,8.545795,0.004261057744126781,-0.0021305288720633907,0.0010652644360316954,0.9649502843513856,-0.0050101740161169065,0.2532808044949122,0.06851774194264153,26.5
11.502,-4.765924134615385,0.1365028205128205,8.544896955128205,0.004261057744126781,-0.0021305288720633907,0.0021305288720633907,0.9650143972971468,-0.0055617615509947795,0.2530639231872548,0.06837346414179786,26.5
11.522,-4.735390608974359,0.3107235256410256,8.561959807692308,0.003994741635118857,-0.0010652644360316954,0.0018642127630554668,0.9650993542656021,-0.0050091116536165724,0.2527119539285291,0.06851870940250138,26.5
11.542,-4.753351506410256,0.1365028205128205,8.545795,0.004527373853134705,-0.0005326322180158477,0.002663161090079238,0.9651591364157761,-0.0055576742950078995,0.25250985675415116,0.06837927969481712,26.5
11.562,-4.751555416666666,0.3628101282051282,8.537712596153845,0.003994741635118857,0.0010652644360316954,0.0023968449810713144,0.9651646220085507,-0.004880176313399396,0.25245433815042007,0.06855832153192619,26.5
11.583,-4.7147355769230765,0.13201259615384614,8.552979358974358,0.00346210941710301,-0.00026631610900792384,0.002663161090079238,0.965255032181113,-0.005368289377691533,0.2521301375812997,0.06844193189434983,26.5
11.603,-4.7434730128205125,0.3313785576923077,8.544896955128205,0.0031957933080950856,0.0005326322180158477,0.0021305288720633907,0.965276199203762,-0.004709300368649886,0.25201433933665,0.06861817914728467,26.5
11.623,-4.771312403846154,0.13740086538461538,8.528732147435898,0.002929477199087162,0.0007989483270237714,0.0021305288720633907,0.9652771253686058,-0.005314536173125186,0.25204040121901666,0.06846505019893444,26.5
11.643,-4.749759326923076,0.28468022435897433,8.518853653846154,0.0021305288720633907,0.0,0.002663161090079238,0.9652742675015534,-0.0046495134120654175,0.25201372725581056,0.06865167003798708,26.5
11.663,-4.843155993589743,0.10956147435897436,8.525139967948718,0.0021305288720633907,-0.00026631610900792384,0.002663161090079238,0.965214434550522,-0.005193019552335281,0.2522679874881426,0.06851999979515178,26.5
11.683,-4.788375256410256,0.2990489423076923,8.50179080128205,0.002929477199087162,0.0005326322180158477,0.0031957933080950856,0.9651178830638141,-0.004633424632793906,0.2526057929089879,0.0686754436128077,26.5
11.704,-4.779394807692308,0.14099304487179484,8.53322237179487,0.0037284255261109335,-0.0007989483270237714,0.0023968449810713144,0.9651330581115816,-0.005228980411393622,0.25257755779654734,0.06852309976625186,26.5
11.724,-4.7587397756410255,0.30174307692307695,8.519751698717949,0.004261057744126781,-0.0018642127630554668,0.0021305288720633907,0.9651398485647041,-0.0045448754160916545,0.2525169179659615,0.06869951208650675,26.5
11.744,-4.784783076923077,0.2002640064102564,8.54220282051282,0.0037284255261109335,-0.0005326322180158477,0.0023968449810713144,0.9651425469471328,-0.005140466988866992,0.25253672641719743,0.06854663727728631,26.5
11.764,-4.746167147435897,0.29366067307692306,8.521547788461538,0.003994741635118857,-0.0005326322180158477,0.0021305288720633907,0.9651813999550224,-0.004490754455755841,0.25235416609569716,0.06871734249391878,26.5
11.785,-4.797355705128204,0.2388799358974359,8.541304775641025,0.002929477199087162,-0.0010652644360316954,0.0021305288720633907,0.9650726320456476,-0.004859393315218032,0.2527895917101788,0.06861941049072942,26.5
11.805,-4.780292852564102,0.24875842948717947,8.55118326923077,0.002929477199087162,-0.0010652644360316954,0.0021305288720633907,0.96522115822642,-0.004743439970601727,0.2522126136782076,0.06866158307890144,26.5
11.825,-4.764128044871795,0.24606429487179488,8.524241923076923,0.0023968449810713144,-0.00026631610900792384,0.0023968449810713144,0.9651440237632046,-0.005242734037095572,0.25253167922568304,0.06853669178946227,26.5
11.845,-4.753351506410256,0.18499724358974357,8.532324326923076,0.002663161090079238,-0.0015978966540475428,0.0010652644360316954,0.9651541333701302,-0.005851752162380393,0.25252382758602343,0.06837376935994746,26.5
11.865,-4.750657371794872,0.21822490384615384,8.572736346153846,0.0018642127630554668,-0.0021305288720633907,0.0010652644360316954,0.9652701319658585,-0.005430755407965419,0.25205820010064534,0.06848899906069517,26.5
11.885,-4.755147596153845,0.15985198717948718,8.516159519230769,0.0023968449810713144,-0.001331580545039619,0.0021305288720633907,0.9652893201851689,-0.0060400656183936105,0.25201015762677054,0.06834417602627466,26.5
11.905,-4.782088942307692,0.2352877564102564,8.548489134615384,0.0021305288720633907,0.00026631610900792384,0.002663161090079238,0.9651808945604884,-0.0055264758643674165,0.2523973457213812,0.06848998987251886,26.5
11.926,-4.785681121794871,0.18320115384615382,8.50897516025641,0.002663161090079238,0.0007989483270237714,0.0031957933080950856,0.9650777490482221,-0.005935349056084588,0.252810612292685,0.06838497083275705,26.5
11.946,-4.768618269230769,0.3367668269230769,8.53322237179487,0.002929477199087162,-0.0010652644360316954,0.0018642127630554668,0.9651055357658165,-0.0052739039056838265,0.25267190847194854,0.0685594445785059,26.5
11.966,-4.781190897435897,0.1876913782051282,8.523343878205129,0.0031957933080950856,-0.0018642127630554668,0.0021305288720633907,0.9651664039571881,-0.0058342720263599625,0.2524644574783915,0.06842128069843402,26.5
11.986,-4.76143391025641,0.2837821794871795,8.524241923076923,0.0037284255261109335,0.0005326322180158477,0.002663161090079238,0.965163016837445,-0.005153840803666672,0.2524412212520075,0.0686091733444401,26.5
12.006,-4.792865480769231,0.21373467948717947,8.53322237179487,0.0031957933080950856,0.0007989483270237714,0.0031957933080950856,0.9650908259163562,-0.005665284911844886,0.2527408304246081,0.06848120118129139,26.5
12.026,-4.799151794871794,0.22810339743589741,8.541304775641025,0.0031957933080950856,-0.0007989483270237714,0.0023968449810713144,0.964952879621332,-0.005837463259849127,0.2532753544555653,0.0684358017312346,26.5
12.046,-4.801845929487179,0.23798189102564102,8.508077115384616,0.00346210941710301,-0.00026631610900792384,0.002929477199087162,0.9648065172206719,-0.005585281845193162,0.2538196574622281,0.06850379873396968,26.5
12.066,-4.770414358974358,0.2074483653846154,8.53681455128205,0.003994741635118857,0.0,0.002663161090079238,0.9649361427059077,-0.0058950817279025515,0.253339366943258,0.06842991793108415,26.5
12.087,-4.774006538461538,0.2505545192307692,8.525139967948718,0.0037284255261109335,-0.001331580545039619,0.0018642127630554668,0.9650097188715745,-0.005307815500304992,0.25303095528097863,0.06858137682793376,26.5
12.107,-4.752453461538461,0.2092444551282051,8.520649743589743,0.00346210941710301,-0.002929477199087162,0.001331580545039619,0.9651299096083884,-0.005722284974117878,0.25259188421412926,0.06847520035118539,26.5
12.127,-4.747963237179487,0.29366067307692306,8.566450032051282,0.002663161090079238,-0.0031957933080950856,0.001331580545039619,0.9652091496221266,-0.005151457023344072,0.2522605688535912,0.06862481605025014,26.5
12.147,-4.754249551282051,0.1876913782051282,8.516159519230769,0.0037284255261109335,-0.0023968449810713144,0.0018642127630554668,0.9652459962642419,-0.005740069872183462,0.25214880844682575,0.06847040742218288,26.5
12.168,-4.740778878205128,0.29366067307692306,8.57543048076923,0.003994741635118857,-0.0007989483270237714,0.002663161090079238,0.9653212518600373,-0.005161285670441424,0.251829974587018,0.06862875299100545,26.5
12.188,-4.749759326923076,0.17960897435897435,8.54399891025641,0.00346210941710301,0.0007989483270237714,0.00346210941710301,0.9653696722681215,-0.005729792034183041,0.25166786868168073,0.06849707454632722,26.5
12.208,-4.749759326923076,0.2909665384615384,8.549387179487178,0.0031957933080950856,0.001331580545039619,0.002929477199087162,0.965380163073449,-0.005062413881256526,0.25159150887075027,0.06868206006021642,26.5
12.229,-4.79466157051282,0.1814050641025641,8.525139967948718,0.002929477199087162,0.0015978966540475428,0.002929477199087162,0.9653014212927895,-0.005565963414733008,0.25191633317408235,0.06855907803865884,26.5
12.249,-4.756045641025641,0.25863692307692304,8.53861064102564,0.0031957933080950856,0.00026631610900792384,0.0023968449810713144,0.965324751876966,-0.004907611344436032,0.2517919822754113,0.06873744559106763,26.5
12.269,-4.826991185897436,0.1454832692307692,8.499096666666667,0.0021305288720633907,-0.0010652644360316954,0.002663161090079238,0.9652430811176181,-0.005389753724407683,0.25212685902166676,0.0686206373420296,26.5
12.290,-4.786579166666666,0.287374358974359,8.55118326923077,0.0015978966540475428,-0.001331580545039619,0.002929477199087162,0.9651956686198216,-0.004750745964955374,0.2522714591574516,0.06880307104252142,26.5
12.310,-4.800947884615384,0.17601679487179483,8.53681455128205,0.002663161090079238,-0.00026631610900792384,0.002663161090079238,0.9651569166478376,-0.005325206280223673,0.25244673915628724,0.06866157815160999,26.5
12.331,-4.751555416666666,0.29994698717948715,8.523343878205129,0.003994741635118857,-0.0007989483270237714,0.002663161090079238,0.9651749997844872,-0.00465108990804983,0.25234168814862035,0.06884228043860036,26.5
12.351,-4.770414358974358,0.20385618589743587,8.53322237179487,0.00346210941710301,-0.0021305288720633907,0.001331580545039619,0.9651967868351464,-0.005250549749832641,0.2522905809326403,0.06868083563195986,26.5
12.371,-4.76143391025641,0.27839391025641025,8.546693044871795,0.0031957933080950856,-0.0018642127630554668,0.001331580545039619,0.9652371436380617,-0.004606355992227944,0.25210354787909944,0.06884648990819665,26.5
12.392,-4.771312403846154,0.2002640064102564,8.530528237179487,0.002663161090079238,-0.002663161090079238,0.0015978966540475428,0.9652382410161879,-0.005210701491767203,0.25213049836291934,0.06868914372159009,26.5
12.412,-4.672527467948718,0.27839391025641025,8.552081314102564,0.0018642127630554668,-0.00346210941710301,0.0031957933080950856,0.9653768978925904,-0.004917673802145044,0.2515770978041193,0.06879117210886472,26.5
12.432,-4.755147596153845,0.2074483653846154,8.555673493589744,0.0018642127630554668,-0.001331580545039619,0.00346210941710301,0.9653883520586816,-0.004256908450347866,0.2514920122709175,0.06898533325130143,26.5
12.452,-4.773108493589743,0.19936596153846153,8.523343878205129,0.0031957933080950856,0.0,0.002929477199087162,0.965401249297291,-0.004857030115223698,0.25147138732158636,0.06884023875791268,26.5
12.473,-4.738084743589743,0.18320115384615382,8.566450032051282,0.0037284255261109335,0.0,0.0015978966540475428,0.9655379970875823,-0.004607802375733062,0.2509319612678212,0.0689078743805896,26.5
12.493,-4.777598717948718,0.20655032051282052,8.517057564102563,0.00346210941710301,0.0018642127630554668,0.0018642127630554668,0.965435946286578,-0.005032693864981098,0.25134786479890825,0.06879212506698024,26.5
12.513,-4.778496762820512,0.2316955769230769,8.523343878205129,0.0031957933080950856,0.002929477199087162,0.002663161090079238,0.96528108067541,-0.00481948296051969,0.2519307558494497,0.06884839962723244,26.5
12.534,-4.79645766025641,0.21104054487179486,8.504484935897436,0.0031957933080950856,0.002663161090079238,0.0031957933080950856,0.9651514384852926,-0.005126811387118873,0.2524409251175163,0.06877496579849358,26.5
12.554,-4.779394807692308,0.24247211538461536,8.520649743589743,0.0031957933080950856,0.0018642127630554668,0.002929477199087162,0.9650042070221532,-0.004832240201602656,0.2529871303188991,0.06885522331085644,26.5
12.575,-4.769516314102564,0.21193858974358973,8.565551987179486,0.00346210941710301,0.0005326322180158477,0.00346210941710301,0.9651112645521047,-0.005249682794992473,0.25259456716437845,0.06876534377307936,26.5
12.595,-4.779394807692308,0.29366067307692306,8.534120416666667,0.004261057744126781,-0.0007989483270237714,0.002929477199087162,0.9650854022625777,-0.004566116043041711,0.2526570087611552,0.06894746440461577,26.5
12.615,-4.742574967948718,0.2191229487179487,8.535916506410256,0.003994741635118857,-0.0018642127630554668,0.0015978966540475428,0.9652070512456832,-0.004946977872197872,0.25221185408885216,0.06884806673109016,26.5
12.635,-4.751555416666666,0.2676173717948718,8.541304775641025,0.00346210941710301,-0.0015978966540475428,0.0018642127630554668,0.9652959308606441,-0.0044090657454250405,0.25184206784148694,0.06899202032451972,26.5
12.655,-4.756045641025641,0.21822490384615384,8.569144166666666,0.002663161090079238,0.0,0.0018642127630554668,0.9653822100951692,-0.004918987267290662,0.25153588817078537,0.06886718346327879,26.5
12.676,-4.747963237179487,0.21014249999999998,8.508077115384616,0.002663161090079238,-0.0005326322180158477,0.0018642127630554668,0.9653591628730804,-0.00551203077925249,0.2516536561564053,0.06871492935882055,26.625
12.696,-4.790171346153846,0.22810339743589741,8.530528237179487,0.0021305288720633907,-0.0010652644360316954,0.001331580545039619,0.9652177409650526,-0.005633785499734677,0.25220309511932093,0.06867730192354884,26.625
12.716,-4.772210448717948,0.18858942307692309,8.490116217948717,0.0021305288720633907,-0.0005326322180158477,0.0018642127630554668,0.9651530966711793,-0.0061668764214345565,0.2524749627325081,0.06854095720410346,26.625
12.736,-4.771312403846154,0.24157407051282048,8.55118326923077,0.002929477199087162,-0.00026631610900792384,0.0018642127630554668,0.965222696144082,-0.005587506288237515,0.2521796470793383,0.0686975415918828,26.625
12.756,-4.7434730128205125,0.21193858974358973,8.525139967948718,0.00346210941710301,-0.0010652644360316954,0.001331580545039619,0.9653373895487164,-0.005997191010648531,0.2517600005428531,0.06859052533633471,26.625
12.776,-4.768618269230769,0.25953496794871794,8.571838301282051,0.0037284255261109335,-0.0010652644360316954,0.0010652644360316954,0.9653665327215857,-0.005337430388297713,0.2516183768803609,0.06875435807311712,26.625
12.797,-4.736288653846153,0.195773782051282,8.53681455128205,0.00346210941710301,-0.0005326322180158477,0.002663161090079238,0.9654452586057412,-0.005857906779301552,0.2513387374792524,0.068629269311236,26.625
12.817,-4.747963237179487,0.2792919551282051,8.537712596153845,0.002663161090079238,-0.0007989483270237714,0.002929477199087162,0.9654344071786244,-0.005185578591667042,0.251344005584531,0.06881646654000041,26.625
12.837,-4.770414358974358,0.19487573717948717,8.529630192307692,0.0023968449810713144,-0.0005326322180158477,0.002663161090079238,0.965380664231218,-0.005737322739668466,0.2515750810467321,0.06868212906283118,26.625
12.857,-4.747065192307692,0.28108804487179484,8.567348076923077,0.0037284255261109335,0.0007989483270237714,0.0018642127630554668,0.9654255636667035,-0.005105651049274606,0.25137124920993054,0.06884699279438447,26.625
12.877,-4.7892733012820505,0.2406760256410256,8.534120416666667,0.003994741635118857,0.0015978966540475428,0.002663161090079238,0.9652723931613955,-0.005125044921565778,0.2519607062775084,0.06883853141347145,26.625
12.897,-4.779394807692308,0.2739036858974359,8.535916506410256,0.0031957933080950856,0.00026631610900792384,0.002663161090079238,0.9651859110189863,-0.004538219957805675,0.2522602431107012,0.06899515545162598,26.625
12.917,-4.812622467948717,0.21014249999999998,8.516159519230769,0.0023968449810713144,-0.001331580545039619,0.0023968449810713144,0.9650861722872575,-0.004949740233014367,0.25266209200300127,0.06889156259095018,26.625
12.938,-4.777598717948718,0.24606429487179488,8.55118326923077,0.0018642127630554668,-0.0015978966540475428,0.0023968449810713144,0.9652383845413586,-0.004980924934575377,0.2520762142105646,0.06890307412629866,26.625
12.958,-4.771312403846154,0.1939776923076923,8.51795560897436,0.0015978966540475428,-0.0021305288720633907,0.0015978966540475428,0.9652184149931736,-0.005582761570938817,0.25218161123198246,0.06875084790567491,26.625
12.978,-4.791967435897435,0.2478603846153846,8.530528237179487,0.002663161090079238,-0.0023968449810713144,0.0018642127630554668,0.9650843658068295,-0.0052770672330876445,0.2526800008359645,0.06882685968562242,26.625
12.999,-4.75963782051282,0.22540926282051282,8.568246121794871,0.002929477199087162,-0.0015978966540475428,0.0015978966540475428,0.965231428743872,-0.005456583585810651,0.25212482918526535,0.06878651880227334,26.625
13.019,-4.767720224358974,0.2505545192307692,8.525139967948718,0.0031957933080950856,0.0,0.002663161090079238,0.9652038560700194,-0.0060404555001878435,0.25225677261103563,0.0686407298677685,26.625
13.039,-4.7300023397435895,0.2316955769230769,8.550285224358975,0.003994741635118857,0.00026631610900792384,0.002929477199087162,0.9652886398019486,-0.005498486464475327,0.25190314258588115,0.06879255244037255,26.625
13.059,-4.72641016025641,0.22540926282051282,8.526038012820512,0.003994741635118857,-0.0007989483270237714,0.0037284255261109335,0.9653070887815759,-0.00609488559560662,0.2518561282703204,0.06865542491529224,26.625
13.079,-4.742574967948718,0.2406760256410256,8.563755897435897,0.0023968449810713144,-0.0007989483270237714,0.002929477199087162,0.9654280492346041,-0.005718805855350639,0.2513692760956828,0.06877109891362954,26.625
13.099,-4.777598717948718,0.20834641025641026,8.537712596153845,0.0021305288720633907,-0.0010652644360316954,0.0023968449810713144,0.9655735202174578,-0.005852476469358247,0.25081283422955125,0.06874916552062171,26.625
13.120,-4.755147596153845,0.2478603846153846,8.570940256410257,0.0031957933080950856,0.0005326322180158477,0.0018642127630554668,0.9654807312232233,-0.005277847446291696,0.2511439553007849,0.06888988081627945,26.625
13.140,-4.23607766025641,0.03232961538461538,7.509451217948718,0.0037284255261109335,0.0015978966540475428,0.001331580545039619,0.965469179128075,-0.005835800636494999,0.25121281172007764,0.06875558749938127,26.625
13.160,-3.8786558012820507,0.44543025641025635,2.040357948717949,0.01810949541253882,-0.035952674716069714,0.013049489341388268,0.9653280897565973,-0.0055098271032062735,0.2517019469159839,0.0689742767332481,26.625
13.180,-6.799097724358973,0.04310615384615384,10.103004807692306,0.011451592687340724,0.05193164125654515,0.030626352535911238,0.9648883197802426,-0.0057725629494925395,0.25333575361348953,0.06912455287189917,26.625
13.200,-4.698570769230769,0.6385099038461538,9.33697253205128,-0.00692421883420602,0.06844324001503642,0.005326322180158476,0.9650411109528175,-0.005264939244972746,0.25272814239612273,0.06925619558352551,26.625
13.220,-4.6824059615384614,0.4166928205128205,5.750181314102564,0.016511598758491276,-0.05060006071150552,0.010918960469324876,0.9649191097943647,-0.005072733494630308,0.25317726313106576,0.06933002496758972,26.625
13.241,-5.5526114423076915,-0.2002640064102564,10.39846157051282,-0.005326322180158476,0.02663161090079238,-0.006391586616190171,0.9649949012042358,-0.005742716171034068,0.25295936566621124,0.0690175425711039,26.625
13.261,-3.64247,0.24606429487179488,8.33744858974359,0.002929477199087162,-0.032490565298966705,-0.02024002428460221,0.9653040009567315,-0.0055819837682135765,0.2518145340045048,0.06889461269382424,26.625
13.281,-5.322711955128204,-0.13919695512820512,9.058578621794872,0.004261057744126781,-0.0503337446024976,-0.006657902725198095,0.9652881029058947,-0.006133789428460225,0.25191358193084107,0.06870809453302945,26.625
13.301,-4.5638640384615385,0.056576826923076924,9.477965576923076,0.011717908796348648,-0.002663161090079238,-0.0037284255261109335,0.9654713422316903,-0.005467465082288325,0.2512096438188143,0.06876706339038272,26.625
13.321,-4.5638640384615385,0.056576826923076924,9.477965576923076,0.011717908796348648,-0.002663161090079238,-0.0037284255261109335,0.9654713422316903,-0.005467465082288325,0.2512096438188143,0.06876706339038272,26.625
13.341,-5.285892115384615,0.4283674038461538,7.892916378205128,0.006391586616190171,0.01731054708551505,0.01038632825130903,0.9652721624708492,-0.0052846170498022215,0.25194948710306253,0.06887075671132913,26.625
13.362,-4.632115448717948,0.3628101282051282,8.64188580128205,0.0037284255261109335,0.007456851052221867,0.0031957933080950856,0.9653648613143958,-0.00486077185318099,0.2515677805329506,0.06899789296894401,26.625
13.382,-4.486632179487179,0.16344416666666667,8.854722435897436,-0.002929477199087162,-0.021038972611625982,0.004793689962142629,0.9655628453179904,-0.00495287929070061,0.25079430843063655,0.06903676981838758,26.625
13.402,-4.79825375,0.4139986858974359,8.214416442307693,0.0015978966540475428,0.0021305288720633907,0.003994741635118857,0.965425276588499,-0.004577671786445673,0.2512977819152185,0.06915565811650587,26.625
13.423,-4.86650516025641,0.09609080128205127,8.819698685897436,0.0023968449810713144,0.010652644360316953,-0.0010652644360316954,0.9654506479425118,-0.0051768304536405525,0.25123629906390166,0.06898238069617611,26.625
13.443,-4.822500961538461,0.07902794871794872,8.84843612179487,0.006657902725198095,0.0,-0.0007989483270237714,0.9656922719231207,-0.005702242839890579,0.2503486518107402,0.06878570281025977,26.625
13.463,-4.966188141025641,0.33407269230769226,8.119223685897435,0.003994741635118857,0.009321063815277334,0.00346210941710301,0.9655187243327374,-0.005547124018121174,0.25100819122184886,0.06883102728818448,26.625
13.483,-4.596193653846154,0.0987849358974359,8.83316935897436,0.0007989483270237714,-0.0021305288720633907,0.008522115488253563,0.9656599727724878,-0.005747645647567179,0.25045219963468424,0.06885838549295481,26.625
13.504,-4.668935288461538,0.19487573717948717,8.386841057692306,-0.0031957933080950856,-0.004527373853134705,0.013049489341388268,0.9655895972828317,-0.006281853770505989,0.25071302338185186,0.06884945779827126,26.625
13.524,-4.920387852564102,0.24337016025641023,8.624822948717949,0.002929477199087162,0.009853696033293181,0.010652644360316953,0.9654086565060496,-0.006170193155708251,0.25138300388819657,0.06895389775605569,26.625
13.544,-4.907815224358974,0.3951397435897436,8.29164830128205,0.005326322180158476,0.00905474770626941,0.007456851052221867,0.9652454056995272,-0.005803864701875506,0.2519821259223029,0.06908422501667315,26.625
13.564,-4.876383653846154,0.35831990384615386,8.632905352564102,0.006391586616190171,-0.0015978966540475428,0.00026631610900792384,0.9651712687871834,-0.005177050553157234,0.25224404518093596,0.0692138839111533,26.625
13.585,-4.941042884615384,0.42028499999999996,8.32846814102564,0.005060006071150552,-0.0007989483270237714,-0.003994741635118857,0.965041085290669,-0.004826523302293859,0.2527422650346424,0.06923695428727836,26.625
13.605,-4.7892733012820505,0.20565227564102562,8.65266233974359,0.0007989483270237714,-0.008522115488253563,-0.003994741635118857,0.9651613465063666,-0.005337690992371639,0.25231886691533106,0.06906716776769352,26.625
13.625,-4.7892733012820505,0.20565227564102562,8.65266233974359,0.0007989483270237714,-0.008522115488253563,-0.003994741635118857,0.9651613465063666,-0.005337690992371639,0.25231886691533106,0.06906716776769352,26.625
13.646,-4.737186698717949,-0.0008980448717948717,8.663438878205127,0.001331580545039619,-0.005326322180158476,-0.002929477199087162,0.9653458571597805,-0.006491684305511101,0.2516827827641439,0.06870961329699814,26.625
13.666,-4.464181057692308,0.09339666666666667,8.632007307692307,0.005060006071150552,-0.004793689962142629,-0.00026631610900792384,0.9654818390470238,-0.006827674284817962,0.25118188182108764,0.06859929721983055,26.625
13.686,-4.464181057692308,0.09339666666666667,8.632007307692307,0.005060006071150552,-0.004793689962142629,-0.00026631610900792384,0.9654818390470238,-0.006827674284817962,0.25118188182108764,0.06859929721983055,26.625
13.706,-4.805438108974358,0.29366067307692306,8.482033814102564,0.0055926382891664005,0.011984224905356573,0.009853696033293181,0.9652542626169198,-0.006542733392491776,0.25201748423977005,0.0687647349815184,26.625
13.727,-4.877281698717948,0.3753827564102564,8.476645544871795,0.004261057744126781,0.00692421883420602,0.009321063815277334,0.9651192128995598,-0.006029654196935948,0.2524946111693383,0.06895664937367767,26.625
13.747,-4.860218846153846,0.038615929487179484,8.580818749999999,0.00346210941710301,-0.00026631610900792384,0.004261057744126781,0.9650923279254248,-0.006608075125448541,0.2526187546780666,0.06882511683625275,26.625
13.768,-4.657260705128205,0.40501823717948715,8.4757475,0.001331580545039619,-0.0023968449810713144,-0.0005326322180158477,0.9651434118140018,-0.0059971885463514065,0.2523978429075647,0.06897504807664914,26.625
13.788,-4.705755128205128,-0.026043301282051283,8.64547798076923,0.0018642127630554668,-0.0037284255261109335,0.0,0.9652352625606162,-0.006528889449364153,0.25207273234997907,0.0688302195093996,26.625
13.808,-4.657260705128205,0.44273612179487176,8.47754358974359,0.00346210941710301,0.0007989483270237714,0.0021305288720633907,0.9652610078761158,-0.005872335017711404,0.25194258837204714,0.06900459781650861,26.625
13.828,-5.00660016025641,0.03592179487179487,8.503586891025641,0.00346210941710301,0.006657902725198095,0.005858954398174324,0.9651334975745082,-0.006249335988738858,0.2524399652027237,0.06893722962046353,26.625
13.848,-4.834175544871795,0.49212858974358975,8.451500288461538,0.00346210941710301,0.00905474770626941,0.004261057744126781,0.9650376907680683,-0.005630507400131259,0.2527712790418114,0.06911753232731897,26.625
13.869,-4.906917179487179,0.06735336538461538,8.458684647435897,0.0031957933080950856,0.0021305288720633907,0.002663161090079238,0.9649400770756836,-0.006080331068376845,0.2531643813919884,0.06900342905743552,26.625
13.889,-4.739880833333333,0.41040650641025633,8.546693044871795,0.002929477199087162,-0.004261057744126781,0.0015978966540475428,0.964975856356558,-0.005423906323992343,0.2529958506653627,0.0691756997451098,26.625
13.909,-4.739880833333333,0.41040650641025633,8.546693044871795,0.002929477199087162,-0.004261057744126781,0.0015978966540475428,0.964975856356558,-0.005423906323992343,0.2529958506653627,0.0691756997451098,26.625
13.929,-4.631217403846153,0.34754336538461533,8.654458429487178,0.002929477199087162,-0.004261057744126781,0.0010652644360316954,0.9650887434493789,-0.005643609613800853,0.2525720566086375,0.06913192575293436,26.625
13.950,-4.666241153846153,0.07363967948717949,8.546693044871795,0.0037284255261109335,-0.004793689962142629,-0.0005326322180158477,0.9652026541208827,-0.006100567172133925,0.25216374356212695,0.06899323148625452,26.625
13.970,-4.689590320512821,0.37717884615384617,8.623924903846154,0.005326322180158476,0.00026631610900792384,0.00026631610900792384,0.9652826043729674,-0.005531613920425777,0.251835605569028,0.06912107283642044,26.625
13.990,-4.774006538461538,0.18679333333333334,8.457786602564102,0.004527373853134705,0.005326322180158476,0.0021305288720633907,0.9651673447998366,-0.005932880896362996,0.2522986674664706,0.0690085491149202,26.625
14.010,-4.742574967948718,0.33586878205128207,8.649070160256409,0.00346210941710301,0.0037284255261109335,0.0055926382891664005,0.9652368014452355,-0.005377094744121591,0.25199528202045873,0.06919090855967601,26.625
14.030,-4.830583365384616,0.17422070512820512,8.408394134615383,0.0005326322180158477,0.005326322180158476,0.005858954398174324,0.9650926501277421,-0.005668625086799875,0.252549104472032,0.06915918731022958,26.625
14.050,-4.870097339743589,0.22002099358974359,8.592493333333334,0.0021305288720633907,0.0055926382891664005,0.004261057744126781,0.9649373558030866,-0.005853175664193779,0.25314492497968427,0.0691323850841388,26.625
14.071,-4.680609871794871,0.2128366346153846,8.516159519230769,0.002663161090079238,-0.0005326322180158477,0.0007989483270237714,0.965088029228154,-0.0059018758730449645,0.25257200762556736,0.06912050828580064,26.625
14.091,-4.823399006410256,0.19218160256410255,8.57722657051282,0.0037284255261109335,-0.0018642127630554668,0.001331580545039619,0.965037221244084,-0.006441170380750943,0.25279406387563114,0.06896980648708795,26.625
14.111,-4.8997328205128206,0.3322766025641025,8.414680448717947,0.0037284255261109335,0.006125270507182248,0.0023968449810713144,0.9648850320239206,-0.006093284505526133,0.2533589067063739,0.06905802815519305,26.625
14.131,-4.8027439743589735,0.11854192307692307,8.561061762820513,0.003994741635118857,0.0010652644360316954,0.0021305288720633907,0.9649104374523416,-0.006682268097311814,0.25328923618133437,0.06890397538083515,26.625
14.151,-4.738982788461538,0.37987298076923076,8.553877403846153,0.002929477199087162,-0.0031957933080950856,0.0023968449810713144,0.964954791519061,-0.006037980408624725,0.2530881629391894,0.06908093005350144,26.625
14.172,-4.738982788461538,0.06106705128205128,8.556571538461538,0.0037284255261109335,-0.005060006071150552,0.0023968449810713144,0.9650347574305953,-0.006575945383821152,0.25280667745984803,0.06894532416990702,26.625
14.192,-4.663547019230768,0.4445322115384615,8.568246121794871,0.002663161090079238,-0.0023968449810713144,0.00346210941710301,0.9651277079262475,-0.006049063388999422,0.25242121291263353,0.06910461270319615,26.625
14.212,-4.7910693910256406,0.09339666666666667,8.523343878205129,0.002929477199087162,-0.00026631610900792384,0.0037284255261109335,0.9649798454314326,-0.006118408831241873,0.2529859577689818,0.06909825002280034,26.625
14.232,-4.740778878205128,0.4660852884615384,8.54399891025641,0.002929477199087162,0.0015978966540475428,0.001331580545039619,0.9649871418863216,-0.005455674919862559,0.25292639057371186,0.0692697087953394,26.625
14.252,-4.830583365384616,-0.004490224358974359,8.491912307692308,0.0018642127630554668,0.0005326322180158477,0.001331580545039619,0.964892086474717,-0.005925084195106372,0.2533108822446207,0.0691502116569437,26.625
14.272,-4.777598717948718,0.3978338782051282,8.539508685897436,0.0018642127630554668,0.0010652644360316954,0.0021305288720633907,0.964873561429009,-0.006526271708781685,0.25340689327331983,0.06900264251786173,26.625
14.292,-4.8216029166666665,-0.097886891025641,8.494606442307692,0.0031957933080950856,0.002663161090079238,0.002663161090079238,0.9650058910655855,-0.006761252252309566,0.25291229196795717,0.06894409509313211,26.625
14.313,-4.72641016025641,0.07902794871794872,8.589799198717948,0.004793689962142629,0.0,0.0021305288720633907,0.9651028232997181,-0.007216964462971482,0.25256035580111874,0.06883111622272259,26.625
14.333,-4.754249551282051,0.3789749358974359,8.499994711538461,0.004261057744126781,0.0010652644360316954,0.003994741635118857,0.965077435473551,-0.006525423674643626,0.2526213768517421,0.06903189366655549,26.625
14.354,-4.79466157051282,0.15625980769230768,8.527834102564102,0.005326322180158476,0.003994741635118857,0.005326322180158476,0.9650396499483616,-0.007093132783056419,0.2527836020170065,0.06891017374940617,26.625
14.374,-4.8198068269230765,0.4768618269230769,8.51077125,0.0031957933080950856,0.00346210941710301,0.005326322180158476,0.9649845977720024,-0.006429730722892907,0.2529575067548819,0.06910777381736238,26.625
14.394,-4.880873878205128,0.13111455128205127,8.491014262820512,0.004527373853134705,0.0023968449810713144,0.004527373853134705,0.9648720815620627,-0.006808406484075725,0.25340244296471537,0.06901241716353777,26.625
14.415,-4.718327756410257,0.3960377884615385,8.552979358974358,0.002663161090079238,-0.00026631610900792384,0.0015978966540475428,0.9649274072054624,-0.006190326861505349,0.25316315987543503,0.06917509059608466,26.625
14.435,-4.747065192307692,0.029635480769230768,8.54399891025641,0.0015978966540475428,-0.005858954398174324,0.0010652644360316954,0.9649933732126447,-0.006785221467754752,0.2529375487752704,0.06902424823837401,26.625
14.455,-4.7452691025641025,0.41040650641025633,8.562857852564102,0.0007989483270237714,-0.0021305288720633907,0.00026631610900792384,0.9650171369806445,-0.006137023011640598,0.25281943784310357,0.0691852161298338,26.625
14.476,-4.782986987179487,0.01526676282051282,8.526936057692307,0.00346210941710301,0.0,0.0007989483270237714,0.9650346922874855,-0.0067380496107119206,0.2527820950331445,0.06902067660995483,26.625
14.496,-4.7300023397435895,0.3870573397435897,8.526038012820512,0.004793689962142629,-0.0007989483270237714,0.0015978966540475428,0.965057262849879,-0.006061424912293099,0.2526670976506511,0.06918870076485555,26.625
14.516,-4.880873878205128,0.0413100641025641,8.492810352564103,0.004261057744126781,0.0021305288720633907,0.002663161090079238,0.964984744530076,-0.006572687805562588,0.2529678083185604,0.06905454766877182,26.625
14.537,-4.717429711538461,0.39424169871794873,8.55118326923077,0.003994741635118857,-0.00026631610900792384,0.002929477199087162,0.9650262581152689,-0.005925873274760444,0.2527768656478495,0.06923193892433631,26.625
14.557,-4.805438108974358,0.08351817307692307,8.535916506410256,0.0023968449810713144,-0.0018642127630554668,0.002929477199087162,0.9650258328530883,-0.006530580892118388,0.2528030916208099,0.06908755536545781,26.625
14.578,-4.689590320512821,0.40412019230769225,8.553877403846153,0.0037284255261109335,-0.0015978966540475428,0.001331580545039619,0.9650844589827924,-0.005911241292116572,0.25255131046150237,0.06924507087479306,26.625
14.598,-4.778496762820512,0.09160057692307691,8.534120416666667,0.002929477199087162,-0.001331580545039619,0.0010652644360316954,0.96510417817642,-0.0065169205233472065,0.25250565567472005,0.0690821892066916,26.625
14.618,-4.727308205128205,0.2981508974358974,8.554775448717947,0.002929477199087162,0.001331580545039619,0.002663161090079238,0.9651728080722426,-0.005945790969671287,0.2522129076846425,0.06924411400938807,26.625
14.639,-4.800049839743589,0.16613830128205126,8.494606442307692,0.002663161090079238,0.002929477199087162,0.002663161090079238,0.9650832960887452,-0.0064335647108735685,0.2525762080368973,0.0691238019013456,26.625
14.659,-4.786579166666666,0.2837821794871795,8.527834102564102,0.00346210941710301,0.001331580545039619,0.002663161090079238,0.9650331361628705,-0.00577532347731525,0.25273532792284226,0.06930040235179509,26.625
14.680,-4.823399006410256,0.2074483653846154,8.520649743589743,0.0031957933080950856,0.0010652644360316954,0.0021305288720633907,0.9649067494659792,-0.006078212226006358,0.25323278771310126,0.06921831692684446,26.625
14.700,-4.781190897435897,0.23708384615384615,8.532324326923076,0.003994741635118857,-0.00026631610900792384,0.002663161090079238,0.9650066827957204,-0.0055860300120686435,0.25282537272892325,0.06935581686336795,26.625
14.720,-4.800947884615384,0.25863692307692304,8.526038012820512,0.002929477199087162,0.00026631610900792384,0.002929477199087162,0.9648829202395681,-0.005143180736166585,0.2532733915622451,0.06947724122643369,26.625
14.741,-4.8216029166666665,0.20116205128205128,8.506281025641025,0.002929477199087162,0.0,0.00346210941710301,0.9647915579300217,-0.005596313124693958,0.25364093045153585,0.06937009028429476,26.625
14.761,-4.805438108974358,0.28288413461538464,8.526936057692307,0.0031957933080950856,-0.0010652644360316954,0.0018642127630554668,0.9647482092683037,-0.004940212517013699,0.2537727299544318,0.06954055324314923,26.625
14.781,-4.757841730769231,0.19307964743589742,8.545795,0.002663161090079238,-0.0031957933080950856,0.001331580545039619,0.9647997639526056,-0.00552940092773363,0.25360681054011913,0.06938607100884907,26.625
14.802,-4.762331955128205,0.31251961538461537,8.549387179487178,0.002663161090079238,-0.0021305288720633907,0.0018642127630554668,0.9649049947119732,-0.005052015033575711,0.253179532401412,0.0695194411441142,26.625
14.822,-4.754249551282051,0.10956147435897436,8.554775448717947,0.002929477199087162,-0.0007989483270237714,0.002663161090079238,0.9649701146632134,-0.005608054904921278,0.2529561268498824,0.06938606067615169,26.625
14.842,-4.712939487179487,0.3107235256410256,8.567348076923077,0.00346210941710301,-0.00026631610900792384,0.002929477199087162,0.9650755341066339,-0.005146418581765435,0.25252634667321616,0.06952101898314814,26.625
14.862,-4.751555416666666,0.0951927564102564,8.560163717948717,0.002929477199087162,0.00026631610900792384,0.0023968449810713144,0.9650894830317861,-0.005750134373546732,0.25250131180142177,0.06937083850356242,26.625
14.883,-4.762331955128205,0.33856291666666666,8.541304775641025,0.00346210941710301,0.00026631610900792384,0.0015978966540475428,0.9650523493130478,-0.005084459160203483,0.25261096932748706,0.06953998515848717,26.625
14.903,-4.800049839743589,0.13740086538461538,8.504484935897436,0.0018642127630554668,0.0005326322180158477,0.0023968449810713144,0.9650182064501566,-0.005676134241992104,0.2527683894442117,0.06939585014659967,26.625
14.924,-4.807234198717948,0.27120955128205126,8.50897516025641,0.0023968449810713144,0.0007989483270237714,0.0023968449810713144,0.9648921077224981,-0.005247876223880262,0.2532268722811163,0.0695113760811654,26.625
14.944,-4.766822179487179,0.24875842948717947,8.51256733974359,0.002663161090079238,0.001331580545039619,0.002663161090079238,0.9650226263369389,-0.004978942440036793,0.2527102244844871,0.06959944849591586,26.625
14.964,-4.788375256410256,0.20655032051282052,8.50538298076923,0.0037284255261109335,0.0005326322180158477,0.0023968449810713144,0.9649622444202142,-0.005510798363154683,0.2529679727826647,0.06946007983822484,26.625
14.985,-4.788375256410256,0.27839391025641025,8.537712596153845,0.002663161090079238,0.00026631610900792384,0.002929477199087162,0.9649379773671792,-0.004841592814622616,0.2530227992060653,0.06964712410058065,26.625
15.005,-4.788375256410256,0.17960897435897435,8.51795560897436,0.0031957933080950856,-0.001331580545039619,0.00346210941710301,0.9649361694985212,-0.005437449882879392,0.2530564908068156,0.06950565007848084,26.625
15.025,-4.766822179487179,0.2882724038461538,8.529630192307692,0.002929477199087162,-0.001331580545039619,0.0031957933080950856,0.9649721511582172,-0.004789314729385834,0.2528813676541129,0.06969091653071453,26.625
15.046,-4.782088942307692,0.1625461217948718,8.544896955128205,0.002929477199087162,-0.0007989483270237714,0.00346210941710301,0.9650017178139872,-0.005384172324532048,0.25279454088178605,0.06955296833924862,26.625
15.066,-4.748861282051282,0.2918645833333333,8.546693044871795,0.002663161090079238,-0.0015978966540475428,0.001331580545039619,0.9650813317976124,-0.004825760996003822,0.25246082578260043,0.0697012660697335,26.625
15.086,-4.753351506410256,0.132910641025641,8.550285224358975,0.00346210941710301,-0.0015978966540475428,0.0021305288720633907,0.9651364434817179,-0.00539674614040128,0.2522785016429363,0.06955629521008111,26.625
15.106,-4.754249551282051,0.3295824679487179,8.527834102564102,0.003994741635118857,0.0,0.0018642127630554668,0.9651351999457569,-0.00471607059575676,0.2522487732339618,0.06973063104376073,26.625
15.126,-4.737186698717949,0.15356567307692306,8.54759108974359,0.004261057744126781,0.0010652644360316954,0.0018642127630554668,0.9652006958444621,-0.005254368205976699,0.2520264885398864,0.06958920484081418,26.625
15.146,-4.771312403846154,0.32688833333333334,8.516159519230769,0.0037284255261109335,0.0007989483270237714,0.0015978966540475428,0.9651486251010484,-0.004599686104404904,0.2521933259373431,0.069753141190615,26.625
15.167,-4.800049839743589,0.1688324358974359,8.565551987179486,0.003994741635118857,0.0010652644360316954,0.0021305288720633907,0.9651384851425153,-0.0051917047183791774,0.25226364876912605,0.0695974296121275,26.625
15.187,-4.774904583333333,0.3215000641025641,8.51256733974359,0.0037284255261109335,0.0007989483270237714,0.0023968449810713144,0.9650828912606754,-0.00453868377696681,0.2524417262218443,0.0697681030818785,26.625
15.207,-4.823399006410256,0.14997349358974357,8.535018461538462,0.002663161090079238,0.0010652644360316954,0.002663161090079238,0.9650351768553147,-0.005105580647590007,0.25265182734857095,0.06962826017868416,26.75
15.227,-4.76323,0.28288413461538464,8.484727948717948,0.0021305288720633907,0.00026631610900792384,0.0023968449810713144,0.9649654798132183,-0.0044918269808844466,0.25288327692665935,0.06979609236951485,26.75
15.248,-4.7910693910256406,0.16793439102564103,8.518853653846154,0.0023968449810713144,0.0,0.0021305288720633907,0.9649567632030727,-0.005097825864198047,0.25294695447313026,0.069644063227785,26.75
15.268,-4.7892733012820505,0.308029391025641,8.51436342948718,0.0037284255261109335,-0.0005326322180158477,0.001331580545039619,0.9649015523103218,-0.004451523585005113,0.2531257739915679,0.06980344424219491,26.75
15.288,-4.750657371794872,0.20834641025641026,8.557469583333333,0.0037284255261109335,-0.001331580545039619,0.0010652644360316954,0.9650187166321975,-0.004855345204310623,0.2527013957410514,0.06969438114380609,26.75
15.308,-4.734492564102564,0.23708384615384615,8.553877403846153,0.003994741635118857,-0.0018642127630554668,0.0018642127630554668,0.9651701148669205,-0.0049541766831395755,0.2521266028953143,0.06967267479892067,26.75
15.329,-4.755147596153845,0.2316955769230769,8.57543048076923,0.002663161090079238,-0.002663161090079238,0.001331580545039619,0.9653132121163884,-0.005213238730021797,0.251590158437482,0.06961046496675019,26.75
15.349,-4.813520512820513,0.24247211538461536,8.495504487179486,0.002929477199087162,-0.0010652644360316954,0.0015978966540475428,0.9652236375516798,-0.005661506696112914,0.25195756513833084,0.06948857620499274,26.75
15.369,-4.790171346153846,0.265821282051282,8.558367628205128,0.002929477199087162,0.0,0.0015978966540475428,0.9651662112995177,-0.005024149406726603,0.25214598764119767,0.06965158580333045,26.75
15.389,-4.772210448717948,0.21373467948717947,8.491912307692308,0.0037284255261109335,-0.0021305288720633907,0.001331580545039619,0.9650889292154973,-0.0054955087148118795,0.25246884340011344,0.0695172007625417,26.75
15.409,-4.776700673076923,0.2577388782051282,8.578124615384615,0.0031957933080950856,-0.0018642127630554668,0.0015978966540475428,0.9651479637089169,-0.00488776189924665,0.2522091250373862,0.06968554498620043,26.75
15.430,-4.754249551282051,0.18230310897435897,8.486524038461539,0.0021305288720633907,-0.0007989483270237714,0.002929477199087162,0.9652046082074466,-0.0054734656940597995,0.2520162800534609,0.06955501460298313,26.75
15.450,-4.7300023397435895,0.2640251923076923,8.589799198717948,0.001331580545039619,-0.0018642127630554668,0.0023968449810713144,0.965293622922456,-0.004949128633166703,0.2516432840386364,0.06970929112580242,26.75
15.470,-4.767720224358974,0.1903855128205128,8.517057564102563,0.0015978966540475428,-0.0015978966540475428,0.002663161090079238,0.9652586374316865,-0.005537841744918773,0.2518037102043949,0.06957001293397563,26.75
15.490,-4.75963782051282,0.29455871794871796,8.51256733974359,0.0023968449810713144,0.0007989483270237714,0.002929477199087162,0.9652021313723408,-0.004886644266870257,0.25198392458106356,0.06975003981952067,26.75
15.510,-4.751555416666666,0.24157407051282048,8.552081314102564,0.003994741635118857,0.0021305288720633907,0.0031957933080950856,0.9653355107572086,-0.005093794366387367,0.25147985047662086,0.06970860588427243,26.75
15.530,-4.792865480769231,0.2739036858974359,8.483829903846154,0.004261057744126781,0.0015978966540475428,0.0031957933080950856,0.96518725179675,-0.0048460544675617305,0.25203422063167763,0.06977704748495411,26.75
15.551,-4.75963782051282,0.22989948717948716,8.57004221153846,0.002929477199087162,0.0005326322180158477,0.002929477199087162,0.9653037603330108,-0.005240157445056956,0.2516042424003428,0.06968856608547785,26.75
15.571,-4.784783076923077,0.24426820512820513,8.4757475,0.002663161090079238,-0.0005326322180158477,0.0023968449810713144,0.9651547362339199,-0.005231790567314661,0.2521747388554937,0.06969120874153333,26.75
15.591,-4.782088942307692,0.23259362179487178,8.54399891025641,0.002929477199087162,-0.00026631610900792384,0.0015978966540475428,0.9650813841852917,-0.005736378985072602,0.2524828404765292,0.06955164354668225,26.75
15.611,-4.79645766025641,0.19936596153846153,8.491014262820512,0.003994741635118857,0.00026631610900792384,0.0018642127630554668,0.9649746226294796,-0.006119105170053846,0.2529101304311436,0.06944782327987843,26.75
15.631,-4.771312403846154,0.2505545192307692,8.53681455128205,0.0031957933080950856,-0.0007989483270237714,0.0023968449810713144,0.9650461415153091,-0.005534292112567262,0.2526060678315947,0.06960956006100402,26.75
15.651,-4.764128044871795,0.21193858974358973,8.509873205128205,0.002929477199087162,-0.002663161090079238,0.0015978966540475428,0.9650679971727522,-0.006135445920477552,0.25255226647980455,0.06945120468533052,26.75
15.671,-4.719225801282051,0.25863692307692304,8.561061762820513,0.003994741635118857,-0.0005326322180158477,0.0018642127630554668,0.965196961890289,-0.0057979926682555916,0.2520418814416047,0.06954205949028887,26.75
15.692,-4.747065192307692,0.2092444551282051,8.520649743589743,0.003994741635118857,0.00026631610900792384,0.002929477199087162,0.9652690649220621,-0.0063234807345983225,0.25178804139583916,0.06941489829953056,26.75
15.712,-4.744371057692307,0.28557826923076923,8.564653942307691,0.0031957933080950856,0.0005326322180158477,0.00346210941710301,0.9653152444378799,-0.005695464574078734,0.2515759167410836,0.06959596723234097,26.75
15.732,-4.766822179487179,0.22810339743589741,8.517057564102563,0.002929477199087162,0.001331580545039619,0.0023968449810713144,0.9651729520511432,-0.005878453674548853,0.2521301589891814,0.06954853944813094,26.75
15.752,-4.7605358653846155,0.30443721153846154,8.55118326923077,0.002663161090079238,0.0007989483270237714,0.002929477199087162,0.9651813827397611,-0.005213799955056374,0.25206083121069894,0.06973558684031424,26.75
15.772,-4.767720224358974,0.19667182692307691,8.524241923076923,0.0023968449810713144,0.0015978966540475428,0.0023968449810713144,0.965168534412435,-0.005820591445542521,0.25213791090212945,0.0695865991501687,26.75
15.792,-4.771312403846154,0.21193858974358973,8.549387179487178,0.002929477199087162,0.0021305288720633907,0.002663161090079238,0.9652074922363775,-0.006405187654116362,0.2520134086168187,0.06944575134024625,26.75
15.813,-4.777598717948718,0.18320115384615382,8.484727948717948,0.002929477199087162,0.0007989483270237714,0.0023968449810713144,0.9651088641639258,-0.006840975157971263,0.2524099805685346,0.06933457348608314,26.75
15.833,-4.782986987179487,0.27480173076923076,8.556571538461538,0.0031957933080950856,-0.0005326322180158477,0.0010652644360316954,0.9651015097684529,-0.006168503796590499,0.25240903787456476,0.0695032589365487,26.75
15.853,-4.768618269230769,0.22451121794871792,8.526038012820512,0.0037284255261109335,-0.0010652644360316954,0.001331580545039619,0.9651660302158842,-0.00672295120712398,0.2521890179398251,0.0693544178472008,26.75
15.873,-4.783885032051281,0.2640251923076923,8.531426282051282,0.004261057744126781,-0.0015978966540475428,0.0021305288720633907,0.965106438232214,-0.006080588467801043,0.2523886142802346,0.06951673689348566,26.75
15.893,-4.780292852564102,0.2478603846153846,8.529630192307692,0.004261057744126781,-0.0005326322180158477,0.0023968449810713144,0.9650250002514366,-0.005477089273223882,0.2526712806933168,0.06967046932242682,26.75
15.913,-4.771312403846154,0.25235060897435896,8.532324326923076,0.002929477199087162,-0.0007989483270237714,0.0021305288720633907,0.9650805874037908,-0.004864301981486441,0.2524252086486748,0.06983775784817361,26.75
15.933,-4.750657371794872,0.23798189102564102,8.541304775641025,0.0023968449810713144,-0.0018642127630554668,0.0015978966540475428,0.9651458019468668,-0.004271659108985078,0.25214208145599365,0.06999789048132088,26.75
15.954,-4.767720224358974,0.20475423076923074,8.520649743589743,0.0031957933080950856,-0.0015978966540475428,0.0018642127630554668,0.9651818408344044,-0.004865532164941196,0.2520357003821173,0.06984516055646284,26.75
15.974,-4.755147596153845,0.24696233974358975,8.559265673076922,0.003994741635118857,-0.00026631610900792384,0.0015978966540475428,0.9653295019318646,-0.004954829136903579,0.2514737045724835,0.06982390906268084,26.75
15.994,-4.770414358974358,0.22540926282051282,8.529630192307692,0.0037284255261109335,0.0007989483270237714,0.002929477199087162,0.9652602884450989,-0.005468165316109962,0.25176444643488394,0.06969460689534501,26.75
16.014,-4.753351506410256,0.23798189102564102,8.552979358974358,0.0031957933080950856,0.0007989483270237714,0.0031957933080950856,0.965249054858419,-0.004791186203211648,0.25176897827491707,0.06988339007302971,26.75
16.034,-4.782088942307692,0.22989948717948716,8.51795560897436,0.00346210941710301,0.0007989483270237714,0.002929477199087162,0.9651348900115798,-0.005152260186061209,0.25222432617915624,0.06979246077322127,26.75
16.054,-4.764128044871795,0.2631271474358974,8.537712596153845,0.0037284255261109335,-0.0005326322180158477,0.0023968449810713144,0.9651657825489919,-0.004494716967656756,0.2520698942275183,0.0699684081575426,26.75
16.075,-4.770414358974358,0.2074483653846154,8.532324326923076,0.00346210941710301,0.0005326322180158477,0.002663161090079238,0.9651605257377386,-0.005091674084119929,0.2521200631587518,0.0698191103173063,26.75
16.095,-4.769516314102564,0.2613310576923077,8.549387179487178,0.0037284255261109335,0.0005326322180158477,0.002929477199087162,0.9651864230905345,-0.004431352337912358,0.25198304308859015,0.07000055566901522,26.75
16.115,-4.72641016025641,0.2218170833333333,8.54220282051282,0.0031957933080950856,0.0005326322180158477,0.0021305288720633907,0.9653010000052769,-0.004822814473193623,0.2515622941008491,0.06990802554848467,26.75
16.135,-4.7910693910256406,0.2604330128205128,8.544896955128205,0.002929477199087162,0.0005326322180158477,0.002663161090079238,0.9651490495519334,-0.004688857256889092,0.25213711457996957,0.06994427937945748,26.75
16.155,-4.76143391025641,0.22271512820512818,8.531426282051282,0.0037284255261109335,-0.0010652644360316954,0.002663161090079238,0.9651794997688451,-0.0052782134498252494,0.25204968451318827,0.0697970645911596,26.75
16.175,-4.785681121794871,0.27031150641025636,8.525139967948718,0.0031957933080950856,-0.001331580545039619,0.002663161090079238,0.9650628650719236,-0.00481748924225213,0.25247140812116714,0.06991885538169341,26.75
16.195,-4.747065192307692,0.2290014423076923,8.545795,0.002663161090079238,-0.0007989483270237714,0.0021305288720633907,0.965191256566569,-0.005152425413092654,0.2519943324753184,0.06984373386445408,26.75
16.216,-4.76143391025641,0.2406760256410256,8.529630192307692,0.002663161090079238,-0.0007989483270237714,0.0021305288720633907,0.965180844080499,-0.005753639932075106,0.25206320448798963,0.0696919994750737,26.75
16.236,-4.765924134615385,0.2191229487179487,8.54220282051282,0.0037284255261109335,0.0005326322180158477,0.0021305288720633907,0.9652295204328224,-0.0063244047833431,0.2519033904874521,0.06954607573462666,26.75
16.256,-4.793763525641025,0.23798189102564102,8.508077115384616,0.004261057744126781,0.0,0.0023968449810713144,0.9650815618209717,-0.006110859409974951,0.25246143466991994,0.06959497420698739,26.75
16.276,-4.752453461538461,0.2478603846153846,8.544896955128205,0.0037284255261109335,0.0,0.0023968449810713144,0.9651910225502445,-0.005668534694961389,0.2520188019779759,0.06971858541602373,26.75
16.296,-4.751555416666666,0.1939776923076923,8.525139967948718,0.0023968449810713144,-0.0005326322180158477,0.0018642127630554668,0.9652348205281764,-0.006261128039133074,0.2518778295720759,0.06957081633614,26.75
16.316,-4.753351506410256,0.2577388782051282,8.553877403846153,0.0018642127630554668,-0.0015978966540475428,0.0023968449810713144,0.9652943988587207,-0.005661127156539504,0.2516162670086547,0.06974187657303153,26.75
16.337,-4.765924134615385,0.2164288141025641,8.526936057692307,0.0031957933080950856,-0.0021305288720633907,0.0021305288720633907,0.9652241674567252,-0.006157974665136144,0.2519099132429675,0.06961164784298485,26.75
16.357,-4.764128044871795,0.2613310576923077,8.541304775641025,0.004261057744126781,-0.0018642127630554668,0.0021305288720633907,0.9652173601715215,-0.005471538409556451,0.2519031630397186,0.06978758013813886,26.75
16.377,-4.7416769230769225,0.2406760256410256,8.511669294871794,0.004527373853134705,-0.0007989483270237714,0.0021305288720633907,0.9653624421119527,-0.005294088961101175,0.25133656118720193,0.06983738964416303,26.75
16.397,-4.76143391025641,0.28468022435897433,8.552081314102564,0.004527373853134705,0.00026631610900792384,0.0021305288720633907,0.9653278915766459,-0.004614347124867509,0.2514349122261872,0.07000895984521008,26.75
16.417,-4.769516314102564,0.20385618589743587,8.525139967948718,0.0037284255261109335,0.0005326322180158477,0.002929477199087162,0.9652794101007257,-0.0051667164943377695,0.25164872881660927,0.06987047131118415,26.75
16.437,-4.782986987179487,0.24426820512820513,8.548489134615384,0.002929477199087162,-0.0005326322180158477,0.0031957933080950856,0.9651337768261553,-0.005249909325500706,0.25220919102304246,0.06985524493449025,26.75
16.458,-4.773108493589743,0.23259362179487178,8.53322237179487,0.002929477199087162,0.0,0.0023968449810713144,0.9650897851590091,-0.005815873634882972,0.2524046460355121,0.06971209977678684,26.75
16.478,-4.756943685897435,0.23708384615384615,8.552081314102564,0.002929477199087162,-0.0005326322180158477,0.0023968449810713144,0.9652358085971011,-0.0056815204300917806,0.25183515612619706,0.06976107988267344,26.75
16.498,-4.765924134615385,0.22989948717948716,8.546693044871795,0.002663161090079238,-0.0015978966540475428,0.0021305288720633907,0.9652755158631536,-0.006276371041594554,0.25170966125060507,0.06961344751394347,26.75
16.518,-4.790171346153846,0.23977798076923076,8.543100865384615,0.002929477199087162,-0.0015978966540475428,0.0018642127630554668,0.9651768130380367,-0.006685510672360288,0.25210756870730383,0.06950393745163375,26.75
16.539,-4.762331955128205,0.24426820512820513,8.532324326923076,0.003994741635118857,-0.0018642127630554668,0.0021305288720633907,0.9652374421550549,-0.006065052744471405,0.2518459342525481,0.06966721465391844,26.75
16.559,-4.795559615384615,0.23259362179487178,8.54399891025641,0.004261057744126781,-0.0015978966540475428,0.0021305288720633907,0.9651295247427513,-0.00643764675732891,0.2522794115131762,0.06956044638028555,26.75
16.579,-4.7587397756410255,0.24696233974358975,8.530528237179487,0.0031957933080950856,0.00026631610900792384,0.0010652644360316954,0.9651926756008639,-0.0058456448113281415,0.2520100337798309,0.06971276983074143,26.75
16.599,-4.75963782051282,0.2406760256410256,8.54040673076923,0.0031957933080950856,0.0,0.0015978966540475428,0.9652369773702804,-0.006421729788539403,0.25186705371410617,0.06956526544895326,26.75
16.619,-4.750657371794872,0.24426820512820513,8.53322237179487,0.003994741635118857,0.0005326322180158477,0.002663161090079238,0.9652771634527832,-0.005772518417048201,0.25167932111889074,0.06974378157805822,26.75
16.640,-4.771312403846154,0.23349166666666665,8.524241923076923,0.004261057744126781,0.0,0.00346210941710301,0.9651266340800624,-0.005782220706696426,0.2522564066406921,0.06974131789487636,26.75
16.660,-4.7605358653846155,0.29725285256410255,8.54040673076923,0.003994741635118857,0.00026631610900792384,0.0031957933080950856,0.9651321427645414,-0.005104516780873911,0.2521973913320037,0.06993115697949703,26.75
16.680,-4.783885032051281,0.2074483653846154,8.543100865384615,0.0037284255261109335,0.001331580545039619,0.00346210941710301,0.9651048466747173,-0.005689883490921739,0.2523280525680201,0.06979121748515972,26.75
16.700,-4.788375256410256,0.25684083333333335,8.526936057692307,0.00346210941710301,0.001331580545039619,0.002929477199087162,0.9649811698046732,-0.005243078441440231,0.25277882602538676,0.06990505821533033,26.75
16.720,-4.767720224358974,0.2263073076923077,8.524241923076923,0.0031957933080950856,0.0005326322180158477,0.0015978966540475428,0.9650491471424394,-0.00579451448576844,0.25254681584786326,0.06976154389511627,26.75
16.741,-4.773108493589743,0.27031150641025636,8.53861064102564,0.002929477199087162,-0.00026631610900792384,0.0018642127630554668,0.9650538136604963,-0.005120073867341049,0.2524949502684213,0.06993726954830763,26.75
16.761,-4.75963782051282,0.2164288141025641,8.552081314102564,0.00346210941710301,-0.00026631610900792384,0.0018642127630554668,0.9651550126968109,-0.00556929406795444,0.2521299368646118,0.06982320077488778,26.75
16.781,-4.75963782051282,0.2676173717948718,8.520649743589743,0.0037284255261109335,0.0010652644360316954,0.0021305288720633907,0.9651261684395571,-0.004892606189509968,0.2522049202827439,0.07000156843263466,26.75
16.802,-4.784783076923077,0.20655032051282052,8.534120416666667,0.0037284255261109335,0.0015978966540475428,0.0021305288720633907,0.9650899892727101,-0.005468464583411531,0.25237447430101695,0.06984649756419986,26.75
16.822,-4.753351506410256,0.25863692307692304,8.521547788461538,0.0031957933080950856,-0.00026631610900792384,0.0015978966540475428,0.9651553375139962,-0.004872664606093762,0.25209313349170603,0.07000345458771062,26.75
16.842,-4.768618269230769,0.22002099358974359,8.537712596153845,0.002663161090079238,-0.0007989483270237714,0.0015978966540475428,0.9651666076560448,-0.005481010135715512,0.2520811368504134,0.06984610538761657,26.75
16.863,-4.770414358974358,0.2676173717948718,8.515261474358974,0.0031957933080950856,0.00026631610900792384,0.0023968449810713144,0.9650745293872274,-0.004910838324559368,0.2524036943168529,0.0699957962321769,26.75
16.883,-4.755147596153845,0.2290014423076923,8.560163717948717,0.0031957933080950856,-0.00026631610900792384,0.0021305288720633907,0.9652013902006243,-0.005242148412435671,0.251932791536858,0.06991898728707599,26.75
16.903,-4.770414358974358,0.2685154166666667,8.496402532051281,0.002929477199087162,0.00026631610900792384,0.0021305288720633907,0.9650722702534243,-0.0048381173043011315,0.2524064073872578,0.070022220178378,26.75
16.924,-4.772210448717948,0.23708384615384615,8.55118326923077,0.0023968449810713144,0.0005326322180158477,0.0021305288720633907,0.965152533870594,-0.005362589270000642,0.2521235292929185,0.06989674510573674,26.75
16.944,-4.777598717948718,0.23708384615384615,8.499096666666667,0.0023968449810713144,0.0,0.0023968449810713144,0.9650081571247044,-0.005488426234870289,0.25268134890997845,0.06986608457098378,26.75
16.964,-4.79645766025641,0.19487573717948717,8.51077125,0.002663161090079238,-0.001331580545039619,0.002663161090079238,0.9650347547367514,-0.0054942972024350075,0.25257428143802907,0.06988538620121429,26.75
16.985,-4.79645766025641,0.19487573717948717,8.51077125,0.002663161090079238,-0.001331580545039619,0.002663161090079238,0.9650347547367514,-0.0054942972024350075,0.25257428143802907,0.06988538620121429,26.75
17.005,-4.787477211538461,0.25145256410256406,8.51436342948718,0.002663161090079238,0.00026631610900792384,0.0018642127630554668,0.9650250525836526,-0.005182629607434648,0.25259198585230147,0.06997911773851931,26.75
17.025,-4.787477211538461,0.25145256410256406,8.51436342948718,0.002663161090079238,0.00026631610900792384,0.0018642127630554668,0.9650250525836526,-0.005182629607434648,0.25259198585230147,0.06997911773851931,26.75
17.045,-4.750657371794872,0.2613310576923077,8.54040673076923,0.0037284255261109335,-0.00026631610900792384,0.0018642127630554668,0.9651509566985054,-0.004833308796898399,0.2520908115251319,0.07007490745362509,26.75
17.065,-3.6550426282051283,-0.027839391025641022,6.516213589743589,0.002929477199087162,-0.0015978966540475428,0.002929477199087162,0.965161434257528,-0.005435178545310907,0.2520787676047482,0.06992967595380126,26.75
17.085,-9.501314743589743,0.868409391025641,15.796609294871795,0.023169501483689372,-0.029561088099879545,0.014913702104443734,0.9650733388991317,-0.005074139526095359,0.2523956211229662,0.07002966580031292,26.75
17.105,-4.7282062499999995,0.29994698717948715,6.516213589743589,0.00026631610900792384,0.09534116702483673,0.009587379924285258,0.964704776405834,-0.005462945423020096,0.253795525613572,0.07001915299120412,26.75
17.126,-3.4915984615384614,-0.15087153846153847,10.392175256410257,-0.001331580545039619,-0.005060006071150552,-0.014381069886427886,0.9646869971959472,-0.004884270080687208,0.25386745218985707,0.07004611384992206,26.75
17.146,-5.846272115384615,2.0942406410256407,7.13766064102564,0.017576863194522972,-0.04527373853134705,0.008522115488253563,0.9646495398413748,-0.0047649423029914,0.25401070887309957,0.07005084144004695,26.75
17.166,-6.06090483974359,-1.6559947435897435,9.132218301282052,-0.01251685712337242,0.03755057137011726,-0.012250541014364496,0.9647020206347691,-0.005213468920780961,0.2538443460764033,0.06989906358492198,26.75
17.187,-3.39550766025641,1.9406749679487179,8.51256733974359,0.006125270507182248,-0.04607268685837082,-0.01384843766841204,0.9649742202394105,-0.005349168145380465,0.25285716308219686,0.06970936631126112,26.75
17.207,-5.570572339743589,0.8836761538461538,8.614944455128205,0.01464738599543581,0.02210423704765768,-0.0007989483270237714,0.9649222212057019,-0.005409403124754047,0.25309037261929845,0.06957807606360726,26.75
17.227,-4.189379326923077,0.41310064102564104,9.386365,0.011984224905356573,-0.011451592687340724,-0.010652644360316953,0.9651033757259282,-0.005179744570855122,0.25242842082055317,0.0694876735158134,26.75
17.247,-4.929368301282051,0.4589009294871795,8.4057,0.003994741635118857,-0.016511598758491276,0.005060006071150552,0.9650216914143337,-0.004702900682079433,0.252710864505964,0.06962928109381554,26.75
17.267,-5.10807923076923,0.1903855128205128,8.40210782051282,0.001331580545039619,0.019707392066586362,0.015446334322459582,0.9648171366246008,-0.004808283537977312,0.2534613873821554,0.06972874867110414,26.75
17.287,-4.6384017628205125,0.2343897115384615,8.655356474358973,-0.006657902725198095,0.007456851052221867,0.01251685712337242,0.9649392774706794,-0.004871285625147902,0.2529565273259666,0.06986742197840963,26.75
17.308,-4.532432467948718,0.22361317307692305,8.379656698717948,0.0010652644360316954,-0.01464738599543581,0.005326322180158476,0.9651224193044621,-0.004892732938656645,0.25224458471600303,0.0699102739355551,26.75
17.328,-4.532432467948718,0.22361317307692305,8.379656698717948,0.0010652644360316954,-0.01464738599543581,0.005326322180158476,0.9651224193044621,-0.004892732938656645,0.25224458471600303,0.0699102739355551,26.75
17.348,-4.538718782051282,0.510987532051282,8.378758653846154,0.009853696033293181,0.003994741635118857,-0.0055926382891664005,0.9652629486661775,-0.004672023134010426,0.2517467601859772,0.06977951610591723,26.75
17.368,-4.705755128205128,-0.034125705128205126,8.768510128205127,0.003994741635118857,-0.0021305288720633907,0.00346210941710301,0.9653585779992927,-0.00514826652683975,0.2514005609039083,0.069671150501141,26.75
17.388,-5.246378141025641,0.4858422756410256,8.15694157051282,-0.001331580545039619,0.012783173232380343,0.007989483270237714,0.9651745818018629,-0.004973332246576156,0.2520768558108341,0.06978933567880058,26.75
17.408,-4.596193653846154,-0.22002099358974359,8.75234532051282,-0.00026631610900792384,0.006391586616190171,0.004793689962142629,0.965247308254322,-0.00549386558814296,0.2518111376999549,0.06970367478791648,26.75
17.429,-4.580926891025641,0.28019,8.40031173076923,-0.002929477199087162,-0.010918960469324876,0.006391586616190171,0.9653975446928806,-0.005199088297953344,0.25119801273350534,0.06985777394510519,26.75
17.449,-5.016478653846153,0.10776538461538462,8.624822948717949,0.006125270507182248,0.004793689962142629,0.005060006071150552,0.9652686593732897,-0.005515094570996021,0.251706233681848,0.06978517671586307,26.75
17.469,-4.830583365384616,0.5720545833333333,8.385044967948717,0.008255799379245638,0.01038632825130903,0.005858954398174324,0.9651598103242868,-0.004865503765449426,0.25208741018025066,0.06996288327755859,26.75
17.489,-4.830583365384616,0.5720545833333333,8.385044967948717,0.008255799379245638,0.01038632825130903,0.005858954398174324,0.9651598103242868,-0.004865503765449426,0.25208741018025066,0.06996288327755859,26.75
17.510,-4.930266346153846,0.5819330769230768,8.33385641025641,0.004527373853134705,-0.0005326322180158477,-0.0010652644360316954,0.9649109615192282,-0.004314194532240903,0.2530126923828379,0.07009138006034729,26.75
17.530,-4.777598717948718,0.05298464743589743,8.608658141025641,0.002663161090079238,-0.007456851052221867,-0.005858954398174324,0.9649857011399421,-0.004910326356296248,0.25277765321999063,0.0698709046966138,26.75
17.550,-4.616848685897436,0.13111455128205127,8.54399891025641,0.0,-0.014114753777419962,-0.006125270507182248,0.965156590992186,-0.005259716964372141,0.25215649018719677,0.06972943925108828,26.75
17.570,-4.7300023397435895,-0.0062863141025641025,8.627517083333332,0.00026631610900792384,-0.009587379924285258,-0.0023968449810713144,0.9652483983188693,-0.00584548223652545,0.2518399295501799,0.06955580324056515,26.75
17.590,-4.463283012820512,0.15715785256410253,8.65625451923077,0.002929477199087162,-0.005858954398174324,0.00026631610900792384,0.9654118249023141,-0.005905599552271614,0.25121726120118326,0.0695343074121567,26.75
17.610,-4.698570769230769,0.2837821794871795,8.588003108974359,0.004793689962142629,0.0,0.004793689962142629,0.9655189171834455,-0.0054457040977501136,0.2507758074700555,0.06967825525605784,26.75
17.630,-4.698570769230769,0.2837821794871795,8.588003108974359,0.004793689962142629,0.0,0.004793689962142629,0.9655189171834455,-0.0054457040977501136,0.2507758074700555,0.06967825525605784,26.75
17.650,-4.93655266025641,0.34844141025641023,8.404801955128205,0.0037284255261109335,0.009853696033293181,0.00692421883420602,0.9653102569588178,-0.004498467247801749,0.25150981865676203,0.06999059023729082,26.75
17.670,-4.93655266025641,0.34844141025641023,8.404801955128205,0.0037284255261109335,0.009853696033293181,0.00692421883420602,0.9653102569588178,-0.004498467247801749,0.25150981865676203,0.06999059023729082,26.75
17.691,-4.8216029166666665,0.19487573717948717,8.471257275641026,-0.0005326322180158477,-0.0010652644360316954,0.0037284255261109335,0.9652016179032765,-0.0045655187918305674,0.2519072603018851,0.07005515714247712,26.75
17.711,-4.79466157051282,0.16075003205128205,8.616740544871794,0.0023968449810713144,0.0,0.0018642127630554668,0.9652358704604641,-0.005166471550540409,0.251806075953058,0.06990509324269908,26.75
17.731,-4.79466157051282,0.16075003205128205,8.616740544871794,0.0023968449810713144,0.0,0.0018642127630554668,0.9652358704604641,-0.005166471550540409,0.251806075953058,0.06990509324269908,26.75
17.751,-4.810826378205127,0.23349166666666665,8.621230769230769,0.005060006071150552,0.0010652644360316954,0.0037284255261109335,0.9651758434752898,-0.004855323291398934,0.25201734952203025,0.06999480371705932,26.75
17.771,-4.938348749999999,0.4005280128205128,8.355409487179486,0.0031957933080950856,0.006391586616190171,0.003994741635118857,0.9650256726180545,-0.004541321082054298,0.25257199159469024,0.07008720748319834,26.75
17.792,-4.894344551282051,0.04310615384615384,8.44251983974359,0.0021305288720633907,-0.0007989483270237714,0.0037284255261109335,0.9649572575986214,-0.005052415816657714,0.2528553631191412,0.0699723477100112,26.75
17.812,-4.756045641025641,0.3565238141025641,8.605964006410256,0.0015978966540475428,-0.004527373853134705,0.0023968449810713144,0.9650319771152666,-0.004451675792383214,0.25253649698733704,0.0701340389326327,26.75
17.832,-4.756045641025641,0.3565238141025641,8.605964006410256,0.0015978966540475428,-0.004527373853134705,0.0023968449810713144,0.9650319771152666,-0.004451675792383214,0.25253649698733704,0.0701340389326327,26.75
17.852,-4.618644775641025,0.3735866666666667,8.68050173076923,0.0037284255261109335,-0.006657902725198095,-0.00026631610900792384,0.9652296861609482,-0.00465476082077002,0.25180046609730683,0.07004649476253635,26.75
17.872,-4.742574967948718,0.14458522435897433,8.474849455128204,0.005326322180158476,-0.004793689962142629,-0.0010652644360316954,0.9652306297121056,-0.005251341265262307,0.25183704657633543,0.06985955090176828,26.75
17.892,-4.742574967948718,0.14458522435897433,8.474849455128204,0.005326322180158476,-0.004793689962142629,-0.0010652644360316954,0.9652306297121056,-0.005251341265262307,0.25183704657633543,0.06985955090176828,26.75
17.912,-4.7452691025641025,0.1688324358974359,8.463174871794871,0.0037284255261109335,0.0005326322180158477,0.002663161090079238,0.9652833500127848,-0.005320142577807146,0.2516345816892931,0.06985547630001536,26.75
17.933,-4.780292852564102,0.26222910256410253,8.596085512820512,0.0021305288720633907,0.0010652644360316954,0.004527373853134705,0.9653251089349811,-0.004695948799999793,0.251432841062524,0.07004932947403843,26.75
17.953,-4.7605358653846155,0.2290014423076923,8.455990512820513,0.0018642127630554668,0.0023968449810713144,0.0037284255261109335,0.9651907823453809,-0.004977845861268196,0.2519583599927526,0.06999256786156412,26.75
17.974,-4.7605358653846155,0.2290014423076923,8.455990512820513,0.0018642127630554668,0.0023968449810713144,0.0037284255261109335,0.9651907823453809,-0.004977845861268196,0.2519583599927526,0.06999256786156412,26.75
17.994,-4.740778878205128,0.34215509615384615,8.464072916666666,0.003994741635118857,0.002929477199087162,0.00346210941710301,0.9652619783733708,-0.004498249067023304,0.2516464619322306,0.07016507007797917,26.75
18.014,-4.895242596153846,0.1589539423076923,8.585308974358973,0.003994741635118857,0.0037284255261109335,0.0031957933080950856,0.9651560099483341,-0.004922597340058795,0.25207428535820847,0.07005854092962202,26.75
18.034,-4.812622467948717,0.3655042628205128,8.445213974358975,0.0023968449810713144,0.0023968449810713144,0.002929477199087162,0.9650381508071006,-0.004430548751047292,0.25249614721803665,0.07019567910223513,26.75
18.054,-4.907815224358974,0.046698333333333335,8.491912307692308,0.0031957933080950856,-0.0015978966540475428,0.002663161090079238,0.9649703728578916,-0.00493630090710447,0.2527813276134373,0.07006720238345861,26.75
18.074,-4.694080544871794,0.39334365384615383,8.565551987179486,0.004793689962142629,-0.006125270507182248,0.0015978966540475428,0.9650559802716958,-0.004340145213477533,0.2524238331294275,0.07021628407719432,26.75
18.095,-4.740778878205128,0.04939246794871795,8.559265673076922,0.004261057744126781,-0.006391586616190171,0.0015978966540475428,0.965119868522468,-0.004906412872400682,0.252211707952212,0.07006297786797194,26.75
18.115,-4.713837532051282,0.45081852564102565,8.559265673076922,0.004261057744126781,-0.0007989483270237714,0.0021305288720633907,0.9651484213586977,-0.004240889114740606,0.2520664155192419,0.07023575852520587,26.75
18.135,-4.811724423076923,0.08621230769230769,8.539508685897436,0.0031957933080950856,-0.0007989483270237714,0.0021305288720633907,0.9651328880601613,-0.00483329384440143,0.2521576676656327,0.0700832240460885,26.75
18.155,-4.712041442307692,0.46788137820512815,8.550285224358975,0.002929477199087162,-0.0023968449810713144,0.002663161090079238,0.9651588282004534,-0.004172053232617674,0.2520193345567017,0.0702658190598327,26.75
18.175,-4.712041442307692,0.46788137820512815,8.550285224358975,0.002929477199087162,-0.0023968449810713144,0.002663161090079238,0.9651588282004534,-0.004172053232617674,0.2520193345567017,0.0702658190598327,26.75
18.195,-4.706653173076923,0.3969358333333333,8.583512884615384,0.0023968449810713144,0.0,0.0018642127630554668,0.9651829341912068,-0.004172421439167488,0.2519224877027097,0.07028196521914085,26.75
18.216,-4.734492564102564,-0.01077653846153846,8.527834102564102,0.0023968449810713144,-0.001331580545039619,0.0015978966540475428,0.9652162792396967,-0.004776339304008527,0.2518268002884566,0.070128336141725,26.75
18.236,-4.665343108974358,0.38346516025641025,8.630211217948718,0.0055926382891664005,0.0007989483270237714,0.0023968449810713144,0.9653104716073144,-0.004261531341514279,0.2514376430351402,0.07026125832080657,26.75
18.256,-4.7892733012820505,0.013470673076923078,8.497300576923077,0.004527373853134705,0.003994741635118857,0.00346210941710301,0.9653230392460593,-0.0035906287099941145,0.25134810942025765,0.07044618639131761,26.75
18.276,-4.7892733012820505,0.013470673076923078,8.497300576923077,0.004527373853134705,0.003994741635118857,0.00346210941710301,0.9653230392460593,-0.0035906287099941145,0.25134810942025765,0.07044618639131761,26.75
18.296,-4.862912980769231,0.14727935897435898,8.485625993589743,0.0031957933080950856,0.0055926382891664005,0.0055926382891664005,0.9651485452462923,-0.004532742011526928,0.25206115183870875,0.0702347178578091,26.75
18.317,-4.8386657692307695,0.41310064102564104,8.553877403846153,0.0031957933080950856,0.004261057744126781,0.006125270507182248,0.9650601373633837,-0.005024933130447241,0.25241593247671384,0.07014184450891585,26.75
18.337,-4.820704871794871,0.16075003205128205,8.469461185897435,0.002663161090079238,0.0021305288720633907,0.002929477199087162,0.9650696673291331,-0.004364736458377617,0.2523398525948779,0.07032840869293482,26.75
18.357,-4.7452691025641025,0.2819860897435897,8.567348076923077,0.003994741635118857,-0.0015978966540475428,0.0021305288720633907,0.9650659835810227,-0.00495468515883658,0.25238638457023665,0.0701727248532826,26.75
18.377,-4.739880833333333,0.38615929487179484,8.535018461538462,0.002663161090079238,-0.0021305288720633907,0.001331580545039619,0.9650847611791424,-0.004293653102138777,0.25227887538359717,0.07034441923865399,26.75
18.397,-4.8198068269230765,0.034125705128205126,8.47395141025641,0.002663161090079238,-0.001331580545039619,0.002663161090079238,0.9650547695218034,-0.0048746607912849805,0.25242288822177955,0.07020124647870547,26.75
18.418,-4.733594519230769,0.36460621794871795,8.57363439102564,0.003994741635118857,-0.00026631610900792384,0.0007989483270237714,0.9651079377709189,-0.004252306585795233,0.2521883178469953,0.07035366857362536,26.75
18.438,-4.782088942307692,0.0664553205128205,8.502688846153847,0.003994741635118857,-0.0010652644360316954,0.0010652644360316954,0.965105564802627,-0.004846132644975893,0.2522329343623892,0.07018768131466059,26.75
18.458,-4.723716025641026,0.36460621794871795,8.589799198717948,0.003994741635118857,-0.001331580545039619,0.0007989483270237714,0.9651746856856229,-0.004251274073497638,0.2519384218945977,0.07033338008137209,26.75
18.478,-4.814418557692307,0.13201259615384614,8.559265673076922,0.0037284255261109335,-0.0005326322180158477,0.0021305288720633907,0.9651524464174562,-0.004833714029848248,0.25205570873633737,0.07018055340690653,26.75
18.498,-4.69497858974359,0.3592179487179487,8.561061762820513,0.003994741635118857,0.0010652644360316954,0.002929477199087162,0.9652233456001509,-0.004259164663593133,0.2517497145739418,0.0703408404609946,26.75
18.518,-4.784783076923077,0.1553617628205128,8.557469583333333,0.002663161090079238,0.0007989483270237714,0.002663161090079238,0.9652185705138989,-0.004864421860089082,0.25179810985099604,0.07019373483822022,26.75
18.539,-4.7300023397435895,0.3053352564102564,8.521547788461538,0.0021305288720633907,0.00026631610900792384,0.002929477199087162,0.9652504672710219,-0.004226068804896051,0.25163598697222045,0.07037759470205458,26.75
18.559,-4.822500961538461,0.17960897435897435,8.518853653846154,0.0015978966540475428,0.0010652644360316954,0.0018642127630554668,0.9651639000477914,-0.004715053959438533,0.2519934948164477,0.07025448655345462,26.75
18.579,-4.788375256410256,0.2316955769230769,8.535018461538462,0.0031957933080950856,0.0018642127630554668,0.002929477199087162,0.9650671101798087,-0.005162572633289971,0.25238606429928007,0.07014339056902462,26.75
18.599,-4.782088942307692,0.2406760256410256,8.537712596153845,0.002929477199087162,0.001331580545039619,0.0031957933080950856,0.964970986666119,-0.005610909842794674,0.25277365130822305,0.07003566082833601,26.75
18.619,-4.773108493589743,0.2002640064102564,8.54759108974359,0.0037284255261109335,-0.00026631610900792384,0.002663161090079238,0.965040312403466,-0.0061488398634734626,0.25253294264238235,0.0699035055267868,26.75
18.639,-4.746167147435897,0.29006849358974357,8.534120416666667,0.0031957933080950856,-0.00026631610900792384,0.002663161090079238,0.9650868232715444,-0.0055186912151990175,0.2523212324714706,0.0700782650968787,26.75
18.660,-4.835971634615385,0.19846791666666666,8.50897516025641,0.00346210941710301,-0.0005326322180158477,0.003994741635118857,0.9649649237321932,-0.005822146964532707,0.2527987707171117,0.07001128548429243,26.75
18.680,-4.809030288461538,0.3349707371794871,8.527834102564102,0.0023968449810713144,-0.0010652644360316954,0.002929477199087162,0.9649044226715613,-0.00519312279063455,0.252994625365222,0.07018693696731271,26.75
18.700,-4.8216029166666665,0.18230310897435897,8.539508685897436,0.00346210941710301,-0.0018642127630554668,0.0015978966540475428,0.96486220237321,-0.005749034185640419,0.25318550986830274,0.0700355383371812,26.75
18.720,-4.721021891025641,0.3367668269230769,8.522445833333332,0.002663161090079238,-0.0015978966540475428,0.001331580545039619,0.9649277095807071,-0.005155281843329771,0.25290501178222996,0.07019254495939518,26.75
18.740,-4.765026089743589,0.09968298076923077,8.565551987179486,0.002929477199087162,-0.0018642127630554668,0.0021305288720633907,0.9649837359586059,-0.005730767200565221,0.25271866862876646,0.07004871283020345,26.75
18.760,-4.711143397435897,0.3376648717948718,8.544896955128205,0.002929477199087162,-0.0015978966540475428,0.0015978966540475428,0.965059013863667,-0.0051577772092330915,0.2524009474497738,0.07020155853827666,26.75
18.781,-4.747065192307692,0.07992599358974359,8.556571538461538,0.0031957933080950856,-0.0010652644360316954,0.0021305288720633907,0.9651104748259531,-0.005734511613670873,0.2522320154247077,0.07005638552313526,26.75
18.801,-4.732696474358974,0.34574727564102564,8.535018461538462,0.002663161090079238,-0.00026631610900792384,0.0021305288720633907,0.965137693948817,-0.005084342012647045,0.2520926005623936,0.0702331967601341,26.75
18.821,-4.810826378205127,0.12931846153846152,8.546693044871795,0.0031957933080950856,0.0010652644360316954,0.002663161090079238,0.9652290224428931,-0.005562598496777268,0.25176373405852215,0.07012142286641258,26.75
18.841,-4.7416769230769225,0.3376648717948718,8.518853653846154,0.005060006071150552,0.0023968449810713144,0.0018642127630554668,0.965079136305152,-0.005283102350559691,0.25232777791577593,0.07017864340483039,26.75
18.861,-4.801845929487179,0.1553617628205128,8.552081314102564,0.003994741635118857,0.0021305288720633907,0.0031957933080950856,0.9650287908077289,-0.0046158020880781025,0.2524829874387071,0.07035956464676388,26.75
18.881,-4.752453461538461,0.34844141025641023,8.50717907051282,0.00346210941710301,0.0,0.002929477199087162,0.9650155852762379,-0.003936432883387683,0.25249311834914395,0.07054537445105799,26.75
18.902,-4.803642019230769,0.1553617628205128,8.54220282051282,0.00346210941710301,-0.00026631610900792384,0.0023968449810713144,0.9651640431563866,-0.00389523896892021,0.25191912949791556,0.07056875444844023,26.75
18.922,-4.748861282051282,0.2981508974358974,8.525139967948718,0.003994741635118857,0.0005326322180158477,0.0023968449810713144,0.9651433709005619,-0.004483468074253904,0.25203086925610274,0.07041742016533245,26.75
18.942,-4.822500961538461,0.15805589743589743,8.556571538461538,0.0031957933080950856,0.0018642127630554668,0.0021305288720633907,0.9650978595126388,-0.005043960883024101,0.25223577539429276,0.07026943598729953,26.75
18.962,-4.774006538461538,0.16703634615384613,8.525139967948718,0.003994741635118857,-0.0005326322180158477,0.0023968449810713144,0.9651016283163167,-0.005638175682271379,0.25225124028500717,0.07011682944090797,26.75
18.982,-4.774006538461538,0.16703634615384613,8.525139967948718,0.003994741635118857,-0.0005326322180158477,0.0023968449810713144,0.9651016283163167,-0.005638175682271379,0.25225124028500717,0.07011682944090797,26.75
19.002,-4.744371057692307,0.15625980769230768,8.54040673076923,0.0037284255261109335,-0.0005326322180158477,0.0023968449810713144,0.9651602372817162,-0.005527072040804074,0.2520195497813578,0.07015208031811307,26.875
19.023,-4.733594519230769,0.31431570512820506,8.511669294871794,0.00346210941710301,0.0,0.0015978966540475428,0.9651743779259618,-0.004858825340383307,0.25193123528202566,0.07032399804346176,26.875
19.043,-4.735390608974359,0.18499724358974357,8.558367628205128,0.002929477199087162,-0.00026631610900792384,0.0018642127630554668,0.9652609736737116,-0.00536833095260692,0.2516230898874619,0.07020152676935171,26.875
19.063,-4.7434730128205125,0.3107235256410256,8.534120416666667,0.002929477199087162,0.0,0.0021305288720633907,0.965263377873878,-0.004691049113177901,0.2515755929658098,0.07038697619325628,26.875
19.083,-4.767720224358974,0.19487573717948717,8.546693044871795,0.00346210941710301,0.0,0.00346210941710301,0.9652608256266434,-0.005289880490839973,0.2516135248543769,0.07024378823297803,26.875
19.103,-4.757841730769231,0.32599028846153844,8.511669294871794,0.0031957933080950856,0.0,0.002929477199087162,0.9652131697744011,-0.004635059555738444,0.25176007191028055,0.07041959463599858,26.875
19.123,-4.7892733012820505,0.1814050641025641,8.54040673076923,0.002929477199087162,-0.001331580545039619,0.002929477199087162,0.9651814504601448,-0.005214689553948965,0.2519094157738109,0.07027959124101607,26.875
19.144,-4.756943685897435,0.24426820512820513,8.497300576923077,0.002929477199087162,0.0,0.0031957933080950856,0.9650332876632769,-0.005310724076391747,0.25247962275072544,0.07026087109652872,26.875
19.164,-4.7910693910256406,0.19667182692307691,8.543100865384615,0.003994741635118857,0.002663161090079238,0.0031957933080950856,0.9650097759387187,-0.005896449276175449,0.2525967502265238,0.07011594685687875,26.875
19.184,-4.774904583333333,0.24157407051282048,8.521547788461538,0.0037284255261109335,0.0018642127630554668,0.0031957933080950856,0.9649071853180441,-0.005338662144051955,0.2529587794756094,0.07026719216200063,26.875
19.204,-4.799151794871794,0.24965647435897434,8.534120416666667,0.002929477199087162,0.0,0.002929477199087162,0.9647552708437814,-0.005230660423864973,0.2535309156220096,0.07029923466537559,26.875
19.224,-4.799151794871794,0.24965647435897434,8.534120416666667,0.002929477199087162,0.0,0.002929477199087162,0.9647552708437814,-0.005230660423864973,0.2535309156220096,0.07029923466537559,26.875
19.245,-4.79825375,0.2577388782051282,8.552979358974358,0.0037284255261109335,-0.0015978966540475428,0.0018642127630554668,0.9649143871247278,-0.00504262735768397,0.25291029409686366,0.07036462583486437,26.875
19.265,-4.777598717948718,0.23349166666666665,8.491912307692308,0.002663161090079238,-0.0010652644360316954,0.0018642127630554668,0.9648285414465257,-0.00550658454569943,0.25326206012618285,0.07024166881170146,26.875
19.285,-4.75963782051282,0.2604330128205128,8.57543048076923,0.002663161090079238,-0.0007989483270237714,0.0021305288720633907,0.9649673223811238,-0.005261828266180952,0.25271663402871647,0.07031843844325077,26.875
19.305,-4.797355705128204,0.19936596153846153,8.51077125,0.002929477199087162,-0.0005326322180158477,0.0023968449810713144,0.964905053428574,-0.005791156569233712,0.25298021639606083,0.07018340605722803,26.875
19.325,-4.7317984294871795,0.27749586538461535,8.549387179487178,0.0031957933080950856,-0.0007989483270237714,0.0023968449810713144,0.9650204505081688,-0.005373906458866812,0.2525154362221545,0.07030366775579608,26.875
19.345,-4.76143391025641,0.19128355769230768,8.527834102564102,0.0021305288720633907,-0.0018642127630554668,0.002663161090079238,0.9650684367720228,-0.005964865443486625,0.25235744653394576,0.0701644632667563,26.875
19.365,-4.735390608974359,0.32060201923076925,8.546693044871795,0.0023968449810713144,-0.0015978966540475428,0.0021305288720633907,0.9651191531530132,-0.005343994785128668,0.2521295914072016,0.07033584487147976,26.875
19.386,-4.774006538461538,0.18589528846153844,8.541304775641025,0.0037284255261109335,-0.00026631610900792384,0.0023968449810713144,0.9651279447164308,-0.005940414847831546,0.2521250649342669,0.07018342703776659,26.875
19.406,-4.72641016025641,0.2721075961538461,8.55118326923077,0.003994741635118857,-0.00026631610900792384,0.002663161090079238,0.9651731920770229,-0.005300650837218467,0.2519178196867141,0.0703564106591882,26.875
19.426,-4.776700673076923,0.18050701923076923,8.518853653846154,0.0031957933080950856,-0.00026631610900792384,0.0021305288720633907,0.9653203001510389,-0.005208492741464053,0.25134573719347186,0.07039112241142698,26.875
19.446,-4.776700673076923,0.18050701923076923,8.518853653846154,0.0031957933080950856,-0.00026631610900792384,0.0021305288720633907,0.9653203001510389,-0.005208492741464053,0.25134573719347186,0.07039112241142698,26.875
19.466,-4.779394807692308,0.18948746794871796,8.525139967948718,0.0023968449810713144,0.00026631610900792384,0.002663161090079238,0.9650817668475808,-0.004981424934375016,0.252246236922721,0.07045711221942985,26.875
19.486,-4.776700673076923,0.32688833333333334,8.537712596153845,0.0023968449810713144,0.0010652644360316954,0.00346210941710301,0.9649314678678272,-0.00506751520731507,0.25282193609402487,0.0704460874551086,26.875
19.507,-4.820704871794871,0.22720535256410257,8.528732147435898,0.0023968449810713144,0.0010652644360316954,0.002663161090079238,0.9648283987803555,-0.004531151820567807,0.25318417755566636,0.07059321359433289,26.875
19.527,-4.778496762820512,0.25594278846153845,8.515261474358974,0.00346210941710301,0.0005326322180158477,0.002663161090079238,0.964866786803938,-0.005115060991042073,0.25306693147606174,0.07044890394457753,26.875
19.547,-4.769516314102564,0.19936596153846153,8.523343878205129,0.002929477199087162,-0.0007989483270237714,0.0015978966540475428,0.9649182899485339,-0.00569562654672425,0.25289982327580135,0.07029888297907667,26.875
19.567,-4.747065192307692,0.18320115384615382,8.541304775641025,0.003994741635118857,-0.0015978966540475428,0.0018642127630554668,0.9650221872766805,-0.0061482749507490156,0.25252503057230197,0.07018180471688773,26.875
19.588,-4.766822179487179,0.2667193269230769,8.526936057692307,0.0037284255261109335,-0.00026631610900792384,0.0023968449810713144,0.9650237078544897,-0.005469316910353214,0.2524846720141378,0.07036206541326057,26.875
19.608,-4.777598717948718,0.19128355769230768,8.524241923076923,0.00346210941710301,0.0005326322180158477,0.002663161090079238,0.9650159453075406,-0.006065431821503672,0.25254233605465204,0.07021256539303654,26.875
19.629,-4.742574967948718,0.2927626282051282,8.535916506410256,0.002663161090079238,-0.0010652644360316954,0.0015978966540475428,0.9650736460057692,-0.005458144284295707,0.2522904120587927,0.07037481388471166,26.875
19.649,-4.753351506410256,0.19218160256410255,8.561061762820513,0.0031957933080950856,-0.0005326322180158477,0.0018642127630554668,0.9651650589902856,-0.005951193032802754,0.25196377918510304,0.07025130735100567,26.875
19.669,-4.7587397756410255,0.2882724038461538,8.53322237179487,0.0031957933080950856,0.00026631610900792384,0.0015978966540475428,0.9651540364980157,-0.005277847285345929,0.25197259351922985,0.07042472772267361,26.875
19.690,-4.769516314102564,0.23798189102564102,8.526038012820512,0.0031957933080950856,0.0010652644360316954,0.0023968449810713144,0.9650459285140801,-0.005673341423121397,0.25240644848916766,0.07032178763782375,26.875
19.710,-4.795559615384615,0.2478603846153846,8.519751698717949,0.00346210941710301,0.0015978966540475428,0.002663161090079238,0.9648915867255867,-0.005511104690828868,0.2529878454758039,0.07036336854342105,26.875
19.730,-4.765026089743589,0.21014249999999998,8.526936057692307,0.0037284255261109335,0.0,0.0023968449810713144,0.9649724000390663,-0.006023134082431538,0.25270313072017137,0.07023614982965226,26.875
19.751,-4.772210448717948,0.2550447435897436,8.50538298076923,0.0023968449810713144,-0.001331580545039619,0.0015978966540475428,0.9649068260244392,-0.0054092967518232565,0.25292297923745766,0.07039547694093566,26.875
19.771,-4.793763525641025,0.2191229487179487,8.548489134615384,0.002663161090079238,0.0007989483270237714,0.0023968449810713144,0.9649155252861557,-0.006016458030203844,0.25291782822517295,0.07024530916990172,26.875
19.791,-4.779394807692308,0.24965647435897434,8.497300576923077,0.00346210941710301,0.0007989483270237714,0.0031957933080950856,0.9647987714190702,-0.005525329926066048,0.2533367347290422,0.07037968623322917,26.875
19.811,-4.803642019230769,0.2343897115384615,8.568246121794871,0.00346210941710301,-0.0015978966540475428,0.0021305288720633907,0.9649112492228467,-0.005948739061857377,0.25292732013341085,0.07027563131634337,26.875
19.832,-4.775802628205128,0.24516625,8.530528237179487,0.0031957933080950856,-0.0023968449810713144,0.001331580545039619,0.96498976643633,-0.00537555093029501,0.2525988912206177,0.07042481295301928,26.875
19.852,-4.757841730769231,0.2721075961538461,8.568246121794871,0.002929477199087162,-0.0018642127630554668,0.0015978966540475428,0.96510605061287,-0.004951514856090437,0.25213049397121934,0.0705408220882585,26.875
19.872,-4.783885032051281,0.21193858974358973,8.509873205128205,0.002663161090079238,-0.0015978966540475428,0.00346210941710301,0.9650347710658613,-0.005453000132640747,0.2524255929913947,0.07042354312555478,26.875
19.892,-4.7317984294871795,0.2316955769230769,8.57363439102564,0.0031957933080950856,-0.0010652644360316954,0.00346210941710301,0.965184195449922,-0.005511933591437467,0.25185037370295,0.07043065176082808,26.875
19.912,-4.765924134615385,0.19846791666666666,8.520649743589743,0.004261057744126781,0.0,0.002929477199087162,0.9651577340557043,-0.006085905585670268,0.25197930980424466,0.07028468948666801,26.875
19.932,-4.732696474358974,0.2505545192307692,8.555673493589744,0.004261057744126781,0.001331580545039619,0.0023968449810713144,0.9652804109240851,-0.0057391431918660885,0.2514900121455356,0.07038156230641027,26.875
19.952,-4.751555416666666,0.19936596153846153,8.529630192307692,0.00346210941710301,0.0015978966540475428,0.002929477199087162,0.9652848523267519,-0.006338191724530592,0.25149946071807194,0.07023533621121932,26.875
19.972,-4.775802628205128,0.2388799358974359,8.51795560897436,0.0031957933080950856,0.0023968449810713144,0.0037284255261109335,0.9651329307029665,-0.006084215213824006,0.2520666139177823,0.07031237832671187,26.875
19.992,-4.79645766025641,0.2290014423076923,8.535018461538462,0.0031957933080950856,0.0018642127630554668,0.0037284255261109335,0.9651189012754163,-0.005406705351892115,0.25208156708941676,0.0705064356772834,26.875
20.013,-4.754249551282051,0.2640251923076923,8.54759108974359,0.0031957933080950856,0.0,0.0031957933080950856,0.9650244618925804,-0.005845494324380305,0.252462833909818,0.07039982698318983,26.875
20.033,-4.784783076923077,0.23259362179487178,8.515261474358974,0.00346210941710301,0.0005326322180158477,0.002663161090079238,0.9649860804712931,-0.005177090301085097,0.25257400852835626,0.07057926358770832,26.875
20.053,-4.774904583333333,0.29455871794871796,8.504484935897436,0.003994741635118857,0.0005326322180158477,0.0031957933080950856,0.9649700750841569,-0.005762608480082934,0.25266297417537453,0.07043413956623629,26.875
20.073,-4.756045641025641,0.1903855128205128,8.522445833333332,0.0031957933080950856,-0.0007989483270237714,0.002929477199087162,0.9650680003817592,-0.005268964447812498,0.2522584690531268,0.07058085748822626,26.875
20.093,-4.779394807692308,0.2667193269230769,8.515261474358974,0.0023968449810713144,-0.0007989483270237714,0.0031957933080950856,0.9649590547598316,-0.0056472109341250635,0.252692289570907,0.0704892788804852,26.875
20.113,-4.777598717948718,0.19667182692307691,8.535018461538462,0.002663161090079238,-0.0007989483270237714,0.0018642127630554668,0.9649868955628306,-0.006247288523098456,0.25261705998424383,0.0703269776333156,26.875
20.134,-4.773108493589743,0.22091903846153846,8.522445833333332,0.0031957933080950856,-0.0005326322180158477,0.001331580545039619,0.9649845248697474,-0.006851202736527417,0.2526531537181517,0.07017344012689462,26.875
20.154,-4.766822179487179,0.2667193269230769,8.556571538461538,0.002663161090079238,0.0010652644360316954,0.0023968449810713144,0.9650330124397122,-0.00623524851658607,0.25243675842682123,0.07034265826956952,26.875
20.174,-4.76323,0.23708384615384615,8.526936057692307,0.002663161090079238,-0.00026631610900792384,0.0018642127630554668,0.965119209073175,-0.005702244115601538,0.2520793568336743,0.07048683953999071,26.875
20.194,-4.756943685897435,0.24337016025641023,8.568246121794871,0.002929477199087162,-0.001331580545039619,0.0015978966540475428,0.9652670324418722,-0.005555973146216133,0.25150347555114183,0.0705314754485994,26.875
20.214,-4.757841730769231,0.23349166666666665,8.522445833333332,0.003994741635118857,-0.0010652644360316954,0.0021305288720633907,0.9651561163840324,-0.0058989213839229495,0.2519485450342991,0.0704329779868657,26.875
20.234,-4.769516314102564,0.2649232371794872,8.535018461538462,0.00346210941710301,-0.0015978966540475428,0.0021305288720633907,0.9651081697554296,-0.005249254012345807,0.25209730624752474,0.07060888178112212,26.875
20.254,-4.756943685897435,0.20565227564102562,8.53681455128205,0.002929477199087162,-0.001331580545039619,0.0031957933080950856,0.9651574347543069,-0.005823866675301277,0.2519337337907264,0.07047412641315513,26.875
20.275,-4.782986987179487,0.2676173717948718,8.537712596153845,0.00346210941710301,0.00026631610900792384,0.00346210941710301,0.9650599373740444,-0.005257346620765167,0.25227524752896524,0.07063198331007024,26.875
20.295,-4.768618269230769,0.2191229487179487,8.541304775641025,0.00346210941710301,0.0005326322180158477,0.0037284255261109335,0.965096726711976,-0.005839938022378133,0.2521597881220872,0.07049570531563185,26.875
20.315,-4.779394807692308,0.25863692307692304,8.55118326923077,0.004261057744126781,0.0007989483270237714,0.00346210941710301,0.9650554618147765,-0.005163320345576578,0.2522808078979305,0.0706801932003936,26.875
20.335,-4.776700673076923,0.23798189102564102,8.548489134615384,0.003994741635118857,0.00026631610900792384,0.0015978966540475428,0.9650775488084291,-0.005756543958993845,0.25222808320883283,0.07052078437142086,26.875
20.355,-4.785681121794871,0.2577388782051282,8.520649743589743,0.003994741635118857,0.00026631610900792384,0.0018642127630554668,0.9649472078552562,-0.005352516185609292,0.2527084330205785,0.07061646056771533,26.875
20.375,-4.75963782051282,0.22451121794871792,8.555673493589744,0.004527373853134705,0.0007989483270237714,0.0023968449810713144,0.9650726573847295,-0.005662078046786521,0.252243298278867,0.07054094778189007,26.875
20.395,-4.776700673076923,0.265821282051282,8.54759108974359,0.003994741635118857,-0.00026631610900792384,0.0021305288720633907,0.965051132635028,-0.004981275134853961,0.25229082356941807,0.07071660795418191,26.875
20.416,-4.776700673076923,0.22720535256410257,8.528732147435898,0.0023968449810713144,-0.0005326322180158477,0.0018642127630554668,0.9650174234506457,-0.005564905722982247,0.25244941174801144,0.07056698072792066,26.875
20.436,-4.772210448717948,0.24157407051282048,8.550285224358975,0.0018642127630554668,-0.0021305288720633907,0.0018642127630554668,0.9651706261512661,-0.005639278636302146,0.2518627275329335,0.07056222382341931,26.875
20.456,-4.762331955128205,0.24516625,8.535916506410256,0.0018642127630554668,-0.0021305288720633907,0.0021305288720633907,0.965115237433444,-0.00501354219378107,0.2520405766705134,0.070731821551925,26.875
20.476,-4.742574967948718,0.24606429487179488,8.546693044871795,0.002663161090079238,-0.0021305288720633907,0.0015978966540475428,0.9652671213865225,-0.005125396633768706,0.25146181633000303,0.07071117031657007,26.875
20.496,-4.739880833333333,0.25235060897435896,8.54759108974359,0.002663161090079238,-0.001331580545039619,0.001331580545039619,0.9654157750673215,-0.0050057007732011,0.25088240568730946,0.07074844682026966,26.875
20.517,-4.778496762820512,0.2316955769230769,8.526936057692307,0.002929477199087162,0.0010652644360316954,0.0023968449810713144,0.9652853379338067,-0.0052781648767172675,0.25139804076827044,0.07067801952110615,26.875
20.537,-4.738982788461538,0.2532486538461538,8.557469583333333,0.0037284255261109335,0.0015978966540475428,0.0037284255261109335,0.965418814023335,-0.005050438387136334,0.2508666731287848,0.07075958532362069,26.875
20.557,-4.778496762820512,0.21193858974358973,8.526936057692307,0.0031957933080950856,0.002663161090079238,0.00346210941710301,0.9653116323802544,-0.005466458777724859,0.25129757208678927,0.07066187432473801,26.875
20.577,-4.764128044871795,0.2631271474358974,8.535916506410256,0.0031957933080950856,0.001331580545039619,0.0015978966540475428,0.9651650579611422,-0.005200109262808704,0.25184861104451756,0.07072232228559222,26.875
20.597,-4.783885032051281,0.24157407051282048,8.537712596153845,0.00346210941710301,0.0010652644360316954,0.0018642127630554668,0.9651236698166048,-0.005769888210385106,0.25203710179144345,0.07057130911594693,26.875
20.617,-4.782088942307692,0.25953496794871794,8.53322237179487,0.0031957933080950856,0.0015978966540475428,0.002929477199087162,0.9649949259599793,-0.005335941634427691,0.2525062700208204,0.07068878410710411,26.875
20.638,-4.774006538461538,0.22989948717948716,8.50717907051282,0.002663161090079238,0.0005326322180158477,0.00346210941710301,0.9648480858808673,-0.00507378188033664,0.2530501430961282,0.07076759843661798,26.875
20.658,-4.785681121794871,0.2685154166666667,8.535018461538462,0.00346210941710301,-0.0007989483270237714,0.00346210941710301,0.9649974798326494,-0.005114397636587105,0.2524759859525064,0.07077841034355109,26.875
20.678,-4.7910693910256406,0.19936596153846153,8.544896955128205,0.00346210941710301,-0.0005326322180158477,0.002929477199087162,0.964917439002729,-0.005592445872114222,0.25280526339652737,0.07065804452852378,26.875
20.698,-4.780292852564102,0.27480173076923076,8.552979358974358,0.004261057744126781,0.00026631610900792384,0.002929477199087162,0.9649501853037853,-0.004934125290815593,0.2526438609778746,0.0708369522212625,26.875
20.718,-4.742574967948718,0.2613310576923077,8.528732147435898,0.0037284255261109335,-0.0010652644360316954,0.0023968449810713144,0.9650952055314619,-0.004753128742296458,0.25207659168233804,0.07089459748923337,26.875
20.738,-4.755147596153845,0.24337016025641023,8.543100865384615,0.0037284255261109335,-0.0007989483270237714,0.002929477199087162,0.9652029880019797,-0.005180892808988094,0.2516828046833302,0.07079630024573919,26.875
20.758,-4.738982788461538,0.22271512820512818,8.549387179487178,0.004261057744126781,0.0007989483270237714,0.002663161090079238,0.9653103916770867,-0.005589322559473687,0.2512893642023048,0.0706983920068709,26.875
20.779,-4.756045641025641,0.24516625,8.558367628205128,0.004527373853134705,0.0007989483270237714,0.002929477199087162,0.965417728396132,-0.005143249646601338,0.2508508544411422,0.07082376372146407,26.875
20.799,-4.744371057692307,0.21553076923076925,8.549387179487178,0.00346210941710301,0.0010652644360316954,0.002929477199087162,0.9654331982340939,-0.0057403903184738295,0.2508191962726822,0.07067898165371563,26.875
20.819,-4.769516314102564,0.2388799358974359,8.552081314102564,0.002663161090079238,0.001331580545039619,0.002929477199087162,0.9652797216783695,-0.005742088337608966,0.2514076772950494,0.07068427784989463,26.875
20.839,-4.76143391025641,0.2613310576923077,8.497300576923077,0.002663161090079238,0.001331580545039619,0.002663161090079238,0.9651442512887513,-0.0053647910848169025,0.2519068244898554,0.07078661594065243,26.875
20.859,-4.781190897435897,0.22002099358974359,8.527834102564102,0.0031957933080950856,0.0010652644360316954,0.0021305288720633907,0.9650586223118204,-0.005842293672679589,0.2522592587104072,0.07066108901743187,26.875
20.879,-4.784783076923077,0.2694134615384615,8.499096666666667,0.0037284255261109335,0.0015978966540475428,0.0023968449810713144,0.9649316942562278,-0.005395996042511792,0.2527225351881594,0.07077449296592955,26.875
20.899,-4.764128044871795,0.20206009615384612,8.537712596153845,0.00346210941710301,0.0015978966540475428,0.0031957933080950856,0.9649952427126305,-0.005938167151868012,0.2525031104014172,0.07064771015735447,26.875
20.920,-4.771312403846154,0.25863692307692304,8.53322237179487,0.00346210941710301,0.0007989483270237714,0.002929477199087162,0.9649951573275077,-0.005261760759878815,0.25246634588015765,0.07083363894425501,26.875
20.940,-4.747065192307692,0.24337016025641023,8.504484935897436,0.0031957933080950856,-0.0005326322180158477,0.0023968449810713144,0.9651298904801207,-0.005536675307462925,0.25196160292881004,0.07077422113958474,26.875
20.960,-7.81568451923077,0.13740086538461538,9.940458685897434,0.012783173232380343,-0.04527373853134705,-0.0010652644360316954,0.9650982549354014,-0.005472850755676676,0.25210398033394615,0.07070353120623189,26.875
20.980,-1.7287363782051282,-0.15805589743589743,9.136708525641025,0.012250541014364496,-0.1629854587128494,-0.008788431597261486,0.9656622475382715,-0.005296467395351077,0.24996941740286396,0.07059505277097694,26.875
21.000,-5.442151923076923,0.17960897435897435,8.394923461538461,-0.003994741635118857,-0.02290318537468145,-0.0015978966540475428,0.9655748347537269,-0.005418568081856894,0.25031454558257576,0.07055852804618297,26.875
21.020,-6.2225529166666655,0.6923925961538461,8.14975721153846,0.008788431597261486,0.2069276166991568,0.013582121559404114,0.9648965826043799,-0.005319475313910799,0.2528842532861834,0.07068127404527519,26.875
21.041,-3.970256378205128,-0.38346516025641025,8.877173557692307,-0.004261057744126781,0.0961401153518605,0.00346210941710301,0.9647854576583098,-0.005731244345056055,0.253308781504234,0.07064584023241122,26.875
21.061,-4.007974262820513,0.7076593589743588,8.580818749999999,0.0031957933080950856,-0.07749798772130582,0.009321063815277334,0.9650925809468591,-0.005260205009067635,0.2520939062392624,0.07083292230045854,26.875
21.081,-5.756467628205128,-0.2343897115384615,8.216212532051282,0.006125270507182248,-0.013049489341388268,0.005326322180158476,0.9649925786270703,-0.005467428890442998,0.2524848099033098,0.07078736599206806,26.875
21.101,-4.79645766025641,0.8217110576923076,8.499096666666667,0.008522115488253563,0.03302319751698255,-0.0010652644360316954,0.9648800332184903,-0.004778824647082373,0.25289206366216527,0.07091747646362628,26.875
21.121,-4.09957483974359,-0.18230310897435897,8.845741987179487,-0.00026631610900792384,-0.022636869265673525,0.002929477199087162,0.9650750159012924,-0.005020992298901976,0.2521510332607468,0.07088624510433894,26.875
21.141,-5.0335415064102556,0.4184889102564102,8.408394134615383,-0.0015978966540475428,-0.007190534943213943,0.006391586616190171,0.9649469876103075,-0.004766680426078776,0.25261082188774675,0.07100959459612502,26.875
21.161,-5.129632307692308,-0.0062863141025641025,8.44611201923077,0.005858954398174324,0.025566346464760685,0.0005326322180158477,0.9650142818941589,-0.005064597473054934,0.252373684408048,0.07091762130136485,26.875
21.182,-4.3959296474358975,0.46428919871794866,8.64368189102564,0.004793689962142629,-0.004793689962142629,0.00346210941710301,0.9651523073792433,-0.004712776008092963,0.2518225458940496,0.07102266315944197,26.875
21.202,-4.942838974358974,0.007184358974358974,8.47215532051282,0.004527373853134705,-0.009321063815277334,0.004261057744126781,0.9650358838393978,-0.004870840195037753,0.25227503528494766,0.07098819894943939,26.875
21.222,-5.095506602564103,0.4175908653846154,8.411088269230769,0.005326322180158476,0.01038632825130903,0.00026631610900792384,0.9648648656913902,-0.004620074462866713,0.25292332665839595,0.07102278999267496,26.875
21.242,-4.459690833333333,0.2191229487179487,8.636497532051282,0.0037284255261109335,-0.007190534943213943,0.004793689962142629,0.965028849436102,-0.004671119212700516,0.2522908901059827,0.07104088379845064,26.875
21.262,-4.712041442307692,0.3439511858974359,8.57543048076923,0.0021305288720633907,-0.011984224905356573,0.00346210941710301,0.9649262717500794,-0.004282824922860327,0.2526580300097149,0.07115382891160704,26.875
21.283,-4.885364102564102,0.19218160256410255,8.526038012820512,0.005326322180158476,0.006657902725198095,-0.001331580545039619,0.9650015879333582,-0.004789253561583013,0.2524103547543416,0.0709789486341375,26.875
21.303,-4.5144715705128196,0.22091903846153846,8.635599487179487,0.0037284255261109335,-0.0010652644360316954,-0.0007989483270237714,0.9651633356968872,-0.004785722292895229,0.2517863842225549,0.07099611967371924,26.875
21.323,-5.00839625,0.195773782051282,8.422762852564102,0.0037284255261109335,-0.0023968449810713144,0.005060006071150552,0.9650041589435385,-0.004909485110505921,0.25239927735985535,0.07097517147458285,26.875
21.343,-4.843155993589743,0.273005641025641,8.483829903846154,0.003994741635118857,0.010652644360316953,0.0023968449810713144,0.9648336172913788,-0.004809126288625004,0.25304791736909904,0.0709909484648209,26.875
21.363,-4.51985983974359,0.10956147435897436,8.690380224358973,0.00346210941710301,-0.0010652644360316954,0.0015978966540475428,0.9649986396996144,-0.004994781464850889,0.2524265095169549,0.07094740889630176,26.875
21.383,-4.765924134615385,0.2685154166666667,8.541304775641025,0.0021305288720633907,-0.009587379924285258,0.0010652644360316954,0.9650830051539396,-0.0044382865245384245,0.25207122766462703,0.07109986609983769,26.875
21.404,-4.878179743589744,0.19128355769230768,8.499994711538461,0.0031957933080950856,0.004793689962142629,0.0031957933080950856,0.9649408004722861,-0.0047565373919961785,0.25262896235408233,0.07102981286644314,26.875
21.424,-4.633911538461538,0.2640251923076923,8.587105064102564,0.002929477199087162,0.0055926382891664005,0.004527373853134705,0.9650837699398805,-0.004666190365112285,0.2520645831541588,0.07109844995092755,26.875
21.444,-4.815316602564102,0.2388799358974359,8.526038012820512,0.0023968449810713144,-0.002663161090079238,0.006657902725198095,0.9649525446870926,-0.00491138955224759,0.2525691630736789,0.07107237591942517,26.875
21.464,-4.983250993589743,0.3439511858974359,8.438927660256411,0.004261057744126781,0.004261057744126781,0.0055926382891664005,0.964783038163805,-0.004689133498223461,0.25320252011426075,0.07113497807858987,26.875
21.484,-4.709347307692307,0.24157407051282048,8.554775448717947,0.0055926382891664005,0.006391586616190171,0.002929477199087162,0.964930676586799,-0.004754572228839256,0.2526440485314391,0.07111376917522341,26.875
21.504,-4.673425512820512,0.2218170833333333,8.562857852564102,0.003994741635118857,-0.005060006071150552,0.00026631610900792384,0.9650936714142838,-0.004889447308326905,0.252030224207715,0.07107084343756134,26.875
21.524,-4.8180107371794865,0.2316955769230769,8.529630192307692,0.0023968449810713144,-0.0007989483270237714,0.0010652644360316954,0.9649691639283474,-0.005174039042711629,0.2525243804632847,0.07098717672259512,26.875
21.545,-4.749759326923076,0.20116205128205128,8.527834102564102,0.0023968449810713144,0.0,0.0018642127630554668,0.9650416054626474,-0.0057207393051624585,0.25227336400800726,0.07085282407894412,27.0
21.565,-4.718327756410257,0.2352877564102564,8.57722657051282,0.00346210941710301,-0.0018642127630554668,0.002663161090079238,0.9651941355185526,-0.005698632409087489,0.25168414069561434,0.07087241827093446,27.0
21.585,-4.820704871794871,0.2676173717948718,8.46856314102564,0.004261057744126781,0.001331580545039619,0.0023968449810713144,0.9650413021542434,-0.005520388181772045,0.2522624647637282,0.07091163037255342,27.0
21.605,-4.840461858974359,0.287374358974359,8.54220282051282,0.004793689962142629,0.0018642127630554668,0.002929477199087162,0.9648987757684494,-0.005163835961096602,0.25278977266421,0.07100012785264272,27.0
21.625,-4.752453461538461,0.22271512820512818,8.529630192307692,0.004527373853134705,-0.0010652644360316954,0.0031957933080950856,0.965008470892546,-0.0055776969625824045,0.25238910744539156,0.07090330630614068,27.0
21.645,-4.72641016025641,0.19936596153846153,8.564653942307691,0.00346210941710301,-0.00346210941710301,0.0015978966540475428,0.9651463987555772,-0.0058865438522305285,0.25187594505566563,0.07082574301009278,27.0
21.665,-4.707551217948718,0.17871092948717948,8.564653942307691,0.002929477199087162,-0.0015978966540475428,0.0010652644360316954,0.9652740736630543,-0.006240398978424796,0.2514034092349548,0.07073433366876707,27.0
21.686,-4.708449262820513,0.2577388782051282,8.586207019230768,0.002929477199087162,0.0005326322180158477,0.0023968449810713144,0.9654022011544322,-0.005934608872678238,0.2508921855066797,0.07082712527970872,27.0
21.706,-4.791967435897435,0.22361317307692305,8.532324326923076,0.0031957933080950856,0.0023968449810713144,0.002663161090079238,0.9652540070464233,-0.006077869317609755,0.2514684202692686,0.07079120702926578,27.0
21.726,-4.780292852564102,0.2819860897435897,8.513465384615385,0.0031957933080950856,0.001331580545039619,0.004261057744126781,0.9651405470678105,-0.005565470549021343,0.2518730321603502,0.07094170574187536,27.0
21.746,-4.770414358974358,0.2667193269230769,8.513465384615385,0.0023968449810713144,0.0015978966540475428,0.005060006071150552,0.9649906908310667,-0.005295817842412675,0.2524251902223099,0.07103832954111122,27.0
21.766,-4.8332775,0.2640251923076923,8.534120416666667,0.0031957933080950856,0.002929477199087162,0.004261057744126781,0.9648815013137882,-0.005709023762542655,0.2528586875516159,0.07094772441596046,27.0
21.786,-4.775802628205128,0.20385618589743587,8.513465384615385,0.0037284255261109335,0.001331580545039619,0.0023968449810713144,0.9650262340641523,-0.005747796779145929,0.25230478557231417,0.07094804844006702,27.0
21.806,-4.712939487179487,0.21463272435897432,8.553877403846153,0.002929477199087162,0.00026631610900792384,0.001331580545039619,0.9651693899809912,-0.005917580715910424,0.2517638758202154,0.07090826266504653,27.0
21.826,-4.790171346153846,0.22091903846153846,8.506281025641025,0.002929477199087162,0.0010652644360316954,0.0015978966540475428,0.9650235649475737,-0.005650128771178679,0.25231085377838935,0.0709706150907929,27.0
21.847,-4.8027439743589735,0.23977798076923076,8.526936057692307,0.004261057744126781,-0.0005326322180158477,0.0018642127630554668,0.96492840766419,-0.006070732052418238,0.2526983103102257,0.07085109922475118,27.0
21.867,-4.76323,0.23708384615384615,8.522445833333332,0.003994741635118857,-0.0037284255261109335,0.0007989483270237714,0.9649715663753848,-0.00541575996219242,0.252503535711717,0.07101063359912937,27.0
21.887,-4.782986987179487,0.23798189102564102,8.549387179487178,0.002929477199087162,-0.0037284255261109335,0.0005326322180158477,0.9650009686436058,-0.0060203289226944965,0.25242450562459157,0.07084317268972043,27.0
21.907,-4.738084743589743,0.27031150641025636,8.590697243589743,0.0021305288720633907,-0.001331580545039619,0.0010652644360316954,0.9651276098862034,-0.005670645614970528,0.25192092633748053,0.07093932116195943,27.0
21.927,-4.718327756410257,0.2074483653846154,8.552979358974358,0.002663161090079238,-0.0010652644360316954,0.0018642127630554668,0.9652626610318644,-0.005960348253778854,0.25141474374211675,0.07087380401434226,27.0
21.948,-4.7282062499999995,0.2927626282051282,8.556571538461538,0.0037284255261109335,-0.0007989483270237714,0.002663161090079238,0.9653217406959037,-0.005346435334497759,0.2511542354115113,0.07104155547215761,27.0
21.968,-4.777598717948718,0.2388799358974359,8.50897516025641,0.005060006071150552,0.0015978966540475428,0.0037284255261109335,0.9651729396711964,-0.005443449272046512,0.25173023984830295,0.07101726362230203,27.0
21.988,-4.777598717948718,0.2909665384615384,8.53861064102564,0.0037284255261109335,0.002663161090079238,0.002663161090079238,0.9650903089856512,-0.004829167761411115,0.2520137433142259,0.07117898440877182,27.0
22.009,-4.783885032051281,0.22720535256410257,8.53681455128205,0.0023968449810713144,0.0023968449810713144,0.002663161090079238,0.9650232487794033,-0.005370276247387544,0.25229673237332356,0.07104680346093296,27.0
22.029,-4.790171346153846,0.20385618589743587,8.515261474358974,0.002663161090079238,0.0,0.002663161090079238,0.9649549562849593,-0.005891459402066186,0.252582459552711,0.07091772820324456,27.0
22.049,-4.790171346153846,0.21553076923076925,8.511669294871794,0.002663161090079238,-0.001331580545039619,0.0023968449810713144,0.9648609311221346,-0.006324607390916708,0.2529617869834026,0.07080760737125776,27.0
22.069,-4.783885032051281,0.22989948717948716,8.519751698717949,0.0031957933080950856,-0.0010652644360316954,0.0021305288720633907,0.9647186117384291,-0.006437146685242026,0.253510546646214,0.07077404924948573,27.0
22.089,-4.79466157051282,0.2352877564102564,8.558367628205128,0.00346210941710301,0.00026631610900792384,0.0021305288720633907,0.9648552487457503,-0.0061874663808673055,0.25297558788291924,0.07084783809583214,27.0
22.110,-4.800947884615384,0.2792919551282051,8.513465384615385,0.00346210941710301,-0.0005326322180158477,0.0023968449810713144,0.9647662750506415,-0.005610816599469237,0.25328594712564306,0.07099846653740584,27.0
22.130,-4.782088942307692,0.26222910256410253,8.524241923076923,0.00346210941710301,0.0,0.002663161090079238,0.9647897809896833,-0.004949296832641558,0.2531593245917218,0.07117962721878149,27.0
22.150,-4.740778878205128,0.22989948717948716,8.528732147435898,0.004261057744126781,-0.0010652644360316954,0.0018642127630554668,0.9649263045796114,-0.005217971772785969,0.2526522270876638,0.0711115437081575,27.0
22.170,-4.742574967948718,0.2406760256410256,8.54399891025641,0.0037284255261109335,-0.003994741635118857,0.0005326322180158477,0.96508370010066,-0.005328374195778879,0.25205808352603304,0.07107589434985988,27.0
22.190,-4.7300023397435895,0.2002640064102564,8.552979358974358,0.0021305288720633907,-0.002663161090079238,0.001331580545039619,0.9652015510371845,-0.005754597397261548,0.25162651563248917,0.07097145281633555,27.0
22.210,-4.7434730128205125,0.24606429487179488,8.545795,0.002663161090079238,-0.00026631610900792384,0.0021305288720633907,0.9653366114027022,-0.005493623486721472,0.25109093658127335,0.07105201160610045,27.0
22.230,-4.770414358974358,0.2164288141025641,8.53681455128205,0.0037284255261109335,0.0015978966540475428,0.002929477199087162,0.9652452561750795,-0.005951791331166757,0.25146410556693705,0.07093641676089833,27.0
22.251,-4.783885032051281,0.2694134615384615,8.51795560897436,0.0031957933080950856,0.0021305288720633907,0.0031957933080950856,0.9651112152757483,-0.005542342843421896,0.25195550580336845,0.07104961421530102,27.0
22.271,-4.809928333333333,0.21732685897435897,8.525139967948718,0.002663161090079238,0.0015978966540475428,0.00346210941710301,0.9649838682383888,-0.005852764543119796,0.2524552800475259,0.07098035476809045,27.0
22.291,-4.777598717948718,0.25953496794871794,8.535018461538462,0.00346210941710301,0.00026631610900792384,0.002929477199087162,0.9649393434637296,-0.005189195266783237,0.25258921967083015,0.07116053537144688,27.0
22.311,-4.784783076923077,0.21822490384615384,8.535018461538462,0.0031957933080950856,-0.0010652644360316954,0.0021305288720633907,0.9649275576275884,-0.005783602178922071,0.2526644506834699,0.07100728017262328,27.0
22.331,-4.76323,0.2532486538461538,8.526936057692307,0.0031957933080950856,-0.001331580545039619,0.0015978966540475428,0.9650763839517,-0.005651291206030705,0.2520871101255121,0.07104734305365398,27.0
22.351,-4.771312403846154,0.2290014423076923,8.557469583333333,0.002929477199087162,0.00026631610900792384,0.0018642127630554668,0.9649290547230535,-0.005731851797515409,0.25265607878527846,0.07102092001018558,27.0
22.371,-4.749759326923076,0.2640251923076923,8.54040673076923,0.0031957933080950856,0.0,0.0021305288720633907,0.9649213209549599,-0.005057210960002892,0.2526496048394902,0.07120004324641184,27.0
22.391,-4.780292852564102,0.25684083333333335,8.535916506410256,0.0021305288720633907,-0.0015978966540475428,0.002663161090079238,0.9647735269238579,-0.004983171160385863,0.2532080329573267,0.071224306230161,27.0
22.411,-4.780292852564102,0.2604330128205128,8.523343878205129,0.0015978966540475428,-0.0010652644360316954,0.00346210941710301,0.9649081589719203,-0.005278886916813506,0.252701850863607,0.07117691109093095,27.0
22.431,-4.740778878205128,0.25684083333333335,8.561959807692308,0.0023968449810713144,-0.00026631610900792384,0.0023968449810713144,0.9650504454389298,-0.005475247617420698,0.2521634468598608,0.07114250128724287,27.0
22.452,-4.757841730769231,0.23798189102564102,8.555673493589744,0.00346210941710301,0.00026631610900792384,0.0018642127630554668,0.965195918271123,-0.005365877617775798,0.2515983577103008,0.07117803809908017,27.0
22.472,-4.740778878205128,0.23349166666666665,8.553877403846153,0.002929477199087162,0.0,0.0023968449810713144,0.9653262025562797,-0.005658001452474114,0.2511088524368593,0.0711171843205287,27.0
22.492,-4.782986987179487,0.24247211538461536,8.553877403846153,0.002663161090079238,0.0015978966540475428,0.0023968449810713144,0.9651721599844721,-0.005676454947210159,0.25170135235870317,0.07111194464322322,27.0
22.512,-4.76323,0.24426820512820513,8.504484935897436,0.002929477199087162,0.001331580545039619,0.0023968449810713144,0.9650202146425182,-0.005625124904102416,0.2522798299822492,0.07112826924120165,27.0
22.532,-4.755147596153845,0.19936596153846153,8.50538298076923,0.002663161090079238,-0.00026631610900792384,0.002929477199087162,0.9650339065907367,-0.006229876053943332,0.2522539005463878,0.07098392376944797,27.0
22.552,-4.7892733012820505,0.24426820512820513,8.531426282051282,0.0023968449810713144,-0.001331580545039619,0.002663161090079238,0.964897721349945,-0.005922100006190371,0.2527573868449185,0.07107052455504187,27.0
22.572,-4.742574967948718,0.2406760256410256,8.548489134615384,0.0021305288720633907,-0.0021305288720633907,0.002663161090079238,0.9650489286842011,-0.005836811844275499,0.25216978412512214,0.07111186150889107,27.0
22.593,-4.791967435897435,0.2577388782051282,8.527834102564102,0.002929477199087162,-0.001331580545039619,0.002663161090079238,0.9649115496409514,-0.005491751973041176,0.2526760852050659,0.0712063058668734,27.0
22.613,-4.792865480769231,0.24606429487179488,8.548489134615384,0.0037284255261109335,0.0,0.0031957933080950856,0.9647831939433358,-0.005749443088747115,0.2531773971341348,0.07114448797376906,27.0
22.633,-4.76323,0.27480173076923076,8.53681455128205,0.003994741635118857,-0.0007989483270237714,0.0031957933080950856,0.9648693207335068,-0.005201033951601005,0.2528167688228915,0.07130094357754488,27.0
22.653,-4.783885032051281,0.25235060897435896,8.54399891025641,0.0037284255261109335,-0.0010652644360316954,0.002929477199087162,0.9649957224076883,-0.005542783194083161,0.25234818943688575,0.0712244661422806,27.0
22.673,-4.767720224358974,0.24606429487179488,8.513465384615385,0.002929477199087162,-0.001331580545039619,0.0023968449810713144,0.9648513305404515,-0.005579501683970993,0.2529022146578975,0.07121270207210148,27.0
22.693,-4.76323,0.2218170833333333,8.543100865384615,0.0023968449810713144,-0.0021305288720633907,0.0015978966540475428,0.9649737153517285,-0.005974874086120722,0.25245270294235833,0.07111724359839776,27.0
22.713,-4.774006538461538,0.2478603846153846,8.535018461538462,0.0031957933080950856,-0.0015978966540475428,0.0015978966540475428,0.964966635019339,-0.005300296292164986,0.2524458118069118,0.07129103912707653,27.0
22.733,-4.776700673076923,0.23798189102564102,8.53861064102564,0.0037284255261109335,-0.0005326322180158477,0.0018642127630554668,0.9649735971399712,-0.005897721530222443,0.2524504887524115,0.07113314580535011,27.0
22.753,-4.767720224358974,0.25145256410256406,8.541304775641025,0.0031957933080950856,0.0,0.0021305288720633907,0.9650555909519024,-0.005353888542421818,0.25210682772487175,0.07128246393364611,27.0
22.774,-4.767720224358974,0.24965647435897434,8.54399891025641,0.002929477199087162,0.0,0.0023968449810713144,0.9652004766300122,-0.005487977850806366,0.2515544778316893,0.07126195826057959,27.0
22.794,-4.769516314102564,0.2263073076923077,8.525139967948718,0.002929477199087162,0.0,0.0023968449810713144,0.9651052766457795,-0.005925949745452205,0.251941220950798,0.07114990720942033,27.0
22.814,-4.756045641025641,0.2316955769230769,8.535018461538462,0.0031957933080950856,-0.0007989483270237714,0.0018642127630554668,0.9652213649947791,-0.006325597842825008,0.2515140362513567,0.0710520438699524,27.0
22.834,-4.76323,0.24875842948717947,8.528732147435898,0.0037284255261109335,-0.0007989483270237714,0.0021305288720633907,0.9651228516506184,-0.005781418054656479,0.2518661451435523,0.0711891941068504,27.0
22.854,-4.7282062499999995,0.2505545192307692,8.524241923076923,0.0037284255261109335,0.0007989483270237714,0.002663161090079238,0.9652514706597716,-0.005477996561858443,0.2513537581366891,0.07128027927399912,27.0
22.874,-4.779394807692308,0.2640251923076923,8.535018461538462,0.0031957933080950856,0.0005326322180158477,0.002929477199087162,0.9651097778219627,-0.005162923553662006,0.2518798125000313,0.07136540497867422,27.0
22.894,-4.790171346153846,0.2532486538461538,8.522445833333332,0.0031957933080950856,0.0005326322180158477,0.0031957933080950856,0.96495827073367,-0.005178445625116109,0.25245908268427303,0.07136617555823252,27.0
22.915,-4.7910693910256406,0.23259362179487178,8.519751698717949,0.002929477199087162,-0.00026631610900792384,0.002663161090079238,0.9648484586026059,-0.005552866734869093,0.25289715550130043,0.07127163771481203,27.0
22.935,-4.782986987179487,0.2316955769230769,8.517057564102563,0.0031957933080950856,-0.001331580545039619,0.0015978966540475428,0.9648956143231042,-0.006137001661733172,0.2527466550222669,0.07111904840264992,27.0
22.955,-4.737186698717949,0.23618580128205127,8.534120416666667,0.002663161090079238,-0.0018642127630554668,0.0015978966540475428,0.965047951173351,-0.006225951496654447,0.2521664968973917,0.0711037784268656,27.0
22.975,-4.7605358653846155,0.2164288141025641,8.54040673076923,0.0015978966540475428,-0.0018642127630554668,0.0021305288720633907,0.9650058496931503,-0.006800011370964484,0.25235248815679284,0.07096260722684694,27.0
22.996,-4.782986987179487,0.22271512820512818,8.549387179487178,0.0023968449810713144,-0.0005326322180158477,0.002663161090079238,0.9651089987444952,-0.006335086151089415,0.2519309162381234,0.07110063761511451,27.0
23.016,-4.7605358653846155,0.24337016025641023,8.563755897435897,0.0031957933080950856,0.0005326322180158477,0.00346210941710301,0.9651007838486394,-0.005657517863723117,0.2519243838929068,0.07129217563339438,27.0
23.036,-4.769516314102564,0.25953496794871794,8.534120416666667,0.0037284255261109335,0.00026631610900792384,0.0023968449810713144,0.9651717594625976,-0.005079446518422965,0.2516200467509051,0.07144946488261956,27.0
23.056,-4.757841730769231,0.2352877564102564,8.523343878205129,0.00346210941710301,-0.0005326322180158477,0.0021305288720633907,0.9651228072453109,-0.0056294179104663415,0.25183691602990843,0.07130528951953595,27.0
23.077,-4.76143391025641,0.2406760256410256,8.571838301282051,0.0021305288720633907,-0.0007989483270237714,0.0018642127630554668,0.9652714837097616,-0.005733527487446884,0.25126795059128987,0.07129169941135768,27.0
23.097,-4.735390608974359,0.25863692307692304,8.509873205128205,0.0023968449810713144,-0.0010652644360316954,0.0021305288720633907,0.9652328516184893,-0.005079265360447143,0.2513806755193506,0.07146676986734987,27.0
23.117,-4.767720224358974,0.2263073076923077,8.55118326923077,0.00346210941710301,0.00026631610900792384,0.002663161090079238,0.9652017675952128,-0.005657251317113477,0.25152890959575197,0.07132146224092657,27.0
23.137,-4.76143391025641,0.2541466987179487,8.531426282051282,0.0037284255261109335,0.001331580545039619,0.0021305288720633907,0.9650781829887342,-0.005198729354034915,0.25198030015119427,0.07143530127311751,27.0
23.157,-4.774904583333333,0.22451121794871792,8.520649743589743,0.00346210941710301,0.0015978966540475428,0.0018642127630554668,0.9650055301180747,-0.0057126833961832595,0.2522863485454253,0.0712971978942009,27.0
23.178,-4.769516314102564,0.2577388782051282,8.526936057692307,0.002663161090079238,0.0010652644360316954,0.0018642127630554668,0.9649454521005273,-0.005077196329633247,0.2524825371298693,0.07146373200724784,27.0
23.198,-4.782088942307692,0.22091903846153846,8.520649743589743,0.0023968449810713144,-0.0005326322180158477,0.0021305288720633907,0.9649038551275851,-0.005649482820214965,0.25267023791297594,0.07131889354714208,27.0
23.218,-4.76143391025641,0.26222910256410253,8.520649743589743,0.002663161090079238,-0.0005326322180158477,0.0015978966540475428,0.9649594748300779,-0.0050418580046763676,0.2524246145508142,0.07148150510722136,27.0
23.238,-4.750657371794872,0.24247211538461536,8.529630192307692,0.0021305288720633907,-0.00026631610900792384,0.0010652644360316954,0.9650865303997522,-0.005390084136130262,0.251955401207499,0.07139615981508973,27.0
23.258,-4.781190897435897,0.26222910256410253,8.515261474358974,0.0021305288720633907,-0.00026631610900792384,0.0015978966540475428,0.964942151976552,-0.0051521933714597365,0.25249631772852155,0.07145423553479173,27.0
23.278,-4.754249551282051,0.2316955769230769,8.53322237179487,0.00346210941710301,0.0,0.0018642127630554668,0.965047596040562,-0.005590400063083846,0.2521146973778121,0.07134468564343915,27.0
23.298,-4.799151794871794,0.2631271474358974,8.588003108974359,0.00346210941710301,-0.0015978966540475428,0.0015978966540475428,0.9650000959211172,-0.004938266609360287,0.2522635487839483,0.07150895293638532,27.0
23.318,-4.7452691025641025,0.23977798076923076,8.466767051282051,0.0031957933080950856,-0.0021305288720633907,0.001331580545039619,0.964927141327533,-0.005426763196676191,0.2525709713269729,0.07137273018199426,27.0
23.339,-4.781190897435897,0.23259362179487178,8.558367628205128,0.002929477199087162,-0.0007989483270237714,0.0015978966540475428,0.965006281021147,-0.005958377417366495,0.25229471564131245,0.07123729211414932,27.0
23.359,-4.771312403846154,0.23977798076923076,8.553877403846153,0.0037284255261109335,0.0,0.001331580545039619,0.965153534861489,-0.005863015148328119,0.2517258352222542,0.07126277485055973,27.0
23.379,-4.803642019230769,0.21553076923076925,8.57363439102564,0.0031957933080950856,-0.00026631610900792384,0.002663161090079238,0.9650659622957808,-0.006323045043774325,0.25208311442192116,0.07114640498885184,27.0
23.399,-8.384146923076923,0.7723185897435897,6.549441249999999,-0.004261057744126781,-0.025566346464760685,0.005326322180158476,0.9649751539876316,-0.006296204293708097,0.25241259869535243,0.07121228839110362,27.0
23.419,-0.18320115384615382,0.756153782051282,9.082825833333333,-0.004793689962142629,-0.15472965933360375,0.0007989483270237714,0.9655065405387397,-0.006117918489255245,0.2503580085180243,0.07127803884200633,27.0
23.440,-3.9612759294871793,-0.791177532051282,8.176698557692308,0.0023968449810713144,-0.1006674892049952,-0.06631271114297303,0.9658919806132434,-0.006726770019410988,0.24907185655460634,0.0705027845164534,27.0
23.460,-6.183936987179487,1.624563173076923,8.146165032051282,0.023435817592697295,0.1845570635424912,-0.059654808417774936,0.9653489827674216,-0.006396584442231292,0.2513317060725794,0.06994854323018089,27.0
23.480,-5.21853875,-0.8863702884615384,8.331162275641026,0.0031957933080950856,0.19547602401181607,0.01384843766841204,0.9647949002727105,-0.007055548008782417,0.2534445475911297,0.06990622966799252,27.0
23.500,-3.6370817307692307,1.1180658653846154,9.184304903846153,-0.014114753777419962,-0.05060006071150552,0.042876893550275734,0.9650093878026035,-0.006683319961100053,0.2524828339436649,0.07046015363961237,27.0
23.521,-5.273319487179487,-0.43016349358974354,8.349123173076922,0.002663161090079238,-0.07909588437535338,0.03195793308095086,0.9650431031271806,-0.006674145393321951,0.25228137062514255,0.07072039964133656,27.0
23.541,-5.267931217948718,0.9231901282051281,8.251236282051282,0.01251685712337242,0.02024002428460221,0.0010652644360316954,0.965015491944767,-0.005941398744108444,0.2523656614537007,0.0708616469368238,27.0
23.561,-4.216320673076923,-0.13740086538461538,8.684991955128204,0.006391586616190171,-0.00346210941710301,-0.0021305288720633907,0.965162792465852,-0.00617492898769029,0.2518259297045861,0.07075560345256422,27.0
23.581,-4.602479967948717,0.3493394551282051,8.725403974358974,-0.004527373853134705,-0.021038972611625982,0.003994741635118857,0.9650746086561253,-0.00591197118461282,0.2521368487733469,0.0708735339501664,27.0
23.602,-5.193393493589744,0.007184358974358974,8.247644102564102,0.002663161090079238,0.01597896654047543,0.0021305288720633907,0.9649463491711385,-0.006390980268712518,0.25264967841167735,0.07075195114604389,27.0
23.622,-4.6231349999999996,0.3107235256410256,8.640089711538462,0.004527373853134705,0.007456851052221867,-0.0007989483270237714,0.9650318308374823,-0.00592047916057599,0.25230671329637144,0.07085079973118609,27.0
23.642,-4.633013493589743,0.18679333333333334,8.529630192307692,0.004527373853134705,-0.01251685712337242,0.004793689962142629,0.9651873934460946,-0.0060665110075357265,0.25171346917752196,0.07082953064609442,27.0
23.662,-5.020070833333333,0.4993129487179487,8.486524038461539,0.00346210941710301,0.006391586616190171,0.0007989483270237714,0.9650418524384445,-0.005614494769523262,0.25225273166865425,0.07093137427373371,27.0
23.682,-4.445322115384615,0.140095,8.623924903846154,0.004527373853134705,0.0010652644360316954,0.004261057744126781,0.9652112249482333,-0.005712547007976991,0.25159521214458663,0.07095426179260138,27.0
23.703,-4.72641016025641,0.3879553846153846,8.598779647435897,-0.00026631610900792384,-0.014381069886427886,0.005326322180158476,0.9652705629017001,-0.005085541239662497,0.25132618100075443,0.07114793327504947,27.0
23.723,-4.828787275641026,0.09160057692307691,8.54040673076923,0.0031957933080950856,0.0005326322180158477,0.0015978966540475428,0.9652125292813079,-0.005647485073901082,0.25158816087345,0.070966728394619,27.0
23.743,-4.524350064102564,0.28288413461538464,8.613148365384614,0.003994741635118857,0.00346210941710301,-0.0018642127630554668,0.9653607435431851,-0.005470371202160811,0.2510127390034566,0.07100221632204085,27.0
23.763,-4.888956282051282,0.25953496794871794,8.43713157051282,0.0037284255261109335,-0.002929477199087162,0.00346210941710301,0.9652025251312923,-0.005417527177284267,0.25161320093544737,0.07103191532317403,27.0
23.784,-5.011090384615384,0.29455871794871796,8.44431592948718,0.00346210941710301,0.009321063815277334,0.00346210941710301,0.9650256277239401,-0.0053246197164955565,0.25228834747164613,0.07104770222122708,27.0
23.804,-4.639299807692307,0.13740086538461538,8.599677692307692,0.00346210941710301,0.003994741635118857,0.0007989483270237714,0.9651715280506427,-0.005627506442682399,0.25174630102091144,0.07096515013662534,27.0
23.824,-4.597989743589744,0.19846791666666666,8.588901153846153,0.0018642127630554668,-0.010918960469324876,0.0,0.9653415371491495,-0.005708362940248891,0.25109690491687825,0.07094699139656277,27.0
23.845,-4.881771923076923,0.22271512820512818,8.478441634615384,0.002663161090079238,-0.0007989483270237714,0.0021305288720633907,0.9651772833930837,-0.005781816021088229,0.2517294890708455,0.07093410010408518,27.0
23.865,-4.717429711538461,0.21732685897435897,8.559265673076922,0.002929477199087162,0.008522115488253563,0.0037284255261109335,0.9653056041591817,-0.005964052776585972,0.2512372387507941,0.07091805495240296,27.0
23.885,-4.727308205128205,0.2290014423076923,8.559265673076922,0.002929477199087162,0.00026631610900792384,0.0055926382891664005,0.9654514585888393,-0.006012846381524956,0.2506665208003204,0.07094802419333102,27.0
23.906,-4.962595961538461,0.35203358974358967,8.44431592948718,0.005326322180158476,0.005858954398174324,0.004261057744126781,0.965290885841827,-0.0057380837483772444,0.2512689518122863,0.07102460109534225,27.0
23.926,-4.845850128205128,0.328684423076923,8.488320128205128,0.004793689962142629,0.0023968449810713144,0.0023968449810713144,0.9651524490706196,-0.005345899410139965,0.251782525150646,0.07111772944383314,27.0
23.946,-4.622236955128205,0.24337016025641023,8.623924903846154,0.002663161090079238,-0.007989483270237714,-0.0007989483270237714,0.9653219584605386,-0.005299744584557936,0.25113335039480245,0.07111588810336375,27.0
23.966,-4.7317984294871795,0.19128355769230768,8.586207019230768,0.0018642127630554668,-0.0037284255261109335,-0.0005326322180158477,0.9654291867641901,-0.005788927283993347,0.2507487249760424,0.07097922645129481,27.0
23.986,-4.740778878205128,0.18499724358974357,8.535916506410256,0.0023968449810713144,0.0018642127630554668,0.0023968449810713144,0.9654281553563047,-0.0063997737303352195,0.2507798139195559,0.0708308172478364,27.0
24.006,-4.686896185897436,0.2164288141025641,8.555673493589744,0.004793689962142629,-0.00026631610900792384,0.0031957933080950856,0.9655756189246717,-0.006408935274998089,0.25020852905162905,0.0708402546346235,27.0
24.027,-4.797355705128204,0.25594278846153845,8.521547788461538,0.0055926382891664005,0.0005326322180158477,0.0023968449810713144,0.9654284988678,-0.006157886168416708,0.2507672518763999,0.07089202633696814,27.0
24.047,-4.867403205128205,0.2721075961538461,8.483829903846154,0.004793689962142629,0.002663161090079238,0.0031957933080950856,0.9652719898603338,-0.0059818294394135135,0.2513609964557232,0.07093555362732762,27.0
24.067,-4.8332775,0.2685154166666667,8.515261474358974,0.00346210941710301,0.0,0.0037284255261109335,0.9651235515771213,-0.0057646853627709126,0.2519169811024898,0.07100093820534963,27.0
24.087,-4.721021891025641,0.2164288141025641,8.53861064102564,0.0015978966540475428,-0.004261057744126781,0.00026631610900792384,0.9652717771449673,-0.006029843295616749,0.2513615086464152,0.07093256803630564,27.0
24.107,-4.717429711538461,0.12842041666666668,8.544896955128205,0.001331580545039619,-0.004793689962142629,-0.0007989483270237714,0.9654210303574658,-0.006306665988311009,0.25080338223437904,0.07085283034174981,27.0
24.127,-4.707551217948718,0.24337016025641023,8.601473782051281,0.0031957933080950856,-0.0021305288720633907,0.0010652644360316954,0.9655535377865093,-0.005976379617580186,0.250276748012612,0.07093798671272068,27.0
24.148,-4.776700673076923,0.22810339743589741,8.537712596153845,0.003994741635118857,0.0007989483270237714,0.002663161090079238,0.9654064354108028,-0.005723139341870744,0.25083178132571887,0.0710005466207679,27.0
24.168,-4.7587397756410255,0.29635480769230765,8.552081314102564,0.0037284255261109335,0.0021305288720633907,0.003994741635118857,0.9653481670739257,-0.005064942738773853,0.2510174622704636,0.07118634923467755,27.0
24.188,-4.782986987179487,0.26222910256410253,8.53322237179487,0.0023968449810713144,0.0015978966540475428,0.003994741635118857,0.9652016740926527,-0.004770497514051578,0.2515595451815146,0.0712794915124866,27.0
24.209,-4.79825375,0.308029391025641,8.545795,0.0021305288720633907,0.00346210941710301,0.0037284255261109335,0.9650530758676602,-0.004957492494685788,0.25213470462507803,0.0712465771118723,27.0
24.229,-4.785681121794871,0.17242461538461537,8.498198621794872,0.0018642127630554668,0.0010652644360316954,0.0015978966540475428,0.9651318913635563,-0.0054900719189164195,0.25185837451969245,0.07111716085185228,27.0
24.249,-4.737186698717949,0.21732685897435897,8.552979358974358,0.001331580545039619,-0.0031957933080950856,0.001331580545039619,0.9652610387112841,-0.005871832746324243,0.2513793053691149,0.0710288220256646,27.0
24.269,-4.800947884615384,0.24157407051282048,8.531426282051282,0.0021305288720633907,-0.0007989483270237714,0.001331580545039619,0.9651130889443331,-0.005850279238503105,0.2519474261359272,0.07102812291368057,27.0
24.290,-4.805438108974358,0.2074483653846154,8.51795560897436,0.00346210941710301,0.0015978966540475428,0.0021305288720633907,0.9649922218710372,-0.006188452349068065,0.2524277922935955,0.07093605898063135,27.0
24.310,-4.756045641025641,0.24426820512820513,8.54040673076923,0.004261057744126781,0.0007989483270237714,0.0021305288720633907,0.9651120851489755,-0.005811568071310546,0.2519492984842064,0.07103829790518229,27.0
24.331,-4.791967435897435,0.2128366346153846,8.527834102564102,0.005060006071150552,-0.00026631610900792384,0.0023968449810713144,0.9650106970510333,-0.006202495677218147,0.252359264961306,0.07092732204617876,27.0
24.351,-4.732696474358974,0.24606429487179488,8.559265673076922,0.00346210941710301,-0.0010652644360316954,0.002929477199087162,0.9651513488291777,-0.005969578887852386,0.251804901682186,0.07100372856368331,27.0
24.372,-4.69138641025641,0.1876913782051282,8.565551987179486,0.002929477199087162,-0.0010652644360316954,0.0023968449810713144,0.9652893955133928,-0.006224666397868712,0.2512839582337228,0.07095074891794183,27.0
24.392,-4.72641016025641,0.27569977564102566,8.583512884615384,0.0031957933080950856,0.0,0.0023968449810713144,0.9653835406753537,-0.005723214915033827,0.2508941843747368,0.07109129659170388,27.0
24.412,-4.776700673076923,0.2739036858974359,8.529630192307692,0.00346210941710301,0.002663161090079238,0.0023968449810713144,0.965149788860448,-0.005526476636066517,0.2517817590864605,0.07114273617138477,27.0
24.433,-4.776700673076923,0.2739036858974359,8.529630192307692,0.00346210941710301,0.002663161090079238,0.0023968449810713144,0.965149788860448,-0.005526476636066517,0.2517817590864605,0.07114273617138477,27.0
24.453,-4.772210448717948,0.2002640064102564,8.54399891025641,0.0021305288720633907,0.0005326322180158477,0.002663161090079238,0.9650825403669739,-0.006636328849106797,0.2520871752789396,0.07087810295232148,27.0
24.473,-4.799151794871794,0.19307964743589742,8.51795560897436,0.0023968449810713144,-0.001331580545039619,0.0023968449810713144,0.9649777610345786,-0.007028097001263402,0.25250483198614554,0.07078019768890975,27.0
24.493,-4.768618269230769,0.21014249999999998,8.521547788461538,0.002929477199087162,-0.0007989483270237714,0.0023968449810713144,0.9650254008780738,-0.0076095726406380584,0.25234594984490843,0.07063704170766835,27.0
24.514,-4.8063361538461535,0.23618580128205127,8.543100865384615,0.002929477199087162,0.001331580545039619,0.0023968449810713144,0.9649099349798028,-0.00711991731596522,0.2527649996438464,0.07076707645319887,27.0
24.534,-4.740778878205128,0.25863692307692304,8.509873205128205,0.0031957933080950856,0.0021305288720633907,0.0023968449810713144,0.9649672535206194,-0.006524081861300356,0.2525160587580705,0.07093148848029618,27.0
24.554,-4.740778878205128,0.25863692307692304,8.509873205128205,0.0031957933080950856,0.0021305288720633907,0.0023968449810713144,0.9649672535206194,-0.006524081861300356,0.2525160587580705,0.07093148848029618,27.0
24.575,-4.772210448717948,0.2721075961538461,8.519751698717949,0.00346210941710301,-0.00026631610900792384,0.0023968449810713144,0.9648242666564679,-0.005723698383296856,0.2530214741485424,0.07114427150041273,27.0
24.595,-4.715633621794872,0.1769148397435897,8.572736346153846,0.002929477199087162,-0.0018642127630554668,0.0018642127630554668,0.9649582282530139,-0.006037921650765038,0.25252360797421813,0.07107030775666419,27.0
24.616,-4.72461407051282,0.22810339743589741,8.53681455128205,0.0023968449810713144,-0.0018642127630554668,0.0021305288720633907,0.9651111483897918,-0.0060740382689686845,0.25193631270124645,0.07107511277053394,27.0
24.636,-4.710245352564103,0.22091903846153846,8.526038012820512,0.002663161090079238,0.0,0.002663161090079238,0.9652567467632142,-0.006186312584120033,0.2513783957976996,0.0710636650538305,27.0
24.656,-4.76323,0.2721075961538461,8.535018461538462,0.002929477199087162,0.0010652644360316954,0.002929477199087162,0.9651884735307885,-0.00555814421079227,0.25160642140292233,0.07123570947954062,27.0
24.676,-4.797355705128204,0.21014249999999998,8.554775448717947,0.002929477199087162,0.0010652644360316954,0.002929477199087162,0.9650349930016189,-0.005545075138001875,0.2521926323756276,0.07124317931936383,27.0
24.696,-4.795559615384615,0.2792919551282051,8.489218173076923,0.002929477199087162,0.0007989483270237714,0.00346210941710301,0.9648943289516098,-0.005737090133572053,0.252737471231408,0.07120246055702799,27.0
24.717,-4.795559615384615,0.2792919551282051,8.489218173076923,0.002929477199087162,0.0007989483270237714,0.00346210941710301,0.9648943289516098,-0.005737090133572053,0.252737471231408,0.07120246055702799,27.0
24.737,-4.780292852564102,0.2092444551282051,8.527834102564102,0.0023968449810713144,-0.0015978966540475428,0.0018642127630554668,0.9650589148990526,-0.006782904202127686,0.25215156763196006,0.07095681732711132,27.0
24.758,-4.770414358974358,0.22091903846153846,8.535018461538462,0.0031957933080950856,-0.0010652644360316954,0.0015978966540475428,0.9649714780709753,-0.007237879317542091,0.25250837055259484,0.07083207192632189,27.0
24.778,-4.768618269230769,0.23798189102564102,8.51795560897436,0.004527373853134705,0.0005326322180158477,0.002663161090079238,0.9649553298270543,-0.006547262101329201,0.2525384265266562,0.07101188579933569,27.0
24.799,-4.764128044871795,0.23798189102564102,8.563755897435897,0.004261057744126781,0.0010652644360316954,0.0023968449810713144,0.9649530960162316,-0.005865768848249574,0.25251314356241955,0.07119148525444073,27.0
24.819,-4.782088942307692,0.23708384615384615,8.545795,0.0037284255261109335,0.00026631610900792384,0.002663161090079238,0.9649623142747624,-0.006460349464610645,0.2525042059806724,0.07104661762786396,27.0
24.839,-4.768618269230769,0.22091903846153846,8.535916506410256,0.00346210941710301,0.0,0.00346210941710301,0.9650812353374638,-0.0068351350256009346,0.2520622622026754,0.07096552756068504,27.0
24.859,-4.717429711538461,0.22540926282051282,8.566450032051282,0.0037284255261109335,-0.0010652644360316954,0.002663161090079238,0.9652295320527459,-0.006712863183625476,0.25148570935460923,0.07100581604012726,27.0
24.879,-4.754249551282051,0.2478603846153846,8.566450032051282,0.002929477199087162,-0.001331580545039619,0.0018642127630554668,0.9652969651409791,-0.0061217597260051415,0.2511969291814989,0.07116456925505564,27.0
24.900,-4.775802628205128,0.25145256410256406,8.557469583333333,0.00346210941710301,-0.0010652644360316954,0.0015978966540475428,0.9651781240744012,-0.005661595070711773,0.25163230260677855,0.07127635957514783,27.0
24.920,-4.787477211538461,0.22451121794871792,8.528732147435898,0.0037284255261109335,0.0005326322180158477,0.0021305288720633907,0.9650535086502063,-0.005972175265486049,0.25212564432191675,0.07119492987413345,27.0
24.940,-4.764128044871795,0.22720535256410257,8.54399891025641,0.0031957933080950856,0.0007989483270237714,0.002929477199087162,0.9651493353481718,-0.006433467606813801,0.25177660425129234,0.07109087510519543,27.0
24.960,-4.790171346153846,0.20655032051282052,8.548489134615384,0.0037284255261109335,0.0007989483270237714,0.0031957933080950856,0.9650527791044364,-0.006870703407110037,0.25216576182756173,0.07098137459517678,27.0
24.980,-4.770414358974358,0.23977798076923076,8.54040673076923,0.004261057744126781,0.001331580545039619,0.0031957933080950856,0.9650454683522552,-0.0061849042640218475,0.25216039567341797,0.07116267157609067,27.0
25.001,-4.765924134615385,0.22989948717948716,8.546693044871795,0.004261057744126781,-0.0005326322180158477,0.0021305288720633907,0.9651866368713278,-0.006403282421085445,0.2516295913784229,0.07110768398689117,27.0
25.021,-4.769516314102564,0.23977798076923076,8.53681455128205,0.004793689962142629,-0.0005326322180158477,0.0021305288720633907,0.9650620492392621,-0.005956227318112767,0.25208680829658575,0.07121801427371934,27.0
25.041,-4.76143391025641,0.2290014423076923,8.513465384615385,0.004527373853134705,0.0005326322180158477,0.002929477199087162,0.9649831916400121,-0.006436781589618267,0.2524117498630316,0.07109371439238253,27.0
25.061,-4.774904583333333,0.2694134615384615,8.53861064102564,0.0037284255261109335,0.0007989483270237714,0.002929477199087162,0.9649652799806344,-0.005755757656802648,0.2524445377268973,0.0712785736217087,27.0
25.081,-4.792865480769231,0.22271512820512818,8.518853653846154,0.0037284255261109335,0.0018642127630554668,0.002929477199087162,0.9648515279607258,-0.006131714405095237,0.2528971426376989,0.0711826265039046,27.0
25.101,-4.747963237179487,0.2577388782051282,8.524241923076923,0.002663161090079238,-0.0010652644360316954,0.0023968449810713144,0.9649623606393231,-0.005693143359727609,0.25244801377736786,0.07131080568842686,27.0
25.122,-4.76323,0.21014249999999998,8.525139967948718,0.001331580545039619,-0.0023968449810713144,0.0018642127630554668,0.9650084599748181,-0.0062972523670589385,0.2522986123526221,0.07116478760311802,27.0
25.142,-4.7892733012820505,0.24157407051282048,8.54399891025641,0.002663161090079238,-0.0021305288720633907,0.001331580545039619,0.9648812737739846,-0.005929278452090362,0.25276870627100056,0.07125273543812416,27.0
25.162,-4.7892733012820505,0.24157407051282048,8.54399891025641,0.002663161090079238,-0.0021305288720633907,0.001331580545039619,0.9648812737739846,-0.005929278452090362,0.25276870627100056,0.07125273543812416,27.0
25.183,-4.7605358653846155,0.25684083333333335,8.53681455128205,0.004527373853134705,0.0031957933080950856,0.0031957933080950856,0.9650695536659112,-0.005298348984310267,0.2520120627795245,0.07143251569648408,27.0
25.203,-4.792865480769231,0.23079753205128203,8.524241923076923,0.00346210941710301,0.002663161090079238,0.002663161090079238,0.9649446999133705,-0.005629882840906784,0.25250677939150384,0.07134673706360825,27.0
25.223,-4.76143391025641,0.23079753205128203,8.529630192307692,0.002663161090079238,0.0,0.0021305288720633907,0.9650439916591795,-0.006097053096560779,0.2521476154378385,0.0712355257934353,27.0
25.243,-4.753351506410256,0.21014249999999998,8.552979358974358,0.0031957933080950856,-0.001331580545039619,0.0021305288720633907,0.9651592819657633,-0.006505102462342271,0.2517234509332385,0.07113753107571405,27.0
25.263,-4.739880833333333,0.25863692307692304,8.534120416666667,0.00346210941710301,-0.001331580545039619,0.002663161090079238,0.9652168422080335,-0.005887025205652326,0.2514697202395254,0.07130757501721004,27.0
25.284,-4.727308205128205,0.23618580128205127,8.563755897435897,0.002663161090079238,0.00026631610900792384,0.00346210941710301,0.9651077369830375,-0.0053757748134333275,0.251858328198964,0.07145305855915793,27.0
25.304,-4.762331955128205,0.2721075961538461,8.529630192307692,0.002929477199087162,0.0007989483270237714,0.00346210941710301,0.9652473914767894,-0.005548422420001703,0.25132476867089243,0.07143212798472,27.0
25.324,-4.780292852564102,0.2343897115384615,8.55118326923077,0.0037284255261109335,0.0,0.002929477199087162,0.9651245143774645,-0.005847135330163399,0.2518111067827946,0.07135579343626089,27.125
25.345,-4.86830125,0.2316955769230769,8.509873205128205,0.0037284255261109335,-0.0018642127630554668,0.0015978966540475428,0.9649863568951008,-0.005566007135792824,0.25232900904627653,0.07141723716729399,27.125
25.365,-4.779394807692308,0.2290014423076923,8.515261474358974,0.003994741635118857,-0.005858954398174324,-0.0015978966540475428,0.9651306390656454,-0.005890028955056498,0.2518013157229906,0.0713039584863163,27.125
25.386,-4.666241153846153,0.22810339743589741,8.559265673076922,0.004793689962142629,-0.006125270507182248,-0.0023968449810713144,0.9652973662806169,-0.005875303911797422,0.2511717105006117,0.07126883821029689,27.125
25.406,-4.792865480769231,0.19667182692307691,8.529630192307692,0.004261057744126781,0.0021305288720633907,0.0005326322180158477,0.9651917623599359,-0.0062817070166003,0.251603338690016,0.07114184415318381,27.125
25.427,-4.701264903846154,0.24875842948717947,8.574532435897435,0.0021305288720633907,0.004261057744126781,0.0031957933080950856,0.9653191907995413,-0.006073847278843047,0.25109657069051616,0.07122134820975254,27.125
25.447,-4.825195096153846,0.21373467948717947,8.539508685897436,0.0005326322180158477,0.00346210941710301,0.006125270507182248,0.9651686646081942,-0.006269481493775589,0.251671095967945,0.07121658454691622,27.125
25.467,-4.783885032051281,0.2604330128205128,8.524241923076923,0.0021305288720633907,0.004793689962142629,0.006125270507182248,0.9650288133161687,-0.005845592498366922,0.25217479077431737,0.07136591214199971,27.125
25.487,-4.702162948717949,0.22091903846153846,8.560163717948717,0.00346210941710301,0.0015978966540475428,0.0037284255261109335,0.9651705043383834,-0.005929012965843406,0.25162941592527555,0.07136792978324674,27.125
25.508,-4.7605358653846155,0.2640251923076923,8.523343878205129,0.0031957933080950856,0.0005326322180158477,0.002929477199087162,0.9650888471504749,-0.005327610062586644,0.2519096251394468,0.0715309334406569,27.125
25.528,-4.774904583333333,0.2388799358974359,8.524241923076923,0.0031957933080950856,0.0015978966540475428,0.0023968449810713144,0.9649700064361949,-0.00567828432890291,0.25238281776636107,0.0714391843592986,27.125
25.549,-4.721919935897436,0.25594278846153845,8.559265673076922,0.0021305288720633907,-0.0005326322180158477,0.0010652644360316954,0.9651141126657128,-0.005510461240762629,0.25182073854680825,0.07148915993441218,27.125
25.569,-4.799151794871794,0.21193858974358973,8.531426282051282,0.0021305288720633907,-0.001331580545039619,0.001331580545039619,0.9650186542006044,-0.0059415660978011904,0.25220948092105616,0.0713727719140237,27.125
25.589,-4.815316602564102,0.22989948717948716,8.521547788461538,0.002929477199087162,0.0018642127630554668,0.0021305288720633907,0.9648701528544315,-0.006070460456937023,0.2527841576249683,0.07133657753454407,27.125
25.610,-4.779394807692308,0.23079753205128203,8.53322237179487,0.00346210941710301,0.0007989483270237714,0.0023968449810713144,0.9649224554071968,-0.006637304913752286,0.2526100716052615,0.07119517510346449,27.125
25.630,-4.783885032051281,0.25235060897435896,8.528732147435898,0.0037284255261109335,0.0005326322180158477,0.002929477199087162,0.9648571806041573,-0.00599833008423946,0.2528268411194768,0.07136686543728922,27.125
25.650,-4.771312403846154,0.24516625,8.50538298076923,0.003994741635118857,0.0007989483270237714,0.0018642127630554668,0.9647493487392039,-0.005471481476798592,0.2532134583454347,0.07149616430603707,27.125
25.671,-4.72461407051282,0.22989948717948716,8.566450032051282,0.003994741635118857,-0.0007989483270237714,0.0015978966540475428,0.9648992648068786,-0.005549580582350206,0.25264515814793104,0.07147751391110388,27.125
25.691,-4.738982788461538,0.23349166666666665,8.54759108974359,0.004261057744126781,-0.0010652644360316954,0.0018642127630554668,0.9650477925019257,-0.005665864503242153,0.252082480176591,0.07144983803067417,27.125
25.711,-4.791967435897435,0.25145256410256406,8.522445833333332,0.003994741635118857,0.0005326322180158477,0.0018642127630554668,0.964895833370592,-0.005543715921942412,0.2526603156216135,0.07147071335752972,27.125
25.732,-4.765026089743589,0.21463272435897432,8.548489134615384,0.004261057744126781,-0.00026631610900792384,0.0018642127630554668,0.9649886141820364,-0.006021251902026868,0.2523301159309305,0.07134585915698591,27.125
25.752,-4.779394807692308,0.23349166666666665,8.516159519230769,0.0037284255261109335,-0.0005326322180158477,0.002663161090079238,0.9648492325125946,-0.006180530550157101,0.2528709763773765,0.07130237631333272,27.125
25.772,-4.775802628205128,0.2343897115384615,8.53861064102564,0.002929477199087162,0.0005326322180158477,0.002663161090079238,0.9649959090623085,-0.0062153317984792395,0.2523076900049827,0.07130985000680715,27.125
25.793,-4.7317984294871795,0.23079753205128203,8.549387179487178,0.002929477199087162,0.0015978966540475428,0.0021305288720633907,0.9651400467489674,-0.006194404114254318,0.2517513529874304,0.07132724436054362,27.125
25.813,-4.76143391025641,0.22720535256410257,8.535018461538462,0.002663161090079238,0.001331580545039619,0.0018642127630554668,0.9651007687499682,-0.006776326138121515,0.2519292708353556,0.07117745470762675,27.125
25.833,-4.774904583333333,0.2532486538461538,8.522445833333332,0.002663161090079238,0.0005326322180158477,0.0018642127630554668,0.9650076913223977,-0.006216048225697827,0.2522589712677502,0.07132270219227643,27.125
25.854,-4.780292852564102,0.2406760256410256,8.552081314102564,0.003994741635118857,0.0007989483270237714,0.002663161090079238,0.9648648802695686,-0.005898525929628708,0.2527896965816941,0.07140265762829491,27.125
25.874,-4.782986987179487,0.265821282051282,8.521547788461538,0.003994741635118857,0.0015978966540475428,0.002663161090079238,0.964706150383204,-0.005803692646709095,0.2533910381976829,0.07142368182600389,27.125
25.895,-8.165023974358974,-0.531642564102564,13.33686439102564,0.056991647327695696,-0.10120012142301105,-0.017576863194522972,0.9651240851555122,-0.005196427563924316,0.2518907122077217,0.07113062980738558,27.125
25.915,-2.457948814102564,0.24875842948717947,9.907231025641025,0.132891738394954,-0.272707695624114,-0.1296959450868589,0.9661145638885756,-0.0045640013743691475,0.2488245145185709,0.06847028777827431,27.125
25.936,-4.0564686858974355,-0.20385618589743587,6.734438493589743,0.13555489948503321,-0.22077605436756884,-0.32916671073379383,0.9664419653418496,-0.004035230861961083,0.24856875347100027,0.06470872689171993,27.125
25.956,-4.3043290705128205,1.8266232692307691,8.878969647435897,0.10546117916713783,0.09720537978789219,-0.2932140360177241,0.9659719457719844,-0.0033980635452784415,0.2508180755118958,0.06306303308704454,27.125
25.976,-6.062700929487179,-0.39334365384615383,8.281769807692307,0.03382214584400633,0.3384877745490712,-0.038615835806148954,0.9650776518703077,-0.003803102178531271,0.2541581849892792,0.06335834023448167,27.125
25.997,-4.44442407051282,0.7175378525641025,8.428151121794873,-0.020506340393610135,0.17630126416324557,0.07297061386817112,0.9649501216040756,-0.0032976449737198454,0.25442093809632427,0.06426799057146194,27.125
26.017,-4.447118205128205,-0.09070253205128205,8.763121858974358,-0.014381069886427886,-0.024501082028728992,0.04926848016646591,0.9651978681123246,-0.003614170591282308,0.2534514662501058,0.06436122604513088,27.125
26.037,-5.133224487179487,0.763338141025641,8.276381538461537,0.005060006071150552,-0.033555829734998405,-0.005326322180158476,0.9650968328491175,-0.003082418791885583,0.2538475241574253,0.06434311461329369,27.125
26.057,-4.990435352564102,-0.15805589743589743,8.604167916666666,0.009321063815277334,0.018908443739562592,-0.005326322180158476,0.9650199522715317,-0.0036968171591825563,0.2541725438745892,0.06418055157960532,27.125
26.077,-4.222606987179487,0.41310064102564104,8.693972403846153,-0.0037284255261109335,0.0015978966540475428,0.003994741635118857,0.9651949901107026,-0.00351815776611393,0.2534754276063768,0.06431532656294135,27.125
26.097,-4.930266346153846,-0.24606429487179488,8.50717907051282,-0.0018642127630554668,-0.017843179303530896,0.007723167161229791,0.9651758275891693,-0.004131030949130558,0.2535675127622736,0.0642033713477244,27.125
26.117,-5.224825064102563,0.47596378205128204,8.31948769230769,0.0021305288720633907,0.01597896654047543,0.0018642127630554668,0.964973509824637,-0.0038485824116880614,0.2543305547437338,0.06424393102765741,27.125
26.138,-4.616848685897436,0.052086602564102566,8.552081314102564,0.009853696033293181,0.013049489341388268,0.0023968449810713144,0.9651002791201873,-0.004177586052899397,0.2538660603720265,0.064156234366537,27.125
26.158,-4.834175544871795,0.38256711538461535,8.50179080128205,0.00346210941710301,-0.011984224905356573,0.004261057744126781,0.9650576414555703,-0.003532336852042507,0.25398867638720996,0.06435078501190848,27.125
26.178,-4.988639262820512,0.38975147435897434,8.48113576923077,0.0055926382891664005,-0.0007989483270237714,0.006657902725198095,0.9649108478242345,-0.0031452476952593565,0.2545191042502778,0.06447626493283172,27.125
26.198,-4.439933846153846,0.21822490384615384,8.649070160256409,0.0023968449810713144,-0.0015978966540475428,0.004261057744126781,0.9650856917772066,-0.003152843524167029,0.2538501896876705,0.06449611073666822,27.125
26.218,-4.581824935897436,0.36640230769230764,8.690380224358973,0.00346210941710301,-0.010918960469324876,0.0005326322180158477,0.9652482572316544,-0.002869264267797549,0.25321749271769256,0.0645636942528922,27.125
26.239,-4.776700673076923,0.12842041666666668,8.519751698717949,0.0031957933080950856,0.004793689962142629,-0.001331580545039619,0.9652607161794073,-0.0034804601865068576,0.2532097952437954,0.06437729250522216,27.125
26.259,-4.818908782051282,0.3547277243589744,8.491912307692308,0.004793689962142629,0.00692421883420602,0.002929477199087162,0.9651577853366341,-0.0028794600156341866,0.25356971221687347,0.06453339569830696,27.125
26.280,-4.894344551282051,0.12123605769230768,8.499994711538461,0.0031957933080950856,0.002663161090079238,0.002663161090079238,0.9650724696364547,-0.003370607212368542,0.2539199513546357,0.06440827323313182,27.125
26.300,-4.782088942307692,0.2739036858974359,8.492810352564103,0.0031957933080950856,-0.0005326322180158477,0.0,0.9650611829568612,-0.0027012095805154625,0.25393046540133496,0.06456729325105236,27.125
26.320,-4.712939487179487,-0.008980448717948718,8.581716794871795,0.0015978966540475428,-0.004793689962142629,-0.0010652644360316954,0.9651487549396598,-0.003258399497835394,0.25363172859106614,0.06440659844336451,27.125
26.341,-4.599785833333333,0.23798189102564102,8.60686205128205,0.002929477199087162,-0.0055926382891664005,0.0018642127630554668,0.9653118870565901,-0.0032407092644016165,0.25300684547477675,0.06442045213758665,27.125
26.361,-4.7605358653846155,0.12842041666666668,8.534120416666667,0.002663161090079238,0.0015978966540475428,0.004793689962142629,0.9653499897062823,-0.003823459800495741,0.2528839185090249,0.06430009555790431,27.125
26.381,-4.842257948717949,0.2927626282051282,8.47754358974359,0.0037284255261109335,0.00692421883420602,0.008522115488253563,0.9651872639896427,-0.0035017294390041185,0.25347448454904953,0.06443577426955956,27.125
26.402,-4.82968532051282,0.3134176602564102,8.495504487179486,0.004793689962142629,0.003994741635118857,0.007190534943213943,0.9650594823520733,-0.0029898466715981373,0.25392411167360573,0.06460496768824371,27.125
26.422,-4.9096113141025635,0.3960377884615385,8.455092467948718,0.0055926382891664005,0.001331580545039619,0.0037284255261109335,0.964930946492869,-0.002524880462853096,0.25438646332171144,0.06472573489498538,27.125
26.443,-4.8045400641025635,0.287374358974359,8.522445833333332,0.004261057744126781,-0.002929477199087162,-0.0010652644360316954,0.9650896514832434,-0.0025476705592588494,0.25379089357066137,0.06469664840838694,27.125
26.463,-4.631217403846153,0.2343897115384615,8.620332724358974,0.001331580545039619,-0.00692421883420602,-0.0018642127630554668,0.9652526937337647,-0.002752999345055689,0.2531858778173322,0.06462638399434273,27.125
26.483,-4.688692275641025,0.1589539423076923,8.584410929487179,0.0005326322180158477,-0.0031957933080950856,0.0007989483270237714,0.9653628685268222,-0.0032364455076547972,0.2527896173564318,0.0645094322322721,27.125
26.503,-4.746167147435897,0.13560477564102563,8.545795,0.0015978966540475428,0.0005326322180158477,0.0023968449810713144,0.9654229538560826,-0.0038102379428649733,0.2525860319797294,0.06437622778130339,27.125
26.524,-4.795559615384615,0.2218170833333333,8.485625993589743,0.003994741635118857,0.0021305288720633907,0.002929477199087162,0.9652954718801123,-0.004115276150248509,0.2530882209323137,0.0642967253853185,27.125
26.544,-4.826991185897436,0.2676173717948718,8.535018461538462,0.0055926382891664005,0.0023968449810713144,0.0018642127630554668,0.9651428243972009,-0.003863138682578471,0.25366163641871836,0.064344221834529,27.125
26.564,-4.897038685897436,0.287374358974359,8.441621794871795,0.004793689962142629,0.002663161090079238,0.0023968449810713144,0.9649861813911761,-0.0036692664083064785,0.2542494216452928,0.06438507436615397,27.125
26.585,-4.737186698717949,0.18589528846153844,8.601473782051281,0.002929477199087162,-0.002663161090079238,0.0010652644360316954,0.9651299380358004,-0.0039304589844656145,0.2537163242276002,0.06431781261531512,27.125
26.605,-4.659056794871795,0.1436871794871795,8.598779647435897,0.0015978966540475428,-0.007190534943213943,0.0005326322180158477,0.9652856060087726,-0.004198365585422298,0.2531362909066755,0.06425022011401156,27.125
26.625,-4.69138641025641,0.20565227564102562,8.604167916666666,0.002929477199087162,-0.003994741635118857,0.0015978966540475428,0.9654433986591142,-0.004286438899602539,0.25253656408124014,0.06423359112754322,27.125
26.645,-4.6842020512820515,0.24875842948717947,8.597881602564103,0.004793689962142629,0.0007989483270237714,0.002663161090079238,0.9655862378731125,-0.0041372668813818856,0.25198060236375985,0.06427967241047655,27.125
26.665,-4.7434730128205125,0.32688833333333334,8.55118326923077,0.006125270507182248,0.002663161090079238,0.004261057744126781,0.9656037431129827,-0.0034487671688779495,0.25187566087252633,0.06446835464970324,27.125
26.685,-4.809030288461538,0.31431570512820506,8.509873205128205,0.004527373853134705,0.003994741635118857,0.005060006071150552,0.9654727331869415,-0.0029702669310413665,0.25234721033363017,0.06461009537007342,27.125
26.706,-4.8521364423076925,0.2882724038461538,8.492810352564103,0.0018642127630554668,0.004527373853134705,0.005858954398174324,0.9653087715696546,-0.0028217994664118144,0.2529563538844761,0.06468458864310626,27.125
26.726,-4.777598717948718,0.1939776923076923,8.549387179487178,0.001331580545039619,0.0021305288720633907,0.003994741635118857,0.965346652163081,-0.003419346273012398,0.2528361874023499,0.06456013916063569,27.125
26.746,-4.780292852564102,0.2002640064102564,8.508077115384616,0.0015978966540475428,-0.0005326322180158477,0.0018642127630554668,0.9653290008066133,-0.0040270545857504555,0.2529332252277162,0.06440874637015039,27.125
26.766,-4.803642019230769,0.1553617628205128,8.515261474358974,0.0031957933080950856,0.0007989483270237714,0.0005326322180158477,0.9652967195646884,-0.00461239714916832,0.2530886087655512,0.06424270466992478,27.125
26.787,-4.813520512820513,0.2406760256410256,8.491912307692308,0.003994741635118857,0.0015978966540475428,0.0010652644360316954,0.9651426339960234,-0.004472659456745934,0.2536732771441863,0.06426165126676243,27.125
26.807,-4.8198068269230765,0.23798189102564102,8.53861064102564,0.002663161090079238,0.0005326322180158477,0.0015978966540475428,0.9649903097442124,-0.00435572432046422,0.2542480051762701,0.06428593648147782,27.125
26.827,-4.828787275641026,0.24157407051282048,8.479339679487179,0.00346210941710301,-0.0005326322180158477,0.0018642127630554668,0.9648398013088106,-0.004284770896072666,0.2548171751172976,0.06429623483520361,27.125
26.848,-4.832379455128205,0.21732685897435897,8.51795560897436,0.003994741635118857,-0.0018642127630554668,0.00026631610900792384,0.964786096411952,-0.0048174259484249065,0.2550516367674767,0.06413457070605885,27.125
26.868,-4.677915737179487,0.21373467948717947,8.586207019230768,0.0031957933080950856,-0.0055926382891664005,-0.0018642127630554668,0.9649525107330688,-0.004807177315392666,0.2544275094878064,0.06411072836926368,27.125
26.888,-4.555781634615385,0.2532486538461538,8.665234967948717,0.002929477199087162,-0.00905474770626941,-0.0007989483270237714,0.9651240716425444,-0.0046928665148898855,0.2537745619805623,0.06412468348119887,27.125
26.909,-4.608766282051282,0.2909665384615384,8.630211217948718,0.0037284255261109335,-0.004261057744126781,0.002929477199087162,0.9652738082442562,-0.004457195480702458,0.2531895351812365,0.06420021651666875,27.125
26.929,-4.747963237179487,0.27480173076923076,8.522445833333332,0.0031957933080950856,0.006125270507182248,0.004261057744126781,0.9652858602852868,-0.00339005020631121,0.25307399996029767,0.06453887229405054,27.125
26.949,-4.720123846153846,0.22810339743589741,8.535018461538462,0.0021305288720633907,0.0005326322180158477,0.0021305288720633907,0.9654276066486976,-0.0035744758712716873,0.252538399750034,0.0645067135615002,27.125
26.970,-4.826991185897436,0.2074483653846154,8.515261474358974,0.001331580545039619,0.0005326322180158477,0.0010652644360316954,0.9653148969014747,-0.003960524970945654,0.2529895844855048,0.0644029052442642,27.125
26.990,-4.779394807692308,0.1778128846153846,8.545795,0.0015978966540475428,0.0005326322180158477,0.0005326322180158477,0.9653580532236471,-0.004563652365484607,0.2528551126531146,0.06424402041060351,27.125
27.010,-4.779394807692308,0.1778128846153846,8.545795,0.0015978966540475428,0.0005326322180158477,0.0005326322180158477,0.9653580532236471,-0.004563652365484607,0.2528551126531146,0.06424402041060351,27.125
27.030,-4.82968532051282,0.2343897115384615,8.51795560897436,0.004261057744126781,0.0005326322180158477,0.002663161090079238,0.9651451918103542,-0.00461960290399666,0.2536677130123484,0.064234798742184,27.125
27.051,-4.86470907051282,0.27749586538461535,8.480237724358973,0.005326322180158476,0.0018642127630554668,0.002663161090079238,0.9649907309356838,-0.004637304204496318,0.2542580554627673,0.06422013586268857,27.125
27.071,-4.832379455128205,0.26222910256410253,8.48113576923077,0.004261057744126781,0.00026631610900792384,0.0021305288720633907,0.9648552746160829,-0.004262297849374851,0.25475550411950143,0.06430991357003567,27.125
27.091,-4.837767724358974,0.2290014423076923,8.527834102564102,0.0021305288720633907,-0.002929477199087162,0.002929477199087162,0.9650094569758152,-0.004159785643902887,0.25416000253496,0.06435943786320873,27.125
27.111,-4.7282062499999995,0.25863692307692304,8.562857852564102,0.0018642127630554668,-0.005060006071150552,0.0015978966540475428,0.9651720563421812,-0.004036520995341925,0.25353613017082144,0.06438974182635142,27.125
27.131,-4.571048397435897,0.25863692307692304,8.609556185897436,0.0031957933080950856,-0.00692421883420602,0.00026631610900792384,0.9653362997146431,-0.0039253014928715,0.2529049796998563,0.06441654837420474,27.125
27.152,-4.704857083333334,0.2721075961538461,8.565551987179486,0.002929477199087162,-0.004527373853134705,0.001331580545039619,0.9654768899341468,-0.0036758098127725914,0.2523519576675463,0.06449304525811043,27.125
27.172,-4.822500961538461,0.2685154166666667,8.537712596153845,0.002929477199087162,0.001331580545039619,0.0023968449810713144,0.9653210154116935,-0.0034447941987899534,0.25293368353002,0.06456022253215142,27.125
27.192,-4.822500961538461,0.2685154166666667,8.537712596153845,0.002929477199087162,0.001331580545039619,0.0023968449810713144,0.9653210154116935,-0.0034447941987899534,0.25293368353002,0.06456022253215142,27.125
27.212,-4.79466157051282,0.21822490384615384,8.54040673076923,0.0031957933080950856,0.001331580545039619,0.0023968449810713144,0.9652018258326058,-0.003967208446957715,0.25341370779784544,0.06442972424813467,27.125
27.233,-4.780292852564102,0.22002099358974359,8.54399891025641,0.00346210941710301,-0.0010652644360316954,0.0010652644360316954,0.9653135258618436,-0.004407183080281088,0.25301153909059587,0.06430812244561891,27.125
27.253,-4.703959038461538,0.17960897435897435,8.563755897435897,0.0031957933080950856,-0.0023968449810713144,0.0005326322180158477,0.9654567337375846,-0.004658188769766455,0.25247678685069397,0.06424226536859727,27.125
27.273,-4.752453461538461,0.22271512820512818,8.556571538461538,0.00346210941710301,-0.0018642127630554668,0.0018642127630554668,0.9656069926784331,-0.00470492280412729,0.25190099077204736,0.06424087670619671,27.125
27.294,-4.8027439743589735,0.2406760256410256,8.526038012820512,0.003994741635118857,0.00026631610900792384,0.0031957933080950856,0.965454501235029,-0.004513002137068463,0.25247426667032336,0.06429606151246668,27.125
27.314,-4.765026089743589,0.24696233974358975,8.519751698717949,0.003994741635118857,0.0015978966540475428,0.003994741635118857,0.9654418341122706,-0.003830275080473713,0.25248261418754536,0.06449746872371225,27.125
27.334,-4.793763525641025,0.2640251923076923,8.511669294871794,0.002929477199087162,0.00026631610900792384,0.004793689962142629,0.9653000416760623,-0.0035084575616073496,0.2530025887128803,0.06460038986191945,27.125
27.354,-4.778496762820512,0.28468022435897433,8.53681455128205,0.0031957933080950856,0.0005326322180158477,0.0037284255261109335,0.9653156781920749,-0.00284061015893322,0.2529046702196095,0.06478271491385695,27.125
27.375,-4.778496762820512,0.28468022435897433,8.53681455128205,0.0031957933080950856,0.0005326322180158477,0.0037284255261109335,0.9653156781920749,-0.00284061015893322,0.2529046702196095,0.06478271491385695,27.125
27.395,-4.689590320512821,0.23798189102564102,8.558367628205128,0.0021305288720633907,-0.002929477199087162,0.0007989483270237714,0.9656234061237734,-0.0029764571115359012,0.2517320188163121,0.06475777136104528,27.125
27.415,-4.689590320512821,0.23798189102564102,8.558367628205128,0.0021305288720633907,-0.002929477199087162,0.0007989483270237714,0.9656234061237734,-0.0029764571115359012,0.2517320188163121,0.06475777136104528,27.125
27.436,-4.808132243589743,0.2128366346153846,8.500892756410256,0.002663161090079238,0.003994741635118857,0.0023968449810713144,0.9654762548557391,-0.0038931060895386594,0.2523431879875673,0.0645241079828532,27.125
27.456,-4.811724423076923,0.2164288141025641,8.494606442307692,0.002663161090079238,0.0015978966540475428,0.0023968449810713144,0.9653425300031698,-0.004159620379188834,0.25286733572479464,0.0644562475546342,27.125
27.477,-4.7587397756410255,0.20475423076923074,8.519751698717949,0.00346210941710301,-0.0023968449810713144,0.002929477199087162,0.9654236449203745,-0.0046838292098811286,0.25258011304892863,0.06433143916299294,27.125
27.497,-4.773108493589743,0.21822490384615384,8.54040673076923,0.00346210941710301,-0.004527373853134705,0.0015978966540475428,0.9655280580235279,-0.005162959535970794,0.25220303096134394,0.0642070416080384,27.125
27.517,-4.721021891025641,0.19936596153846153,8.583512884615384,0.0031957933080950856,-0.002663161090079238,0.0021305288720633907,0.9656811973709871,-0.005261281086981949,0.2516181046325248,0.06419091358281272,27.125
27.538,-4.736288653846153,0.24337016025641023,8.53322237179487,0.0037284255261109335,-0.0007989483270237714,0.0023968449810713144,0.9657496655890718,-0.004666820286159201,0.25132586919601346,0.06435146988127807,27.125
27.558,-4.736288653846153,0.24337016025641023,8.53322237179487,0.0037284255261109335,-0.0007989483270237714,0.0023968449810713144,0.9657496655890718,-0.004666820286159201,0.25132586919601346,0.06435146988127807,27.125
27.578,-4.76323,0.2406760256410256,8.537712596153845,0.003994741635118857,0.0005326322180158477,0.0037284255261109335,0.9655972743898495,-0.004028998229720616,0.2518732501407348,0.06454096937373614,27.125
27.598,-4.774006538461538,0.2882724038461538,8.554775448717947,0.004261057744126781,-0.0007989483270237714,0.002663161090079238,0.9655122830517392,-0.0034350838728163346,0.2521684754928307,0.06469382847402552,27.125
27.618,-4.768618269230769,0.2577388782051282,8.53681455128205,0.00346210941710301,-0.0010652644360316954,0.0015978966540475428,0.9655935814651542,-0.003957647259339277,0.2518840551225005,0.06455846370935935,27.125
27.638,-4.7452691025641025,0.23349166666666665,8.517057564102563,0.0023968449810713144,-0.0005326322180158477,0.0007989483270237714,0.9655319451849249,-0.0033367131747755988,0.2520897959011688,0.06471216249756864,27.125
27.659,-4.7892733012820505,0.2263073076923077,8.531426282051282,0.0023968449810713144,0.00026631610900792384,0.001331580545039619,0.9654459584059694,-0.0038142661190547805,0.2524452300407049,0.06458295906234088,27.125
27.679,-4.792865480769231,0.22271512820512818,8.528732147435898,0.0023968449810713144,0.0,0.0023968449810713144,0.9653279665135881,-0.0041562128927601465,0.25291258192057614,0.064497045416041,27.125
27.699,-4.818908782051282,0.20834641025641026,8.51077125,0.002929477199087162,-0.001331580545039619,0.002663161090079238,0.9652335114196304,-0.0045855491236043554,0.2532929676418717,0.06438877009959945,27.125
27.719,-4.800947884615384,0.24516625,8.499994711538461,0.0037284255261109335,-0.0007989483270237714,0.0015978966540475428,0.9650934725392087,-0.004291104903517812,0.2538144864876708,0.06445449658416846,27.125
27.739,-4.757841730769231,0.2352877564102564,8.576328525641026,0.004793689962142629,-0.0010652644360316954,0.0021305288720633907,0.9652451429115103,-0.004245342874684265,0.25323424052592275,0.06446867902224716,27.125
27.760,-4.730900384615384,0.24247211538461536,8.552979358974358,0.004261057744126781,-0.002663161090079238,0.0031957933080950856,0.965398054672526,-0.004128766359906303,0.2526411763421524,0.06451345084012523,27.125
27.780,-4.746167147435897,0.23977798076923076,8.569144166666666,0.0031957933080950856,-0.0021305288720633907,0.002929477199087162,0.9655509027232713,-0.004074122817980482,0.25204914858924876,0.06454519710230099,27.125
27.800,-4.747065192307692,0.23708384615384615,8.557469583333333,0.00346210941710301,0.001331580545039619,0.002663161090079238,0.9656953431157428,-0.004096654911313971,0.25149266051972896,0.0645535700624983,27.125
27.821,-4.7605358653846155,0.2388799358974359,8.531426282051282,0.0023968449810713144,0.0023968449810713144,0.002663161090079238,0.9655417043228858,-0.004168202870817403,0.2520842266185374,0.06453980158180443,27.125
27.841,-4.783885032051281,0.2613310576923077,8.57363439102564,0.002663161090079238,0.0018642127630554668,0.002929477199087162,0.9655364892755436,-0.0034991674360492792,0.2520662341534214,0.06472756216964515,27.125
27.861,-4.76143391025641,0.2550447435897436,8.523343878205129,0.0037284255261109335,0.0010652644360316954,0.002929477199087162,0.9653948210028545,-0.003164671834883203,0.25259019931566995,0.06481524236407911,27.25
27.882,-4.782088942307692,0.22720535256410257,8.518853653846154,0.00346210941710301,0.0,0.002929477199087162,0.9653478415834194,-0.0037195481737455414,0.2527976522931752,0.06467655453621293,27.25
27.902,-4.7605358653846155,0.16973048076923078,8.519751698717949,0.0031957933080950856,0.0,0.0023968449810713144,0.9653862587019011,-0.004307294354734649,0.2526789803132979,0.06453023812694263,27.25
27.922,-4.785681121794871,0.19846791666666666,8.524241923076923,0.0037284255261109335,0.00026631610900792384,0.002929477199087162,0.9653566399471953,-0.004884256460890636,0.2528185199243736,0.06438553977357549,27.25
27.942,-4.774904583333333,0.22989948717948716,8.54220282051282,0.004261057744126781,0.00026631610900792384,0.0037284255261109335,0.9654918052416965,-0.004619260437264315,0.2522843897819897,0.06447342953862414,27.25
27.963,-4.786579166666666,0.25684083333333335,8.518853653846154,0.004527373853134705,-0.00026631610900792384,0.002929477199087162,0.9653760918331729,-0.004129106594318103,0.2527031441687026,0.06459932447707371,27.25
27.983,-4.739880833333333,0.25594278846153845,8.549387179487178,0.004261057744126781,-0.0005326322180158477,0.0023968449810713144,0.9655126946885562,-0.003855395505905326,0.2521649421230421,0.06467777272617686,27.25
28.003,-4.721021891025641,0.24247211538461536,8.548489134615384,0.0037284255261109335,-0.00026631610900792384,0.0021305288720633907,0.9656614734069378,-0.0038217065235324876,0.25159077980039674,0.06469461226577133,27.25
28.023,-4.751555416666666,0.24965647435897434,8.54759108974359,0.0037284255261109335,0.0010652644360316954,0.0023968449810713144,0.9657884946593366,-0.003509986029411969,0.25108385380802395,0.06478550716508152,27.25
28.043,-4.750657371794872,0.24606429487179488,8.54399891025641,0.00346210941710301,0.0018642127630554668,0.002663161090079238,0.9657073576436178,-0.004003119163164759,0.2514206099970311,0.06466027604849865,27.25
28.063,-4.762331955128205,0.27031150641025636,8.545795,0.0031957933080950856,0.0015978966540475428,0.002663161090079238,0.9656497830926551,-0.0033552273527051846,0.25160634896742623,0.06483428122376052,27.25
28.083,-4.766822179487179,0.22810339743589741,8.51795560897436,0.002663161090079238,0.0010652644360316954,0.0023968449810713144,0.965564583693469,-0.003838473920200896,0.2519575432342732,0.06471241953575302,27.25
28.104,-4.767720224358974,0.25594278846153845,8.528732147435898,0.002663161090079238,0.0010652644360316954,0.0023968449810713144,0.9654450465159954,-0.00337115291949823,0.2523900052556479,0.06483658483275559,27.25
28.124,-4.800049839743589,0.2316955769230769,8.528732147435898,0.002929477199087162,0.001331580545039619,0.002929477199087162,0.9653344175089451,-0.003761406695843982,0.25283186987338946,0.06474071183312455,27.25
28.144,-4.799151794871794,0.2343897115384615,8.541304775641025,0.002663161090079238,0.00026631610900792384,0.002663161090079238,0.9652475995119555,-0.00423410662741462,0.2531856976591342,0.06462311102332412,27.25
28.164,-4.782986987179487,0.2218170833333333,8.509873205128205,0.0018642127630554668,-0.0005326322180158477,0.002929477199087162,0.9652156088332915,-0.0048237125042672,0.2533325798557204,0.0644838293365068,27.25
28.184,-4.808132243589743,0.23798189102564102,8.530528237179487,0.002663161090079238,-0.0007989483270237714,0.0023968449810713144,0.9653189547387986,-0.005280862587684265,0.2529566252321155,0.06437681153569484,27.25
28.204,-4.762331955128205,0.273005641025641,8.525139967948718,0.0037284255261109335,-0.0007989483270237714,0.0018642127630554668,0.9653253838423489,-0.0046038911711053275,0.25290064135204615,0.06455209601113036,27.25
28.225,-4.784783076923077,0.22451121794871792,8.554775448717947,0.0031957933080950856,-0.0010652644360316954,0.002663161090079238,0.9654249615443375,-0.004109614660361109,0.2524924793274267,0.06469391453256357,27.25
28.245,-4.750657371794872,0.27031150641025636,8.534120416666667,0.002663161090079238,-0.0021305288720633907,0.002663161090079238,0.9655252107716447,-0.003613432154441328,0.25207925959805333,0.0648387025852127,27.25
28.266,-4.748861282051282,0.2218170833333333,8.525139967948718,0.002929477199087162,-0.002663161090079238,0.002663161090079238,0.9656655182651678,-0.003883856046796399,0.2515512645104455,0.06478413246365827,27.25
28.286,-4.7416769230769225,0.23977798076923076,8.550285224358975,0.002929477199087162,-0.002663161090079238,0.0018642127630554668,0.9655685962169885,-0.004290244245654023,0.25194423741214855,0.06467596956117408,27.25
28.306,-4.772210448717948,0.1903855128205128,8.534120416666667,0.00346210941710301,-0.0007989483270237714,0.0021305288720633907,0.965552547659862,-0.004882310110916331,0.2520336388344137,0.06452507769398809,27.25
28.326,-4.771312403846154,0.2074483653846154,8.531426282051282,0.00346210941710301,0.00026631610900792384,0.002663161090079238,0.9655062904964441,-0.005443465367540424,0.2522345994777197,0.06438694373009762,27.25
28.347,-4.780292852564102,0.21014249999999998,8.541304775641025,0.00346210941710301,0.0010652644360316954,0.002663161090079238,0.9653946132275661,-0.005833013387628155,0.25267961167572833,0.06428242799880038,27.25
28.367,-4.7452691025641025,0.25235060897435896,8.560163717948717,0.0037284255261109335,0.0023968449810713144,0.0018642127630554668,0.9654867346180679,-0.0053385666492921195,0.2523050100374106,0.06441309566147181,27.25
28.388,-4.742574967948718,0.2263073076923077,8.526038012820512,0.0031957933080950856,0.0018642127630554668,0.0015978966540475428,0.9656128485121167,-0.005023102842560531,0.25180627726831484,0.06449956553668823,27.25
28.408,-4.787477211538461,0.22271512820512818,8.53322237179487,0.003994741635118857,0.0015978966540475428,0.0023968449810713144,0.9654570802701837,-0.005013391004062426,0.2524025877097979,0.06450136265390122,27.25
28.428,-4.779394807692308,0.2739036858974359,8.546693044871795,0.004527373853134705,0.0018642127630554668,0.0037284255261109335,0.9654358038101564,-0.004320676488700813,0.2524482275606353,0.06469105716875442,27.25
28.449,-4.779394807692308,0.24696233974358975,8.539508685897436,0.004793689962142629,0.0005326322180158477,0.00346210941710301,0.9653685925904716,-0.0036810012349490972,0.2526713888848675,0.06486216083968022,27.25
28.469,-4.785681121794871,0.2721075961538461,8.522445833333332,0.0037284255261109335,-0.00026631610900792384,0.002929477199087162,0.965267286860186,-0.003135947444357533,0.2530269771017011,0.06501214971047141,27.25
28.490,-4.777598717948718,0.24426820512820513,8.54220282051282,0.0031957933080950856,0.0005326322180158477,0.0031957933080950856,0.965357310903212,-0.003618484007187175,0.2527053542009452,0.06490125435909541,27.25
28.510,-4.757841730769231,0.25684083333333335,8.50897516025641,0.0031957933080950856,0.001331580545039619,0.0023968449810713144,0.965456659333897,-0.003145945577034768,0.25229721734491023,0.06503580624758121,27.25
28.530,-4.782986987179487,0.2316955769230769,8.523343878205129,0.0031957933080950856,-0.0007989483270237714,0.0021305288720633907,0.965388952637286,-0.0036578702468245588,0.2525838705444006,0.0649012977678493,27.25
28.551,-4.781190897435897,0.2550447435897436,8.532324326923076,0.0031957933080950856,-0.0021305288720633907,0.0023968449810713144,0.9652523805256354,-0.0033595271482230026,0.2530899879461708,0.06497702261831913,27.25
28.571,-4.762331955128205,0.23618580128205127,8.528732147435898,0.0031957933080950856,-0.002663161090079238,0.0021305288720633907,0.9653736856831698,-0.003757043013945404,0.2526457829138725,0.06488173852572404,27.25
28.591,-4.784783076923077,0.23618580128205127,8.53322237179487,0.00346210941710301,-0.0018642127630554668,0.0018642127630554668,0.9653177237306291,-0.0042872756178571935,0.25288767113238425,0.06473899372505312,27.25
28.612,-4.734492564102564,0.2128366346153846,8.545795,0.00346210941710301,-0.0021305288720633907,0.0018642127630554668,0.9654634067452379,-0.004495065805533677,0.2523396965754795,0.06469066510307604,27.25
28.632,-4.736288653846153,0.25863692307692304,8.553877403846153,0.003994741635118857,-0.0015978966540475428,0.0021305288720633907,0.9655884498636742,-0.004113174046668305,0.25184044234052655,0.06479520731394016,27.25
28.652,-4.7300023397435895,0.21553076923076925,8.549387179487178,0.003994741635118857,0.00026631610900792384,0.0021305288720633907,0.9657176449194066,-0.004408447708080626,0.25135791167698257,0.06472399954812925,27.25
28.673,-4.757841730769231,0.27480173076923076,8.539508685897436,0.0031957933080950856,0.0005326322180158477,0.0015978966540475428,0.9656735721257319,-0.0037510924391965773,0.25149474044004266,0.06489127009419042,27.25
28.693,-4.7605358653846155,0.2263073076923077,8.532324326923076,0.002663161090079238,0.0,0.0010652644360316954,0.9656238164201169,-0.004312136258967163,0.2517159624325947,0.06473889788809546,27.25
28.713,-4.774006538461538,0.28108804487179484,8.54220282051282,0.002663161090079238,-0.0007989483270237714,0.001331580545039619,0.965565599584368,-0.0036822991436100093,0.2519081261528275,0.06489845568631022,27.25
28.734,-4.795559615384615,0.22361317307692305,8.51795560897436,0.002663161090079238,0.0,0.001331580545039619,0.9654472537958795,-0.004017081778704433,0.25238058641384314,0.06480357083820788,27.25
28.754,-4.786579166666666,0.2685154166666667,8.561061762820513,0.002929477199087162,0.00026631610900792384,0.0015978966540475428,0.9654253658917202,-0.0033480872811772907,0.2524295070604511,0.06497689719903234,27.25
28.774,-4.795559615384615,0.23349166666666665,8.51256733974359,0.002663161090079238,-0.0007989483270237714,0.0015978966540475428,0.965361148251359,-0.003874326105108601,0.2527034742620718,0.06483669593623173,27.25
28.795,-4.787477211538461,0.21463272435897432,8.517057564102563,0.002929477199087162,-0.0021305288720633907,0.0010652644360316954,0.9652190302807478,-0.003933511349354455,0.2532521673204235,0.06480810767076779,27.25
28.815,-4.778496762820512,0.22091903846153846,8.51795560897436,0.00346210941710301,-0.0031957933080950856,0.00026631610900792384,0.9652663522101905,-0.004522449650458401,0.25310484884691814,0.06464017504749209,27.25
28.835,-4.768618269230769,0.24696233974358975,8.530528237179487,0.0031957933080950856,-0.00346210941710301,0.0005326322180158477,0.9654119526804732,-0.004263352983267593,0.25253734981077075,0.06470295506055562,27.25
28.855,-4.774006538461538,0.24426820512820513,8.535018461538462,0.0037284255261109335,-0.0021305288720633907,0.0010652644360316954,0.9655441281039163,-0.003920588472776593,0.2520148791131661,0.06478940017974719,27.25
28.875,-4.727308205128205,0.2550447435897436,8.558367628205128,0.003994741635118857,-0.0018642127630554668,0.0018642127630554668,0.9656951282605623,-0.003808217862238771,0.2514287868895999,0.06482269551441142,27.25
28.895,-4.782088942307692,0.3098254807692307,8.50897516025641,0.00346210941710301,-0.0021305288720633907,0.0023968449810713144,0.9655974419095343,-0.003273073884976995,0.2517756865140747,0.0649605329832921,27.25
28.915,-4.671629423076922,0.2478603846153846,8.574532435897435,0.00346210941710301,-0.004527373853134705,0.0005326322180158477,0.9657578537690549,-0.003261228562088522,0.25116037010504594,0.06495845410992257,27.25
28.936,-4.719225801282051,0.22271512820512818,8.568246121794871,0.0021305288720633907,-0.003994741635118857,0.0015978966540475428,0.9658907936274317,-0.0036215881676847704,0.2506653879673866,0.06487466500933647,27.25
28.956,-4.765924134615385,0.18589528846153844,8.546693044871795,0.0023968449810713144,0.0023968449810713144,0.0031957933080950856,0.9658421376181533,-0.004194989726800413,0.2508784178882258,0.06474091982887838,27.25
28.976,-4.754249551282051,0.21373467948717947,8.516159519230769,0.002929477199087162,0.004793689962142629,0.004261057744126781,0.9657295104883388,-0.0046154555013676,0.2513273526238543,0.06465115594908814,27.25
28.996,-4.747963237179487,0.2316955769230769,8.53861064102564,0.0021305288720633907,0.002929477199087162,0.004793689962142629,0.9658410858890782,-0.004247986377186154,0.2508700826008017,0.06478543876684326,27.25
29.016,-4.828787275641026,0.24696233974358975,8.50179080128205,0.002663161090079238,0.0037284255261109335,0.004527373853134705,0.9656797481369571,-0.004192730548706666,0.251482381744184,0.06482018760356606,27.25
29.036,-4.814418557692307,0.24965647435897434,8.50717907051282,0.0023968449810713144,0.00346210941710301,0.003994741635118857,0.9655190669769752,-0.004113209607567286,0.25209024848285727,0.0648576859785084,27.25
29.056,-4.809030288461538,0.2316955769230769,8.506281025641025,0.0018642127630554668,0.0007989483270237714,0.0037284255261109335,0.9653711721514211,-0.004231816290297087,0.2526576473724915,0.06484369617838148,27.25
29.077,-4.800049839743589,0.2406760256410256,8.534120416666667,0.0018642127630554668,-0.0005326322180158477,0.002929477199087162,0.965221823098902,-0.004247547313604098,0.2532259975666859,0.06484893763052269,27.25
29.097,-4.753351506410256,0.22451121794871792,8.55118326923077,0.0031957933080950856,-0.001331580545039619,0.002929477199087162,0.9653694281694506,-0.004392233888807564,0.25266551212372507,0.06482834581037689,27.25
29.117,-4.748861282051282,0.25235060897435896,8.54220282051282,0.0037284255261109335,-0.0021305288720633907,0.0015978966540475428,0.9655022649467938,-0.004054751081476329,0.252139955526344,0.06491824245504275,27.25
29.137,-4.785681121794871,0.2577388782051282,8.54040673076923,0.0037284255261109335,-0.0021305288720633907,0.0007989483270237714,0.9653831383956737,-0.0036264401738158644,0.2525781335887958,0.06501177943869643,27.25
29.157,-4.751555416666666,0.23977798076923076,8.546693044871795,0.0037284255261109335,-0.0007989483270237714,0.0010652644360316954,0.9655279652068155,-0.0038087374200824436,0.25203399559596684,0.06496235053308609,27.25
29.177,-4.757841730769231,0.24875842948717947,8.54759108974359,0.0031957933080950856,0.0005326322180158477,0.0021305288720633907,0.96567337324096,-0.003722794552348574,0.25146897790225725,0.06499561652096814,27.25
29.197,-4.720123846153846,0.20475423076923074,8.550285224358975,0.0023968449810713144,0.0007989483270237714,0.002663161090079238,0.9657791530822699,-0.00415532176491387,0.2510801500393129,0.06490083997114163,27.25
29.218,-4.721021891025641,0.24965647435897434,8.550285224358975,0.002663161090079238,0.00026631610900792384,0.0031957933080950856,0.9659111918938523,-0.0038835969466515163,0.2505520068573032,0.06499368360642138,27.25
29.238,-4.735390608974359,0.2352877564102564,8.53861064102564,0.002929477199087162,-0.0021305288720633907,0.0021305288720633907,0.9658759113076975,-0.004453610665170773,0.250716187583038,0.06484815025422916,27.25
29.258,-4.799151794871794,0.23798189102564102,8.531426282051282,0.002929477199087162,0.0,0.0018642127630554668,0.9657259445397438,-0.004418157101202891,0.25129282490022065,0.06485210932819278,27.25
29.278,-4.756045641025641,0.24337016025641023,8.545795,0.002929477199087162,0.0015978966540475428,0.002663161090079238,0.965654228130088,-0.0037955176840072337,0.25153505401938275,0.06502016871295138,27.25
29.298,-4.744371057692307,0.23798189102564102,8.518853653846154,0.0018642127630554668,-0.0005326322180158477,0.0023968449810713144,0.9656503720078541,-0.004407593559337131,0.25157792572126086,0.0648727943740397,27.25
29.319,-4.748861282051282,0.23618580128205127,8.535916506410256,0.0021305288720633907,-0.001331580545039619,0.002929477199087162,0.9657983157577059,-0.004291863638295952,0.25099771014979927,0.06492567046743622,27.25
29.339,-4.764128044871795,0.25145256410256406,8.50717907051282,0.002929477199087162,-0.0005326322180158477,0.002663161090079238,0.965653263145129,-0.0040650241086402465,0.2515432390065808,0.06498653603815628,27.25
29.359,-4.776700673076923,0.24696233974358975,8.53322237179487,0.002663161090079238,-0.001331580545039619,0.0023968449810713144,0.9655058159657994,-0.003965813772353321,0.2521034227771187,0.06501273630143796,27.25
29.379,-4.774904583333333,0.24965647435897434,8.511669294871794,0.0021305288720633907,-0.0021305288720633907,0.0018642127630554668,0.9653698209037188,-0.0036789853389507243,0.25260913353362985,0.06508609383414066,27.25
29.399,-4.782986987179487,0.27839391025641025,8.529630192307692,0.00346210941710301,-0.0005326322180158477,0.0018642127630554668,0.9654346034555312,-0.0042325063027474725,0.25238936576877,0.06494397884251048,27.25
29.419,-4.799151794871794,0.23349166666666665,8.550285224358975,0.0037284255261109335,0.0005326322180158477,0.0021305288720633907,0.9653027720775635,-0.004481637844942576,0.25290708342779133,0.06487280087715144,27.25
29.440,-4.75963782051282,0.23079753205128203,8.524241923076923,0.0031957933080950856,-0.001331580545039619,0.0015978966540475428,0.9654471296121225,-0.004276114268296362,0.252343883238201,0.0649316514709362,27.25
29.460,-4.784783076923077,0.22271512820512818,8.55118326923077,0.0031957933080950856,-0.00346210941710301,0.0007989483270237714,0.9655750949633523,-0.0046534341171248755,0.25187309702436067,0.06483073756165297,27.25
29.480,-4.7605358653846155,0.23259362179487178,8.546693044871795,0.0037284255261109335,-0.00346210941710301,0.0005326322180158477,0.9657321856602892,-0.004681926376299821,0.2512729855882362,0.06481752740410401,27.25
29.501,-4.721919935897436,0.2352877564102564,8.564653942307691,0.00346210941710301,-0.0023968449810713144,0.0007989483270237714,0.9658781891823163,-0.00453208766333756,0.25070249325669586,0.06486172768418966,27.25
29.521,-4.712041442307692,0.23349166666666665,8.522445833333332,0.00346210941710301,0.0005326322180158477,0.0018642127630554668,0.9660178158986202,-0.0043696058760252215,0.2501538932081121,0.06491159853040294,27.25
29.541,-4.747963237179487,0.2613310576923077,8.552979358974358,0.003994741635118857,0.0015978966540475428,0.0023968449810713144,0.9659165041474446,-0.0038093581491173314,0.25051424861404376,0.06506463745701299,27.25
29.561,-4.800947884615384,0.22540926282051282,8.54759108974359,0.0037284255261109335,0.0018642127630554668,0.0037284255261109335,0.9657762487269766,-0.004003131296912314,0.2510636148294078,0.06501748721274464,27.25
29.582,-4.7605358653846155,0.20475423076923074,8.519751698717949,0.004527373853134705,0.001331580545039619,0.002663161090079238,0.9657019623847912,-0.0045016364717080405,0.2513778844809695,0.06487383377843753,27.25
29.602,-4.753351506410256,0.2604330128205128,8.522445833333332,0.003994741635118857,0.001331580545039619,0.0010652644360316954,0.9656240018784856,-0.0038896658288306166,0.251646364986772,0.06503279545631545,27.25
29.622,-4.754249551282051,0.2218170833333333,8.528732147435898,0.002663161090079238,0.0021305288720633907,0.0037284255261109335,0.9656152867651012,-0.00449557665451515,0.25170419035545194,0.06489921658696024,27.25
29.643,-4.737186698717949,0.24965647435897434,8.526936057692307,0.0023968449810713144,0.0023968449810713144,0.00346210941710301,0.9656972064739758,-0.00397217119478725,0.25135813182828476,0.06505549037670333,27.25
29.663,-4.762331955128205,0.2290014423076923,8.521547788461538,0.0023968449810713144,0.0007989483270237714,0.0031957933080950856,0.9655848868065213,-0.004346178115099099,0.25180470789777615,0.06497173375510928,27.25
29.684,-4.793763525641025,0.2577388782051282,8.50538298076923,0.002663161090079238,0.00026631610900792384,0.00346210941710301,0.9654374734982567,-0.004102874831800604,0.2523562494527045,0.0650382544782827,27.25
29.704,-4.8045400641025635,0.2532486538461538,8.521547788461538,0.00346210941710301,0.0005326322180158477,0.0023968449810713144,0.9652862467302681,-0.003949948394694319,0.25292836796079504,0.0650699658964094,27.25
29.725,-4.7605358653846155,0.2604330128205128,8.531426282051282,0.002663161090079238,0.0,0.0018642127630554668,0.9654016729950342,-0.003549146908887364,0.25246391933514284,0.06518422177602991,27.25
29.745,-4.768618269230769,0.20385618589743587,8.524241923076923,0.0021305288720633907,-0.0007989483270237714,0.0018642127630554668,0.9654165482113606,-0.004161619125015436,0.25243724228051156,0.065030824043145,27.25
29.765,-4.720123846153846,0.27839391025641025,8.561061762820513,0.0015978966540475428,-0.0007989483270237714,0.001331580545039619,0.9655397718555839,-0.003804746458929931,0.2519444896979249,0.06513406927486289,27.25
29.786,-4.762331955128205,0.19128355769230768,8.54759108974359,0.0018642127630554668,-0.0005326322180158477,0.0018642127630554668,0.9655732605974143,-0.004411785535662878,0.2518447615808683,0.0649848492491966,27.25
29.806,-4.75963782051282,0.24965647435897434,8.558367628205128,0.002929477199087162,-0.0007989483270237714,0.002929477199087162,0.9656676676294735,-0.00390473999318901,0.2514525356262368,0.06513317916219326,27.25
29.827,-4.805438108974358,0.2721075961538461,8.535018461538462,0.003994741635118857,0.00026631610900792384,0.0037284255261109335,0.9655227641749147,-0.003620203467587959,0.2519918725179796,0.06521335884439507,27.25
29.847,-4.8503403525641025,0.27749586538461535,8.494606442307692,0.004527373853134705,0.0021305288720633907,0.002929477199087162,0.9653667123462562,-0.003464222988130581,0.25258177476978344,0.0652499571418695,27.25
29.867,-4.712041442307692,0.2218170833333333,8.530528237179487,0.003994741635118857,-0.0005326322180158477,0.001331580545039619,0.9655049095800808,-0.0037099415377228294,0.25206634418183305,0.06518484518162343,27.25
29.888,-4.730900384615384,0.19936596153846153,8.530528237179487,0.0023968449810713144,-0.00346210941710301,0.0010652644360316954,0.9656031557580815,-0.004213898336505627,0.2517153411869447,0.06505517398319485,27.25
29.908,-4.785681121794871,0.2290014423076923,8.521547788461538,0.002929477199087162,-0.0010652644360316954,0.0010652644360316954,0.9654693752894911,-0.00441415186386725,0.252241134215581,0.06499085205688657,27.25
29.928,-4.738084743589743,0.2191229487179487,8.544896955128205,0.0037284255261109335,-0.0010652644360316954,0.0007989483270237714,0.9656119437249815,-0.004632259442042251,0.25170681907510145,0.06492914244943432,27.25
29.949,-4.775802628205128,0.2505545192307692,8.515261474358974,0.0031957933080950856,0.0,0.002663161090079238,0.9655082748203724,-0.004913866426990369,0.25211763493705514,0.06485617413840948,27.25
29.969,-4.740778878205128,0.21373467948717947,8.546693044871795,0.002929477199087162,-0.0005326322180158477,0.002929477199087162,0.96565657280805,-0.004848862545242257,0.25154111718184197,0.06489174286101208,27.25
29.989,-4.703959038461538,0.2388799358974359,8.552979358974358,0.002929477199087162,-0.0018642127630554668,0.00346210941710301,0.9658012388995059,-0.004650943422141788,0.2509695608820086,0.06496626182993401,27.25
30.009,-4.782088942307692,0.22810339743589741,8.54040673076923,0.002663161090079238,-0.0007989483270237714,0.002663161090079238,0.9656553933428712,-0.004708675425005378,0.25153206522501065,0.06495467532986161,27.25
30.029,-4.750657371794872,0.25235060897435896,8.537712596153845,0.0021305288720633907,0.0,0.0018642127630554668,0.9657121067954334,-0.004110137900543586,0.25128213078667727,0.0651193082155465,27.25
30.050,-4.772210448717948,0.24426820512820513,8.521547788461538,0.0023968449810713144,0.00026631610900792384,0.0015978966540475428,0.9655861435869582,-0.0044047652417724195,0.25178157086761976,0.0650387417426334,27.25
30.070,-4.803642019230769,0.2550447435897436,8.526038012820512,0.002929477199087162,0.00026631610900792384,0.0021305288720633907,0.9654386199135573,-0.004187352212666962,0.2523364656796974,0.06509259058550275,27.25
30.090,-4.750657371794872,0.1652402564102564,8.552081314102564,0.002929477199087162,-0.0018642127630554668,0.002663161090079238,0.9655109357375761,-0.004733755379396504,0.252083553038875,0.06496234923750192,27.25
30.110,-4.768618269230769,0.287374358974359,8.509873205128205,0.0018642127630554668,-0.0031957933080950856,0.0031957933080950856,0.9654584583480873,-0.004104100907753872,0.2522489787681461,0.06514272231263422,27.25
30.130,-4.780292852564102,0.18858942307692309,8.530528237179487,0.0007989483270237714,-0.0021305288720633907,0.0055926382891664005,0.9654424817604603,-0.004709437962143128,0.25232867855791796,0.06502978996966717,27.25
30.150,-4.7416769230769225,0.28019,8.554775448717947,0.0018642127630554668,-0.0007989483270237714,0.002663161090079238,0.9655236027804491,-0.004167845118457115,0.25198634594329206,0.06518959272059942,27.25
30.171,-4.767720224358974,0.2837821794871795,8.552979358974358,0.0031957933080950856,-0.0015978966540475428,-0.0010652644360316954,0.9655276035342364,-0.0035009411279451398,0.2519428377397623,0.06533755991991777,27.25
30.191,-4.772210448717948,0.34125705128205125,8.555673493589744,0.0018642127630554668,-0.0005326322180158477,0.0,0.9655100445607139,-0.002845168635783948,0.25197671020446377,0.06549806395869921,27.25
30.211,-4.711143397435897,0.18230310897435897,8.566450032051282,-0.0023968449810713144,0.0,0.005858954398174324,0.9656101168018612,-0.003339856911836566,0.25160204783119433,0.06543972198026145,27.25
30.231,-4.7317984294871795,0.26222910256410253,8.528732147435898,-0.007989483270237714,-0.0005326322180158477,0.016245282649483352,0.965741060619653,-0.0031992008422456765,0.2510405736426972,0.06567038398200664,27.25
30.251,-4.7434730128205125,0.1903855128205128,8.58261483974359,-0.005858954398174324,0.0007989483270237714,0.016245282649483352,0.9657889615712189,-0.003814069629040807,0.2508425383263112,0.06568984355335852,27.25
30.271,-4.739880833333333,0.19667182692307691,8.552979358974358,0.0021305288720633907,0.0021305288720633907,0.001331580545039619,0.9658169864289579,-0.004421143184063001,0.2507649816723708,0.06553568634788154,27.25
30.292,-4.739880833333333,0.19667182692307691,8.552979358974358,0.0021305288720633907,0.0021305288720633907,0.001331580545039619,0.9658169864289579,-0.004421143184063001,0.2507649816723708,0.06553568634788154,27.25
30.312,-4.593499519230769,0.2685154166666667,8.633803397435896,-0.0055926382891664005,0.0023968449810713144,0.01944107595757844,0.9660571966594366,-0.004651324944402528,0.24980778777070675,0.06563480119477784,27.25
30.333,-4.813520512820513,0.19667182692307691,8.523343878205129,-0.03888215191515688,0.01331580545039619,0.08948221262666241,0.9658291462252191,-0.00505719390876893,0.25044527321841614,0.06652556060783264,27.25
30.353,-4.598887788461538,0.10596929487179486,8.622128814102563,-0.08894958040864656,0.018375811521546742,0.18935075350463385,0.9657805597536944,-0.0057961452587029895,0.25008566687366685,0.06849433791441606,27.25
30.373,-4.4704673717948715,0.25684083333333335,8.785572980769231,-0.10093380531400313,0.022370553156665602,0.21997710604054507,0.9657108870874419,-0.006149322559734421,0.2496755468771455,0.0708998567307495,27.25
30.393,-4.4704673717948715,0.25684083333333335,8.785572980769231,-0.10093380531400313,0.022370553156665602,0.21997710604054507,0.9657108870874419,-0.006149322559734421,0.2496755468771455,0.0708998567307495,27.25
30.414,-3.891228429487179,0.19667182692307691,9.010982243589742,-0.08894958040864656,0.03968110024218065,0.19281286292173686,0.9656149448361244,-0.006536678623991139,0.24943323585429353,0.07299391065665374,27.25
30.434,-3.844530096153846,0.0637611858974359,9.433961378205128,-0.09640643146086843,0.046339002967378744,0.21252025498832322,0.9654831745766733,-0.007016511429256473,0.24925085827989024,0.07527959765733484,27.25
30.455,-4.143579038461538,0.10507124999999999,9.336074487179486,-0.09028116095368617,0.04767058351241837,0.3374225101130395,0.9652460360704338,-0.007132307972526285,0.24909234270952751,0.07875420520060597,27.25
30.475,-4.8045400641025635,0.20834641025641026,9.294764423076922,-0.00346210941710301,0.07749798772130582,0.5110606131862058,0.9647856249615016,-0.006031140254165512,0.24929951910821466,0.08367839020495384,27.25
30.495,-5.746589134615385,-0.15087153846153847,9.924293878205127,0.3712446559570458,0.2673813734439555,0.5251753669636258,0.9626772048066564,0.00029577553186834404,0.2542855574367482,0.0926896280150046,27.25
30.515,-5.746589134615385,-0.15087153846153847,9.924293878205127,0.3712446559570458,0.2673813734439555,0.5251753669636258,0.9626772048066564,0.00029577553186834404,0.2542855574367482,0.0926896280150046,27.25
30.536,-6.3042750000000005,0.22361317307692305,9.709661153846154,0.6721818591359997,0.21651499662344206,0.6838997679323484,0.9599140198582322,0.013917220669453096,0.26112690686378964,0.10091642066679166,27.25
30.556,-6.329420256410256,0.5900154807692307,9.557891570512819,0.793622004843613,0.10599381138515368,0.9286442721106304,0.9583780362531444,0.02368470347723114,0.26334810245060697,0.1076956423650781,27.25
30.576,-6.06090483974359,0.9842571794871795,9.573158333333332,0.9837717066752706,-0.01038632825130903,1.1201255544873276,0.9567381953181551,0.035800310540595036,0.26453472015504503,0.1157227083032916,27.25
30.596,-5.474481538461538,1.5518215384615384,9.441145737179486,1.1896340589383958,-0.11398329465539139,1.258609931171448,0.9550070950513768,0.051245741347517734,0.2641536257543242,0.12473245125515015,27.25
30.617,-5.067667211538462,2.0179068269230767,9.095398461538462,1.3182647395892229,-0.19414444346677648,1.4215953898842975,0.9527939927153809,0.06904068044988611,0.26273621295237853,0.13559747155438426,27.25
30.637,-4.783885032051281,2.638455833333333,8.75054923076923,1.3765879674619583,-0.2548645163205831,1.5851134808151626,0.9500512460746147,0.08765159920086771,0.26067559030318177,0.14754004069977167,27.25
30.658,-4.44622016025641,2.9842031089743584,8.388637147435897,1.4165353838131467,-0.29427930045375583,1.6855146539111499,0.9467239310684792,0.10680088198646437,0.2583039279970981,0.15995765292860722,27.25
30.678,-3.8319574679487176,3.9325384935897434,8.566450032051282,1.4530206907472323,-0.27803401780427245,1.7419736690208296,0.9426834174203321,0.12608831589665015,0.25604888488756855,0.17288342795914002,27.25
30.698,-3.6658191666666666,4.297144711538461,8.439825705128206,1.436509091988741,-0.20373182339106172,1.8152105989980087,0.9378306095160569,0.14480805080180426,0.2542769125591085,0.18667519389873583,27.25
30.719,-3.4493903525641025,4.426463173076923,7.921653814102564,1.3515542532152134,-0.12010856516257365,1.8674085563635618,0.932385315035425,0.1625230738449983,0.2528415366842171,0.20078603562356692,27.25
30.739,-3.000367916666667,4.338454775641025,7.332536378205128,1.2783173232380343,-0.08229167768344846,1.8290590366664208,0.9267067694350426,0.179444966476618,0.2512856001619809,0.21417192776063226,27.25
30.759,-3.004858141025641,4.705755128205128,7.019118717948718,1.2492888673561706,-0.10466223084011406,1.7084178392858314,0.921017649682119,0.1958059554453928,0.24966703864606535,0.22594885837252326,27.25
30.780,-3.3110914423076925,6.023186955128205,6.902372884615385,1.2175972503842276,-0.14247911831923923,1.5017565386956824,0.9157064422648622,0.21089512156269294,0.24836660867332,0.235199887312472,27.25
30.800,-2.6151066666666667,7.131374326923076,7.068511185897435,1.1078750134729631,-0.1419464861012234,1.1632687641466113,0.9114342405500307,0.22314222261278868,0.24756586283931753,0.24125985409312867,27.25
30.820,-2.41484266025641,7.266081057692308,6.68774016025641,0.810932551929128,-0.06631271114297303,0.7030745277809188,0.9089051143276813,0.23000234041900208,0.248068286270471,0.2438289193217201,27.25
30.841,-2.865661185897436,7.604643974358974,7.023608942307692,0.3025350998330015,0.13582121559404114,0.07909588437535338,0.9087393972810504,0.22896628657311593,0.25178362979049207,0.24160329304816128,27.25
30.861,-3.154831634615385,6.637449647435897,6.311459358974359,-0.6175870567893753,0.8282430990146431,-1.1906993233744274,0.9106448076586988,0.2188589482393354,0.2606661597946427,0.23426469686603918,27.25
30.882,-2.912359519230769,5.010192339743589,5.273319487179487,-1.1771172018150233,1.3299826483855715,-1.7851168786801133,0.9134606666872396,0.2008154471172413,0.27404801005186274,0.22396529820715635,27.25
30.902,-2.982407019230769,3.9738485576923077,6.4380836858974355,-1.6415724959248423,1.6817862283850389,-2.1094898994517646,0.9165409086376052,0.17623612434508298,0.28927689642642423,0.21263223759221758,27.25
30.922,-4.255834647435897,3.732274487179487,7.117005608974359,-1.8466358998609438,1.698564143252538,-2.2114889692017994,0.9191991886139761,0.14861996252037898,0.30465503821797935,0.20042521318499554,27.25
30.943,-4.642891987179487,3.033595576923077,7.862382852564102,-1.8255969272493178,1.4426343624959233,-2.173938397831682,0.9215820466159622,0.12178484779916625,0.3170483176899284,0.18797698383486924,27.25
30.963,-5.225723108974359,1.7359207371794871,8.179392692307692,-1.709216787612855,1.2349077974697427,-2.0538298326691087,0.9233577420016247,0.09660983394791899,0.3273910700401335,0.17576150752708364,27.25
30.983,-5.944159006410255,0.9366608012820512,7.899202692307692,-1.5089470736388964,1.0868360408613371,-1.807487431836779,0.9242216099710963,0.07421786385563087,0.33636638607903163,0.16481437638529495,27.25
31.004,-6.597935673076924,0.4876383653846153,7.854300448717948,-1.196025645554586,0.9233179499304719,-1.4775217727759613,0.9242900014576767,0.05604394382749224,0.3439928763500558,0.1556148148025889,27.25
31.024,-6.938294679487179,0.3978338782051282,7.658526666666666,-0.8873652752144021,0.7257113970465924,-1.1299792505206208,0.9239500885017973,0.04221316325295537,0.35002484414550916,0.14838089933213267,27.25
31.044,-7.067613141025641,0.6025881089743589,7.499572724358973,-0.6982808378187763,0.4878911117025164,-0.8141283452372231,0.9236637089415459,0.0316042967009992,0.35400708423191884,0.1432672521129574,27.25
31.064,-6.895188525641025,1.29587875,7.689060192307692,-0.6202502178794546,0.2964098293258192,-0.597879664722789,0.9235884618973471,0.022774897317553753,0.3562604436961331,0.13980040543468392,27.25
31.084,-6.0564146153846155,0.8136286538461538,7.862382852564102,-0.6231796950785418,0.22610237654772733,-0.47457530625212024,0.9237399356800405,0.014673934036009199,0.35715204525768485,0.13759223618356559,27.25
31.104,-6.3006828205128205,0.09609080128205127,7.430423269230769,-0.5986786130498127,0.2806971788943517,-0.34834147058236437,0.923375321944941,0.006929946345886183,0.3588048776693675,0.13634166797934538,27.25
31.124,-6.620386794871795,0.11405169871794871,7.2319553525641025,-0.39787626685783817,0.4138552333983136,-0.2439455558512582,0.922236636548633,0.0012074269173484413,0.3621745495569224,0.13530603822795303,27.25
31.144,-6.761379839743589,0.10956147435897436,7.085574038461538,-0.09720537978789219,0.594151239196678,-0.18189390245241197,0.9202887900124567,-0.0017412540522771462,0.3676635924813674,0.13374974308546977,27.25
31.165,-6.642837916666666,0.7821970833333333,7.133170416666666,0.1565938720966592,0.7510114274023452,-0.16804546478399993,0.9177098380383613,-0.0013109331638380402,0.3747291981728423,0.1318520483670367,27.25
31.185,-6.5108253205128195,1.6973048076923076,7.129578237179486,0.2953445648897875,0.8689894636928555,-0.20399813950006965,0.9146975459142102,8.504456969707744e-05,0.3829639941385681,0.12910062532527675,27.25
31.205,-6.707497147435897,1.9254082051282049,7.134966506410255,0.2695119023160189,0.9872338160923736,-0.2359560725810205,0.911091850193289,0.0009681570272340031,0.39242670775467414,0.12614270579057565,27.25
31.225,-7.069409230769231,1.2653452243589745,6.500946826923077,0.1219727779256291,1.0471549406191565,-0.2111886744432836,0.9069896254894224,-0.00015385138175405912,0.40258345512691274,0.12367844291705353,27.25
31.245,-7.275061506410256,0.7759107692307692,5.866927147435897,-0.014381069886427886,0.9709885334428903,-0.10439591473110614,0.9029674046012783,-0.002065898769235961,0.4118183117650809,0.12268364350990496,27.25
31.266,-6.914945512820513,0.798361891025641,4.981454903846153,-0.06018744063579078,0.7400924669330203,0.06524744670694134,0.8995984117425717,-0.003309358391106361,0.4188949430857431,0.12344542273601662,27.25
31.286,-6.924824006410256,1.680241955128205,5.516689647435897,-0.06870955612404435,0.4460794825882724,0.2146507838603866,0.8972995556854699,-0.003074882898816175,0.42308717547381053,0.1258622040622601,27.25
31.306,-7.2032179166666666,2.1597979166666663,6.332114391025641,-0.13608753170304907,0.21651499662344206,0.25992452239173364,0.8960273042388612,-0.002873913457161731,0.4248238797469546,0.12904062103316577,27.25
31.327,-7.404379967948717,2.331324487179487,6.183038942307692,-0.3134540603023263,0.10333065029507445,0.20186761062800626,0.8952441463635793,-0.004365202376597637,0.42541303557245913,0.13244852802120197,27.25
31.347,-7.66840516025641,1.7628620833333333,6.061802884615385,-0.5392901207410458,0.11558119130943893,0.06018744063579078,0.8944880772595843,-0.008576912132849212,0.42597906636458854,0.13549668349399066,27.25
31.367,-7.654036442307692,0.9645001923076922,5.716055608974359,-0.6735134396810394,0.20825919724419642,-0.13022857730487475,0.8934778380475166,-0.015479737041964736,0.4273796853938422,0.13712889984138232,27.25
31.388,-7.802213846153845,0.18499724358974357,5.068565256410257,-0.6285060172587003,0.2804308627853438,-0.28708876551054185,0.8923753561425115,-0.023014698550239097,0.42936960268963276,0.13703390706797405,27.25
31.408,-7.95039125,0.35293163461538457,5.075749615384615,-0.46339002967378745,0.28655613329252605,-0.33475934902296023,0.8912770685407418,-0.029184778216084235,0.43164646197711065,0.13584832599830787,27.25
31.428,-8.075219487179487,1.1773368269230768,5.551713397435897,-0.29960562263391427,0.28549086885649433,-0.31425300862935013,0.8901531952288696,-0.0333528214259081,0.43412381007636913,0.1343554831465472,27.25
31.449,-8.194659455128205,1.7799249358974358,5.941464871794871,-0.2564624129746306,0.30360036426903314,-0.3107908992122471,0.8890129883968612,-0.03688357183548544,0.4366350583637547,0.13283574217062089,27.25
31.469,-8.231479294871795,1.5670883012820511,5.646906153846153,-0.3936152091137114,0.3163835375014135,-0.3733751848291092,0.8877890369883111,-0.041997124394223394,0.4391157990167338,0.13131710627286494,27.25
31.489,-8.47754358974359,0.42118304487179486,5.3388767628205125,-0.6135923151542565,0.30466562870506486,-0.5107942970771979,0.8866036747830845,-0.0501346832924363,0.4412483292711007,0.12930718969863905,27.25
31.509,-8.390433237179487,-0.2613310576923077,5.331692403846153,-0.7366303575159173,0.2729740117331219,-0.6404902421640568,0.8856231490452041,-0.060148735885931774,0.4427553348726272,0.12657598859344724,27.25
31.529,-8.261114775641024,-0.036819839743589745,5.336182628205127,-0.7070692694160378,0.18642127630554667,-0.6375607649649696,0.884912675557282,-0.06958634028553203,0.44355511862271474,0.12387959730039598,27.25
31.549,-8.182086826923078,-0.07094554487179487,5.307445192307692,-0.6948187284016732,0.02769687533682408,-0.507065871551087,0.8846690011933259,-0.07803659473828263,0.4430336751590897,0.1224426840782517,27.25
31.569,-8.006070032051282,-0.12303214743589744,5.478971762820513,-0.8024104364408745,-0.16804546478399993,-0.4037352212560125,0.8850166206037561,-0.08658468924255212,0.4406947856598008,0.12262454377546253,27.25
31.590,-7.2912263141025635,-0.5720545833333333,5.725934102564103,-0.9699232690068585,-0.3715109720660537,-0.40000679572990155,0.8864665788514425,-0.09666844144730266,0.43539025276218496,0.12356190678056594,27.25
31.610,-6.677861666666667,-1.3309024999999999,5.716055608974359,-1.1760519373789915,-0.6008091419218762,-0.3667172821039111,0.8884815026175267,-0.10832712423856525,0.4278340614361307,0.12579296298191595,27.25
31.630,-6.5126214102564095,-1.9290003846153845,5.091914423076923,-1.352619517651245,-0.8793757919441645,-0.21811289327748962,0.8909586004043931,-0.12073418921425837,0.4179011798083444,0.13028672931275237,27.25
31.650,-6.106705128205128,-2.135550705128205,5.00660016025641,-1.2929647092334702,-1.0879013052973687,-0.1307612095228906,0.8940173656460125,-0.1319365113665167,0.40614819248311207,0.13553358489502895,27.25
31.670,-5.356837660256409,-2.2873202884615385,5.59481955128205,-0.9898969771824528,-1.048486521164196,-0.1709749419830871,0.8972563064693373,-0.14043372160194328,0.3947627786565805,0.1391827536922818,27.375
31.690,-5.360429839743589,-2.3717365064102562,5.612780448717948,-0.6002765097038603,-0.7824367282652802,-0.17283915474614256,0.8998320500819965,-0.14582457482163147,0.3862552567067692,0.14086998150674168,27.375
31.710,-6.183038942307692,-1.9424710576923074,6.255780576923076,-0.2079928811351885,-0.3893541513695846,-0.08815063208162278,0.9012944429704693,-0.14787349759298277,0.3819085268224684,0.14123608929895223,27.375
31.730,-6.949969262820513,-1.833807628205128,6.418326698717949,0.083889574337496,-0.059654808417774936,0.03728425526110934,0.9014745900923841,-0.1474171584943523,0.3817011291171216,0.1411240334951266,27.375
31.750,-7.6423618589743585,-2.470521442307692,5.972896442307691,0.25965820628272573,0.07856325215733753,0.19840550121090325,0.9011258815904057,-0.14490924660770482,0.38329895740666553,0.14161696588496994,27.375
31.770,-7.6423618589743585,-2.078973878205128,5.551713397435897,0.45806370749362896,0.08442220655551184,0.37630466202819635,0.9007126235562917,-0.13972976604751974,0.38565591775756236,0.1430450116055078,27.375
31.791,-7.9934974038461535,-1.505123205128205,5.474481538461538,0.7416903635870679,-0.00905474770626941,0.5550027711725133,0.9011337185090799,-0.12918925243614715,0.38738742478801913,0.14559924978204633,27.375
31.811,-8.100364743589743,-0.749867467948718,5.42868125,0.9901632932914608,-0.21678131273245,0.7211840231934578,0.9024276652432465,-0.115902644862756,0.38722758141464925,0.14914987800599183,27.375
31.831,-8.15694157051282,-0.18230310897435897,5.5660821153846145,1.0934939435865352,-0.5062669232240632,0.8524778649343642,0.9046179084672916,-0.10136964206616707,0.3843078770837661,0.15394184278164624,27.375
31.851,-8.054564455128205,0.693290641025641,5.359531794871794,1.056209688325426,-0.8407599561380155,0.9235842660394799,0.9078693083680439,-0.08695041541377532,0.3778833819109278,0.15942739368835382,27.375
31.871,-7.196931602564102,1.1171678205128204,5.465501089743589,0.9392969164709473,-1.2354404296877586,0.8444883816641264,0.912541024752694,-0.07359580580767211,0.3672258771270648,0.16430974006150822,27.375
31.891,-6.421020833333333,1.4180128525641027,5.969304262820512,0.7962851659336923,-1.601092447355638,0.6229133789695338,0.9181928051158214,-0.0617249792998128,0.35364146578402467,0.16748048615317382,27.375
31.911,-5.35324548076923,1.5760687500000001,6.7874231410256405,0.7004113666908397,-1.6721988484607537,0.35739621828863377,0.9236634327034052,-0.05155099063986998,0.3402585916344874,0.16855992782842918,27.375
31.931,-4.885364102564102,1.470099455128205,7.2930224038461535,0.60799967686509,-1.4391722530788202,0.16431703925788899,0.9281483210373228,-0.04351317862009341,0.32894994481641104,0.16863935260565613,27.375
31.951,-4.633013493589743,1.4036441346153845,7.9018968269230765,0.4492752758963675,-1.1656656091276825,0.08069378102940092,0.9317291659411329,-0.03781919202142899,0.3194632408972951,0.16850432565629916,27.375
31.972,-4.79825375,1.1908075,7.992599358974358,0.2732403278421298,-0.9361011231628522,0.01251685712337242,0.9345373113664203,-0.034251654346025937,0.31176238359357045,0.16813998339073996,27.375
31.992,-5.116161634615385,1.2276273397435897,8.014152435897435,0.07536745884924244,-0.5771070082201709,-0.08548747099154355,0.9365691313427692,-0.03232243439353557,0.30617743776819145,0.16747805543542588,27.375
32.012,-5.21853875,1.5365547756410256,8.19196532051282,-0.030892668644919165,-0.4191815555784721,-0.19254654681272892,0.9381986894971065,-0.031914965986774686,0.3019553028937058,0.16609530103631878,27.375
32.032,-4.772210448717948,1.2159527564102564,8.286260032051281,-0.18508969576050704,-0.37816887479125183,-0.332096187932881,0.9399225147631227,-0.03356618929823487,0.297632610335672,0.16381027575258045,27.375
32.052,-4.4992048076923075,0.8082403846153845,8.30062875,-0.38163098420835484,-0.34674357392831684,-0.4330299932468841,0.9416534762275675,-0.03756015906405071,0.2931319827088573,0.16109502125390324,27.375
32.072,-4.685100096153846,0.3179078846153846,8.33385641025641,-0.5262406313996575,-0.24554345250530576,-0.4673847713089063,0.9430631372246739,-0.04334332549612402,0.2892584304064696,0.15837561612091222,27.375
32.092,-5.513995512820513,0.2092444551282051,8.869091153846153,-0.5464806556842596,-0.11318434632836763,-0.4591289719296607,0.9440098492616465,-0.04941538161886659,0.28661351843229377,0.1557440708609047,27.375
32.113,-6.080661826923077,-0.05747487179487179,8.670623237179486,-0.47830373177823116,-0.008255799379245638,-0.35659726996161,0.9441715940902099,-0.05506318534874635,0.2861472255365487,0.15371340816642323,27.375
32.133,-6.006124102564103,-0.4229791346153846,8.345530993589742,-0.40906154343617096,0.03382214584400633,-0.2567287290836386,0.9441080236481144,-0.060132447381346814,0.2860847128352164,0.15231436418530242,27.375
32.153,-5.91003330128205,-0.6241411858974358,8.251236282051282,-0.32703618186173045,0.037816887479125184,-0.3243730207716512,0.9441877643863278,-0.0647184811316067,0.28603822664145473,0.15001038858351823,27.375
32.173,-5.993551474358974,-0.8477543589743589,8.276381538461537,-0.25033714246744837,0.045540054640354974,-0.4852279506124372,0.9445178135106558,-0.06907661108854744,0.28602817533395974,0.145953433247379,27.375
32.193,-6.080661826923077,-0.756153782051282,8.609556185897436,-0.20426445560907758,0.04793689962142629,-0.6087986251921138,0.9450065054542215,-0.07333503395385281,0.2860356174528084,0.14059979727075803,27.375
32.213,-6.124666025641026,-0.73549875,8.938240608974358,-0.2024002428460221,0.05060006071150552,-0.6127933668272327,0.9454947392378682,-0.07766865734423876,0.2858966899262048,0.13516789718382982,27.375
32.234,-6.099520769230769,-0.916903814102564,8.832271314102563,-0.2024002428460221,0.0681769239060285,-0.5305016891437843,0.9457768779297616,-0.08178300183721107,0.2859857284611223,0.13049827930087418,27.375
32.254,-5.593023461538461,-1.1036971474358974,8.525139967948718,-0.1384843766841204,0.11504855909142309,-0.4908205889016036,0.9460695217370669,-0.08509009270411119,0.2860701218100592,0.12600008560068957,27.375
32.274,-5.21315048076923,-1.4045421794871793,8.229683205128206,-0.017843179303530896,0.20426445560907758,-0.5123921937312454,0.9462554252653486,-0.08719231792562662,0.2870066710532808,0.12093527451312393,27.375
32.295,-4.346537179487179,-0.5585839102564102,7.934226442307692,0.12490225512471627,0.3510046316724436,-0.5129248259492613,0.9461184097977757,-0.08760412381081482,0.2895673335363355,0.11548260250671642,27.375
32.315,-4.671629423076922,-0.7857892628205129,7.619012692307692,0.1978728689928874,0.5422195979401329,-0.3856257258434737,0.9453189340297479,-0.08745225402223651,0.29403518277102936,0.11075887108533931,27.375
32.335,-4.885364102564102,-1.0534066346153845,7.53010625,0.19893813342891908,0.6825681873873087,-0.2079928811351885,0.9437315579578076,-0.08752112317295688,0.3002897823139741,0.1074097116228299,27.375
32.355,-6.369832275641025,-1.4242991666666667,7.98361891025641,0.1744370514001901,0.6846987162593722,-0.026098978682776535,0.9416647845300254,-0.08698626151364101,0.30736301430527085,0.10596603852687439,27.375
32.375,-8.225192980769231,-2.5657141987179486,8.418272628205127,0.1723065225281267,0.5520732939734261,0.15472965933360375,0.9397936775086513,-0.08591328283129748,0.31322599073923757,0.1062837253455949,27.375
32.395,-8.692176314102563,-2.7013189743589745,8.345530993589742,0.31957933080950857,0.30120351928796185,0.2769687533682408,0.9386713597462086,-0.08278653818074286,0.3169954126469679,0.10750058534273611,27.375
32.416,-6.183038942307692,-0.9653982371794871,7.394501474358973,0.5829659626183452,-0.0660463950339651,0.4167847105974008,0.9387186793307042,-0.07617976057529338,0.3178088997030421,0.10955084857659171,27.375
32.436,-5.442151923076923,-0.6106705128205128,7.392705384615384,0.7456851052221867,-0.3901530996966084,0.5858954398174324,0.9400096813095296,-0.06668199805850222,0.31489896457978134,0.11302191064507885,27.375
32.456,-5.597513685897435,-0.3996299679487179,7.487000096153845,0.8181230868723419,-0.5779059565471947,0.6218481145335021,0.9417304030862588,-0.05592119738208886,0.3104381062326599,0.11681117149068382,27.375
32.477,-5.841781891025641,-0.02065503205128205,7.636973589743589,0.9142632022242024,-0.6482134093252866,0.510261664859182,0.9434926518919622,-0.04442897270977898,0.30596012267827155,0.11931506837161668,27.375
32.497,-5.734016506410256,0.18589528846153844,7.848912179487179,1.0431601989840376,-0.6495449898703262,0.307595105904152,0.9454557648727636,-0.03225449937886832,0.3013168370264226,0.11950400689126894,27.375
32.517,-5.513097467948717,0.42657131410256405,8.097670608974358,1.1209245028143513,-0.6239786434055655,0.11105381745630423,0.9475478041858656,-0.0200095115108252,0.29653915133391895,0.11754705422851645,27.375
32.537,-5.540936858974359,0.6663492948717947,8.35630753205128,1.0708570743208616,-0.5800364854192581,0.010120012142301104,0.9494487686710817,-0.00857179642958867,0.29206929594664927,0.11475663963433766,27.375
32.557,-5.560693846153845,0.9986258974358974,8.57363439102564,0.8793757919441645,-0.5390238046320378,0.03808320358813311,0.9510230767888843,0.0011180055376066242,0.28781045575260855,0.11277853979413599,27.375
32.578,-5.517587692307692,1.1952977243589742,8.71732157051282,0.5858954398174324,-0.538224856305014,0.17869810914431689,0.9523468859062207,0.008423253079040176,0.28320041298035475,0.1129689506016885,27.375
32.598,-5.293974519230769,1.2536706410256409,8.772102307692307,0.24554345250530576,-0.580302801528266,0.35819516661565753,0.9535934150917774,0.012981481615101095,0.2776331374752701,0.11580553011111183,27.375
32.618,-5.106283141025641,1.3003689743589744,8.811616282051283,-0.0793622004843613,-0.6069344124290584,0.47271109348906476,0.9547831453748492,0.014743760122188318,0.27133837829433516,0.12061198659407465,27.375
32.638,-4.90152891025641,1.1917055448717948,8.856518525641025,-0.3518035799994674,-0.5659217316418381,0.48709216337549266,0.9558588438136075,0.013750272195093163,0.2649614723177342,0.1262545797390846,27.375
32.658,-4.9859451282051275,1.0614890384615385,8.974162403846153,-0.5528722423004498,-0.4591289719296607,0.4426173731711694,0.9566794104405988,0.010504396700803678,0.25929446144835444,0.13198691431800522,27.375
32.679,-5.363123974358975,1.0507125,9.140300705128205,-0.6657902725198096,-0.32170985968157195,0.4037352212560125,0.9568744403450263,0.005925163166850792,0.25577987361101295,0.1375967082141617,27.375
32.699,-5.634333525641025,0.8881663782051281,9.236391506410255,-0.695617676728697,-0.20985709389824397,0.38482677751644995,0.9567462383380898,0.00047636966389061824,0.25335392925827155,0.14299718538227676,27.375
32.719,-5.542732948717949,0.629529455128205,9.383670865384616,-0.6495449898703262,-0.19414444346677648,0.335558297349984,0.9566275217924964,-0.004980570749477913,0.2510261001536553,0.1477324456773231,27.375
32.739,-4.889854326923077,0.38526124999999994,9.406121987179487,-0.527838528053705,-0.31478564084736593,0.262321367372805,0.9571091020485727,-0.009305295026639676,0.2467904486342285,0.1514927480876832,27.375
32.759,-4.0717354487179485,0.2352877564102564,9.422286794871795,-0.3478088383643485,-0.5131911420582692,0.24288029141522652,0.9580977263950932,-0.011386525993239135,0.24080174613071398,0.15470492158544216,27.375
32.780,-3.420652916666666,0.29994698717948715,9.34236080128205,-0.14274543442824716,-0.6799050262972295,0.3051982609230807,0.9593582612575303,-0.010977206976304704,0.23351319102559576,0.15805953657078475,27.375
32.800,-2.886316217948718,0.4822500961538461,9.117849583333333,0.04420847409531536,-0.7347661447528618,0.3800330875543073,0.9605766066341384,-0.008421874996315224,0.22598790885870104,0.16171307881078087,27.375
32.820,-2.3133635897435894,0.5855252564102564,8.740670737179487,0.17816547692630103,-0.6450176160171915,0.35926043105168926,0.9615658238757762,-0.004738050302679575,0.21952560175916142,0.16485517100081248,27.375
32.840,-2.1651861858974355,0.9357627564102563,8.073423397435896,0.2511360907944722,-0.4293015677207732,0.21278657109733112,0.9622648912800731,-0.000898258462985948,0.21527377423617908,0.1664412036353783,27.375
32.861,-2.5755926923076924,1.3201259615384613,8.297934615384614,0.2737729600601457,-0.1286306806508272,0.024501082028728992,0.9625725133384304,0.0024554081237897056,0.21406831877418403,0.1662013310219783,27.375
32.881,-2.83871983974359,1.4817740384615383,8.217110576923076,0.23915186588911558,0.11318434632836763,-0.10572749527614575,0.96254388976959,0.004883921790464217,0.21523339419167312,0.16480289317819566,27.375
32.901,-2.9626500320512816,1.4575268269230768,8.182984871794872,0.14567491162733434,0.2370213370170522,-0.12889699675983513,0.9622877983898345,0.006142568821443745,0.21741440000323936,0.16338739421861947,27.375
32.921,-3.107235256410256,1.3713145192307692,8.135388493589744,0.025832662573768612,0.29214877158169245,-0.07909588437535338,0.9617745256834614,0.005750581313235873,0.21991513473764607,0.16307674903012914,27.375
32.941,-3.3856291666666665,1.314737692307692,8.054564455128205,-0.0860201032095594,0.3004045709609381,-0.03648530693408556,0.9611284357193737,0.004557293575775671,0.2225689857266414,0.16332301650259912,27.375
32.962,-4.175010608974358,1.2240351602564101,8.35630753205128,-0.17949705747134065,0.29614351321681126,-0.008255799379245638,0.9603487492702549,0.0023369432814948922,0.2255308066269835,0.16389226257922748,27.375
32.982,-4.9724744551282045,1.0318535576923076,9.001103749999999,-0.23515712425399674,0.2671150573349476,0.011451592687340724,0.9597136413175291,-0.00010171363881672346,0.22772460487597723,0.16459410881761474,27.375
33.002,-4.387847243589744,0.749867467948718,8.92926016025641,-0.2157160482964183,0.11584750741844686,0.02290318537468145,0.9595042200184812,-0.001739901612551644,0.22805153999773145,0.16535150320988262,27.375
33.023,-3.39550766025641,0.5549917307692307,8.627517083333332,-0.12783173232380343,-0.10679275971217746,0.07590009106725829,0.9598560771337701,-0.0017600931923534894,0.2254830283922569,0.16682510952605709,27.375
33.043,-3.071313461538461,0.7049652243589742,8.436233525641025,-0.0007989483270237714,-0.2495381941404246,0.20746024891717266,0.9601155663511434,0.0001503788524361357,0.22243612835825077,0.1694114678450542,27.375
33.063,-3.84902032051282,1.1396189423076923,8.814310416666666,0.15046860158947695,-0.26684874122593966,0.339020406767087,0.9600760307806295,0.00418213433916627,0.2201295400059041,0.17256740853843155,27.375
33.083,-4.429157307692307,1.5877433333333333,9.142096794871794,0.3131877441933184,-0.23355922759994918,0.35926043105168926,0.9599094634743773,0.00958617486568698,0.21890601230276083,0.1748201503302212,27.375
33.103,-4.495612628205127,1.9298984294871793,9.316317499999998,0.4554005464035497,-0.2069276166991568,0.23915186588911558,0.9599156016454407,0.01569222155201043,0.21814507613323444,0.17529551522859865,27.375
33.123,-4.50908330128205,1.9837811217948718,9.322603814102562,0.5305016891437843,-0.1667138842389603,0.06897587223305227,0.9600322075301255,0.02158606335354327,0.21810239428957598,0.1740791428600366,27.375
33.144,-4.558475769230769,2.077177788461538,9.418694615384615,0.5150553548213247,-0.07669903939428206,-0.10040117309598728,0.9601921771650168,0.02634074836276285,0.21905359287269632,0.17132621322015426,27.375
33.164,-4.602479967948717,2.0188048717948717,9.470781217948717,0.41625207837938494,0.03755057137011726,-0.2735066439511378,0.9603815221151956,0.02920271022901044,0.22086957414776281,0.16742510239138758,27.375
33.184,-4.597989743589744,1.736818782051282,9.48784407051282,0.1073253919301933,0.1600559815137622,-0.3912183641326401,0.9605248067448906,0.029576311287315207,0.22308628640562556,0.16355380232838923,27.375
33.204,-4.698570769230769,1.4377698397435896,9.581240737179487,-0.18189390245241197,0.16192019427681767,-0.3094593186672075,0.9605831964523889,0.026904744848099495,0.22502181010769873,0.1610007527119822,27.375
33.224,-4.799151794871794,1.0893284294871795,9.895556442307692,-0.4660531907638667,0.06897587223305227,-0.17363810307316632,0.9608233890420816,0.021303438284575996,0.22513341576921778,0.16024831883994475,27.375
33.244,-4.662648974358974,0.8513465384615384,10.058102564102562,-0.6916229350935782,-0.0828243099014643,-0.05193164125654515,0.9612994477672364,0.014086043781098869,0.22300303554664316,0.1611663774798763,27.375
33.264,-4.175908653846154,0.49751685897435893,9.851552243589742,-0.8535431293703959,-0.2021339267370142,0.03968110024218065,0.9618838832464744,0.005862209293581226,0.21923565671700918,0.16334245154503685,27.375
33.284,-3.7610119230769232,0.17422070512820512,9.636919519230768,-0.9843043388932864,-0.2324939631639175,0.09587379924285258,0.9623622141018994,-0.0033904944506167774,0.21489269862623905,0.16633881535409215,27.375
33.304,-3.6837800641025638,-0.05388269230769231,9.570464198717948,-1.1086739617999868,-0.1810949541253882,0.15712650431467506,0.9625008929065689,-0.013815770538482226,0.2108248330603047,0.1701588828230259,27.375
33.324,-3.671207435897436,-0.32329615384615384,9.61895862179487,-1.2471583384841072,-0.0961401153518605,0.28149612722137546,0.9620750100976484,-0.025484762347211875,0.20734340394909767,0.1754164036586011,27.375
33.345,-3.254514615384615,-0.8019540705128205,9.245371955128205,-1.3973606239645764,0.011984224905356573,0.4442152698252169,0.960909364274996,-0.038444350306506656,0.20463560554534566,0.1824814909003741,27.375
33.365,-2.737240769230769,-1.499734935897436,8.51077125,-1.5014902225866744,0.17816547692630103,0.5456817073572359,0.9589342602109842,-0.05253277450786867,0.20335731260765294,0.1906074384831591,27.375
33.385,-2.7677742948717947,-1.8400939423076923,7.933328397435897,-1.516936556909134,0.3968110024218065,0.5901564975615592,0.9561384176117306,-0.06714648998755647,0.20418161088456893,0.19899885684563448,27.375
33.405,-3.409876378205128,-2.050236442307692,7.7186956730769225,-1.423193286538345,0.62211443064251,0.6844324001503642,0.9524323943815879,-0.08119986704839437,0.20754091976780978,0.20786024715132587,27.375
33.425,-4.183093012820512,-1.9236121153846153,7.327148108974359,-1.2050803932608554,0.7712514516869474,0.8314388923227382,0.9479385166432797,-0.09315390235181219,0.21315306094960193,0.21748722203518767,27.375
33.445,-5.092812467948718,-1.386581282051282,7.195135512820512,-0.8961537068116636,0.7483482663122659,0.9084042478260281,0.9433020290617706,-0.10170466594724842,0.21957071944407602,0.22721386853648715,27.375
33.465,-6.082457916666667,-0.8055462499999999,7.289430224358974,-0.5611280416796955,0.5398227529590616,0.8261125701425797,0.939459764799217,-0.10646853116950661,0.22479552447568316,0.2356836319512038,27.375
33.485,-6.578178685897435,-0.3879553846153846,7.549863237179487,-0.2580603096286782,0.223705531566656,0.580302801528266,0.9371434589936032,-0.10812015902318532,0.22748881579445326,0.241497426832551,27.375
33.505,-5.998041698717949,-0.42926544871794864,7.495980544871794,-0.01597896654047543,-0.0950748509158288,0.23861923367109975,0.9366131605309127,-0.10750364442625816,0.22740302404925095,0.24389878763254066,27.375
33.525,-5.116161634615385,-0.5702584935897436,7.447486121794871,0.1755023158362218,-0.2873550816195498,-0.09134642538971786,0.9375266204284644,-0.105298682186066,0.22562817174070637,0.2429978428603975,27.375
33.546,-4.456098653846153,-0.5082933974358974,7.471733333333333,0.3038666803780411,-0.3062635253591124,-0.32810144629776217,0.9392156409088086,-0.10205679364364403,0.22363681900064436,0.23967679055492117,27.375
33.566,-3.997197724358974,-0.5783408974358973,7.427729134615384,0.3368898778950236,-0.19254654681272892,-0.44900895978735955,0.9411349580946875,-0.09888357125753601,0.22192600938598608,0.23502314002131378,27.375
33.586,-3.9100873717948716,-0.8019540705128205,7.467243108974358,0.29055087492764486,-0.008255799379245638,-0.5062669232240632,0.9426542948643526,-0.09783430842642676,0.22176166775765283,0.22946261390879666,27.375
33.606,-4.347435224358974,-1.0094024358974358,7.512145352564103,0.2460760847233216,0.1744370514001901,-0.5757754276751313,0.943700736453524,-0.09766749076589784,0.22375394898472262,0.22321324239012297,27.375
33.626,-4.939246794871795,-1.0965127884615384,7.933328397435897,0.25592978075661477,0.255130832429591,-0.6399576099460409,0.9446529300529278,-0.09762170206043232,0.2265511740674989,0.2162762366925229,27.375
33.646,-5.409822307692307,-0.9420490705128205,8.480237724358973,0.30892668644919163,0.17710021249026933,-0.5933522908696542,0.9456674279464756,-0.09662136381878267,0.22885195712292358,0.20977180338621168,27.375
33.666,-5.366716153846154,-0.6870043269230769,8.803533878205128,0.3821636164263707,-0.015446334322459582,-0.39601205409478274,0.9467436306378333,-0.0938045114715012,0.22970736228951727,0.205211449934645,27.375
33.686,-4.828787275641026,-0.44632830128205125,8.806228012820512,0.46339002967378745,-0.2058623522631251,-0.1629854587128494,0.9479336798160929,-0.08877880500149472,0.22880118494834478,0.20295339420433742,27.375
33.706,-4.631217403846153,-0.097886891025641,8.950813237179487,0.5376922240869982,-0.3020024676149856,-0.059654808417774936,0.9492218652853709,-0.0825715920641985,0.22699209566360348,0.2015796893399486,27.375
33.726,-4.613256506410256,0.10776538461538462,9.13401439102564,0.5691175249499332,-0.2929477199087162,-0.10013485698697935,0.950555012996805,-0.07617113000044429,0.2252796157357058,0.19973037063769805,27.375
33.747,-4.5926014743589745,0.23079753205128203,9.337870576923075,0.5291701085987446,-0.22876553763780655,-0.19547602401181607,0.9518674863906185,-0.07049064816411714,0.22398497157794303,0.19700276490708565,27.375
33.767,-4.641095897435897,0.29635480769230765,9.476169487179487,0.4205131361235117,-0.14807175660840563,-0.2458097686143137,0.9529817652896531,-0.06611034623396678,0.22322399128926415,0.1939748098571883,27.375
33.787,-4.525248108974359,0.3565238141025641,9.270517211538461,0.2617887351547891,-0.05992112452678286,-0.17390441918217425,0.9536301846815878,-0.06325002529503058,0.22305666138128857,0.19192350293221497,27.375
33.807,-4.460588878205128,0.24875842948717947,9.046005993589743,0.08175904546543261,0.016245282649483352,-0.01038632825130903,0.9536668458645491,-0.06188690332986561,0.223402109376781,0.1917838778964673,27.375
33.827,-4.403114006410256,0.15087153846153847,8.918483621794872,-0.07163903332313151,0.044741106313331204,0.12703278399677967,0.9532833971802673,-0.0617340913497702,0.22379159062606183,0.1932795658902516,27.375
33.847,-4.477651730769231,-0.024247211538461537,8.923871891025641,-0.15579492376963544,0.03302319751698255,0.15845808485971466,0.9527972708956454,-0.06229243016647093,0.22397849625947355,0.19527070167106625,27.375
33.867,-4.3636000320512816,-0.18230310897435897,8.765815993589744,-0.1656486198029286,0.02024002428460221,0.10040117309598728,0.9524996105556132,-0.06308082166404101,0.22374923726474294,0.19672717314352023,27.375
33.887,-4.344741089743589,-0.378076891025641,8.67870564102564,-0.12916331286884306,0.032490565298966705,0.008788431597261486,0.9524210280726774,-0.06481504314892604,0.22338098558206113,0.19696225716358481,27.375
33.908,-4.30971733974359,-0.5702584935897436,8.535916506410256,-0.07456851052221868,0.07110640110511567,-0.06950850445106811,0.9523740651532288,-0.06644368789569113,0.2237127054603493,0.19626895265921376,27.375
33.928,-4.3788667948717945,-0.7363967948717948,8.4057,-0.012783173232380343,0.1265001517787638,-0.10492854694912199,0.9522651928298568,-0.0676818491541326,0.22485677114431168,0.1950630725953729,27.375
33.948,-4.655464615384615,-0.7651342307692307,8.305118974358974,0.0636495500528938,0.18029600579836444,-0.0905474770626941,0.9519872100425154,-0.06814340240014145,0.2269603461848449,0.1938190648116318,27.375
33.968,-4.841359903846154,-0.7175378525641025,8.222498846153846,0.16538230369392068,0.20293287506403795,-0.062317969507854176,0.9516419116397815,-0.06751027615767889,0.22960106754251092,0.19262238812514917,27.375
33.988,-4.93475657051282,-0.6124666025641026,8.237765608974358,0.2932140360177241,0.1832254829974516,-0.06391586616190172,0.9514098206772534,-0.0655505907290431,0.23234872838496645,0.19114534153841992,27.375
34.008,-4.837767724358974,-0.5217640705128205,8.174902467948717,0.4391552637540664,0.13448963504900152,-0.10466223084011406,0.9514473490712437,-0.062196358565111576,0.23488387086031468,0.18896857446733845,27.375
34.029,-4.842257948717949,-0.36730035256410254,8.225192980769231,0.5896238653435434,0.08042746492039299,-0.16378440703987315,0.951771417003085,-0.057223845084485706,0.2372274105301771,0.18595633095658076,27.375
34.049,-4.921285897435897,-0.11584778846153845,8.316793557692307,0.7174555976673468,0.035153726389045944,-0.21864552549550545,0.9523375648955692,-0.05077793426109496,0.23932393347323233,0.18220543007235895,27.375
34.069,-4.888956282051282,0.19667182692307691,8.4057,0.7872304182274228,-0.005326322180158476,-0.2468750330503454,0.9530540971898357,-0.0434318213134905,0.2410184185709027,0.17807775446877513,27.375
34.089,-4.840461858974359,0.4148967307692308,8.491014262820512,0.7779093544121455,-0.04420847409531536,-0.22903185374681448,0.9537675895393898,-0.03602252965800403,0.2422831225319896,0.17415123036432836,27.375
34.109,-4.762331955128205,0.6106705128205128,8.594289423076923,0.695351360619689,-0.07882956826634545,-0.18269285077943573,0.9544263134790296,-0.029600226202908034,0.24261076787890296,0.17127245562779447,27.375
34.129,-4.712939487179487,0.8396719551282051,8.732588333333332,0.5597964611346559,-0.11211908189233592,-0.14034858944717585,0.9550426213180344,-0.024497561651972092,0.2422471642291004,0.1691442353792903,27.375
34.150,-4.598887788461538,0.9213940384615384,8.793655384615384,0.3834951969714103,-0.14487596330031055,-0.10412959862209821,0.9556407899437047,-0.021101084726488136,0.24112085645402073,0.1678277611184071,27.375
34.170,-4.294450576923077,0.7857892628205129,8.843047852564101,0.1776328447082852,-0.1723065225281267,-0.0727042977591632,0.956264421206682,-0.019738982192129877,0.2391740738921186,0.16722587028960517,27.375
34.190,-4.12741423076923,0.5145797115384615,8.917585576923075,-0.028229507554839925,-0.18162758634340403,-0.056991647327695696,0.9568724989335908,-0.020516091741445763,0.2367416386635015,0.16711525150973477,27.375
34.210,-4.1040650641025636,0.2819860897435897,8.912197307692306,-0.2021339267370142,-0.16032229762277014,-0.04447479020432328,0.9573409967514998,-0.023001613369286928,0.23436245656167437,0.16746157970003814,27.375
34.230,-4.13100641025641,0.01526676282051282,8.966978044871794,-0.3265035496437146,-0.11504855909142309,-0.022370553156665602,0.957612424324014,-0.02668259980419917,0.23235209804369233,0.16816356972503818,27.375
34.251,-4.215422628205128,-0.26222910256410253,8.963385865384614,-0.39308257689569553,-0.06844324001503642,-0.007456851052221867,0.9577333343233655,-0.030943042607746496,0.2307601150574615,0.16893536556532807,27.375
34.271,-4.247752243589743,-0.4804540064102564,8.978652628205127,-0.39787626685783817,-0.04420847409531536,-0.010652644360316953,0.9578158845527398,-0.03507100884126884,0.22936836868555555,0.16955502671355813,27.375
34.291,-4.213626538461538,-0.6043841987179487,8.968774134615384,-0.3488741028003802,-0.04607268685837082,-0.016777914867499202,0.9579296969242261,-0.03850246695751343,0.22799968791268013,0.1700129350977931,27.375
34.311,-4.220810897435897,-0.6654512499999999,8.911299262820512,-0.25965820628272573,-0.05992112452678286,-0.00905474770626941,0.9580735342782601,-0.04092882966490725,0.226723619197284,0.1703418161107527,27.375
34.331,-4.2872662179487175,-0.622345096153846,8.896032499999999,-0.09427590258880503,-0.058855860090751166,-0.0010652644360316954,0.9582310653218258,-0.04231499719789105,0.22573381556349706,0.17043154337001812,27.375
34.351,-4.350129358974359,-0.5783408974358973,8.93105625,0.005858954398174324,-0.037816887479125184,-0.00692421883420602,0.9583827867157341,-0.0428084537698044,0.2251508610648651,0.17022620296115484,27.375
34.372,-4.438137756410256,-0.47237160256410254,8.914891442307692,0.083889574337496,-0.009321063815277334,-0.005326322180158476,0.9584753999976077,-0.04263148173276148,0.22508081316995376,0.16984137277897735,27.375
34.392,-4.50908330128205,-0.36730035256410254,8.870887243589744,0.13502226726701738,0.013582121559404114,0.006657902725198095,0.9584781902028906,-0.04198222300756683,0.22548879411484024,0.1694457305020391,27.375
34.412,-4.597989743589744,-0.22720535256410257,8.85562048076923,0.16192019427681767,0.016245282649483352,0.02157160482964183,0.9583971059060036,-0.040940116429277446,0.22624129378899427,0.1691560558846058,27.375
34.432,-4.529738333333333,-0.12303214743589744,8.846640032051281,0.16724651645697616,0.005326322180158476,0.04314320965928366,0.9583031958510965,-0.03977390721783654,0.22691409490684164,0.16906511958062512,27.375
34.452,-4.384255064102564,-0.03322766025641025,8.78916516025641,0.15259913046154036,-0.0018642127630554668,0.07350324608618697,0.9583381773452508,-0.03862345554446773,0.22678256506757802,0.1693098777560156,27.375
34.473,-4.323188012820513,-0.00538826923076923,8.701156762820512,0.1272991001057876,-0.0007989483270237714,0.09853696033293181,0.958338305978295,-0.03754594419161413,0.22653675683882799,0.16987963730346795,27.375
34.493,-4.282775993589743,0.08082403846153846,8.649968205128204,0.10359696640408236,0.006125270507182248,0.11211908189233592,0.9582566971903372,-0.03582204073424269,0.22644427721454194,0.17083288033714217,27.375
34.513,-4.288164262820513,0.2128366346153846,8.670623237179486,0.09134642538971786,0.01251685712337242,0.12383699068868458,0.9580544844954775,-0.03404966458346392,0.2267213425914733,0.17195830277534815,27.375
34.533,-4.291756442307692,0.28468022435897433,8.654458429487178,0.09400958647979711,0.014114753777419962,0.1419464861012234,0.9577962041675873,-0.03221031892359482,0.22709726202453498,0.17325057061366836,27.375
34.553,-4.323188012820513,0.35293163461538457,8.74695705128205,0.11451592687340724,0.006657902725198095,0.15606123987864337,0.9575398697017784,-0.03012947346598471,0.22740431486388435,0.17463358881226482,27.375
34.574,-4.333964551282051,0.5594819551282051,8.841251762820512,0.15579492376963544,-0.006657902725198095,0.1576591365326909,0.9573172397925651,-0.02762634314269966,0.22765138981584998,0.1759412750761408,27.375
34.594,-4.333964551282051,0.7777068589743589,8.905910993589742,0.20959077778923604,-0.0037284255261109335,0.16484967147590485,0.9570792197788853,-0.024596425359946182,0.22802839311962178,0.177193213352645,27.375
34.614,-4.353721538461538,0.9680923717948717,8.96608,0.2705771667520506,0.020506340393610135,0.1685780970020158,0.9567781771538247,-0.021016773663036215,0.22875940551982699,0.17833381432924159,27.375
34.634,-4.372580480769231,1.2105644871794872,8.951711282051281,0.34141725174815835,0.051665325147537224,0.13875069279312832,0.956449430176685,-0.016884354988569696,0.2299396840229449,0.17901717175383727,27.375
34.654,-4.294450576923077,1.3560477564102564,8.856518525641025,0.4117247045262502,0.07483482663122659,0.07297061386817112,0.9561866483332405,-0.012270522215388258,0.23140801260243404,0.17890461016194453,27.375
34.674,-4.1328024999999995,1.4557307371794872,8.74695705128205,0.46578687465485874,0.07749798772130582,-0.02663161090079238,0.9560901824197782,-0.007377720685169469,0.232927904878082,0.17771247408978993,27.375
34.695,-3.941518942307692,1.5212880128205128,8.624822948717949,0.49241848555565115,0.06444849837991756,-0.15233281435253243,0.9562488780896916,-0.002524491057038762,0.23423955204839492,0.17525279556479667,27.375
34.715,-3.8319574679487176,1.6119905448717948,8.623026858974358,0.47617320290616777,0.05486111845563231,-0.27590348893220906,0.9566204318649583,0.0018920344244886917,0.2353963302386391,0.17164596486494826,27.375
34.735,-3.871471442307692,1.6281553525641024,8.725403974358974,0.39734363463982236,0.05992112452678286,-0.36485306934085565,0.9571170864256151,0.00531055270663586,0.23640397405614128,0.16736738616754174,27.375
34.755,-3.945111121794872,1.532962596153846,8.89064423076923,0.2537992518845514,0.07776430383031376,-0.4048004856920442,0.9576322301012755,0.007202042846092458,0.23729012111320874,0.1630399977679695,27.375
34.775,-4.154355576923076,1.3048591987179485,8.921177756410255,0.06418218227090965,0.12277172625265288,-0.39308257689569553,0.9580247367196832,0.007209693126064155,0.23826213946544875,0.15927265005504473,27.375
34.796,-4.296246666666667,0.9662962820512819,8.911299262820512,-0.1475391243903898,0.19867181731991118,-0.33369408458692856,0.958203379790978,0.00493953317875151,0.23941858039056074,0.1565267623535708,27.375
34.816,-4.293552532051282,0.46967746794871795,8.873581378205127,-0.3475425222553406,0.28362665609343884,-0.2439455558512582,0.9580307725205378,0.00013797869566280685,0.24118313723569818,0.15494422925274642,27.375
34.836,-4.374376570512821,-0.1014790705128205,8.794553429487179,-0.4804342606502946,0.36858149486696656,-0.13582121559404114,0.9574118091255509,-0.005950883765689074,0.24373397237774602,0.15466404054695865,27.375
34.856,-4.646484166666666,-0.44632830128205125,8.728098108974358,-0.4852279506124372,0.45779739138462106,-0.03701793915210141,0.9563436847171006,-0.01202737371028942,0.2472690212126269,0.1553065682188021,27.375
34.876,-5.107181185897436,-0.6349177243589744,8.736180512820512,-0.3406183034211346,0.5331648502338635,-0.017576863194522972,0.9549891257220916,-0.01678932809494323,0.25190440173614,0.15574999390251346,27.375
34.897,-5.390963365384615,-0.5989959294871794,8.68409391025641,-0.0828243099014643,0.5789712209832264,-0.11052118523828838,0.9536407993744316,-0.019367713906728812,0.2574496564412593,0.1546408478533399,27.375
34.917,-5.391861410256411,-0.39424169871794873,8.429947211538462,0.22343921545764808,0.597879664722789,-0.2530003035575276,0.9524631959408781,-0.019390556492226423,0.26367338496804354,0.15137441248937672,27.375
34.937,-5.28858625,-0.11854192307692307,8.07791362179487,0.5075985037691028,0.6032059869029475,-0.3715109720660537,0.951420818552161,-0.016968939358059907,0.27042263034326497,0.1462261335084413,27.375
34.958,-5.160165833333333,0.25684083333333335,7.836339551282052,0.7267766614826241,0.5829659626183452,-0.4628573974557716,0.9504690094242556,-0.012507795870058456,0.27740265655392427,0.13964234065416134,27.375
34.978,-5.267931217948718,0.6349177243589744,7.748331153846153,0.8572715548965067,0.5254416830726337,-0.5515406617554103,0.9496608056380964,-0.006493290877090041,0.28405245060752826,0.1319711965250184,27.375
34.998,-5.4304773397435895,0.9752767307692306,7.682773878205127,0.8852347463423388,0.4591289719296607,-0.611994418500209,0.9490043795809977,-7.927814129181242e-05,0.2899826022676753,0.1236962878712582,27.375
35.018,-5.690910352564103,1.2608549999999998,7.685468012820512,0.8191883513083736,0.415985762270377,-0.6159891601353278,0.9483540009749639,0.005787825395545671,0.29535486060959026,0.11557117385515552,27.375
35.039,-5.993551474358974,1.50602125,7.589377211538461,0.695883992837705,0.3992078474028778,-0.5739112149120759,0.9475977169535362,0.010606336833192872,0.3004017767162993,0.1081889319159647,27.375
35.059,-6.322235897435897,1.8571567948717946,7.363069903846154,0.548877500665331,0.388022570824545,-0.5230448380915624,0.9467488592254346,0.014190532770503365,0.30515313425512114,0.10171917709706264,27.375
35.079,-7.187951153846153,0.980665,6.923027916666666,0.38189730031736274,0.35606463774359415,-0.5004079688258889,0.9459172974141287,0.015903448119278914,0.3095208989679911,0.09583506609125447,27.375
35.099,-6.983196923076923,0.3376648717948718,7.151131314102563,0.18189390245241197,0.2913498232546687,-0.5486111845563231,0.9453377436122368,0.01541538591860715,0.31303945853546594,0.09002896077889448,27.375
35.119,-6.742520897435897,-0.8001579807692307,7.475325512820512,-0.07163903332313151,0.15153386602550864,-0.5675196282958856,0.9452986487982397,0.012285261527755234,0.3147728260349856,0.08472074668796177,27.375
35.139,-6.147117147435897,-1.007606346153846,7.675589519230769,-0.311057215321255,0.020506340393610135,-0.44714474702430407,0.9456298357043742,0.0073010085571645605,0.31484387627076127,0.08126649170825681,27.375
35.159,-5.60020782051282,0.23079753205128203,7.645055993589743,-0.36511938544986355,-0.00905474770626941,-0.2426139753062186,0.9459334495700183,0.0024836371096982356,0.31434993466865,0.07992408338597623,27.375
35.180,-6.2872121474358975,0.73549875,7.66660907051282,-0.2213086865855847,0.07217166554114736,-0.02077265650261806,0.9455495763054015,0.000431622387652099,0.3153752556359845,0.0804627900543333,27.375
35.200,-6.570994326923076,1.4269933012820513,7.415156506410256,0.02769687533682408,0.1731054708551505,0.10705907582118537,0.9447644344929067,0.001288723943758087,0.3174508482543202,0.08150743187285302,27.375
35.220,-6.8790237179487175,2.1795549038461535,7.3962975641025634,0.31398669252034217,0.18828548906860215,0.03755057137011726,0.9440119066722654,0.004752556218335896,0.3197688125932875,0.08103603990240842,27.375
35.240,-7.180766794871794,2.842312019230769,7.972842371794871,0.48682584726648476,0.15020228548046904,-0.167779148674992,0.9435109183534168,0.009211815391975086,0.32188163655865465,0.0780672879726108,27.375
35.260,-7.69983673076923,3.411672467948718,7.721389807692307,0.3645867532318477,0.1265001517787638,-0.3664509659949032,0.9433464229067539,0.009939086587722138,0.32338051496059833,0.07364634064671574,27.375
35.280,-7.147539134615384,3.240145897435897,7.0622248717948715,-0.08362325822848808,0.054328486237616457,-0.45673212694858933,0.9437546183876737,0.005173716913763568,0.3229802580699656,0.0705989080814368,27.375
35.300,-6.087846185897436,2.260378942307692,6.303376955128205,-0.7411577313690519,-0.19734023677487156,-0.507065871551087,0.9452113912416049,-0.006035385732099332,0.31903815797690943,0.06894674568734248,27.375
35.321,-5.501422884615384,1.4386678846153846,6.3024789102564105,-1.3891048245853306,-0.5355616952149348,-0.6274407528226685,0.9474378172381134,-0.022995452384718135,0.3118207112897313,0.06782798572468114,27.375
35.341,-5.125142083333333,0.022451121794871794,6.410244294871794,-1.8604843375293558,-0.7805725155022247,-0.7494135307482976,0.9497283577015441,-0.04384183794558672,0.30273485957957397,0.06667491746089152,27.375
35.361,-4.342046955128205,-1.848176346153846,7.03797766025641,-2.0727382764086713,-0.8663263026027762,-0.8540757615884117,0.9517608315474553,-0.06623585025142432,0.2925992711326007,0.06441892739124358,27.375
35.381,-4.177704743589743,-3.396405705128205,6.711987371794872,-1.9816581671279612,-0.7773767221941297,-0.9728527462059458,0.9529955859355402,-0.08662262658187489,0.2840081940536055,0.06029327874517413,27.375
35.401,-3.7843610897435895,-3.918169775641026,5.983672980769231,-1.5885755902322656,-0.5856291237084245,-1.0303770257516573,0.9536620641574989,-0.1025378714504562,0.277512496173289,0.05478564385802867,27.375
35.421,-3.4835160576923077,-4.201951955128204,5.164656057692308,-1.094026575804551,-0.40746364678212343,-0.9198558405133689,0.954022792656974,-0.11339213028952307,0.27295913918020837,0.049759865528274896,27.375
35.441,-3.6083442948717948,-4.013362532051282,5.554407532051282,-0.6450176160171915,-0.2641855801358604,-0.6325007588938191,0.9541967418629896,-0.11939903747455298,0.2703121243545752,0.0467311790469945,27.375
35.462,-3.8068122115384613,-4.032221474358974,5.49872875,-0.2751045406051853,-0.13502226726701738,-0.2537992518845514,0.9542799494943569,-0.12142535316841715,0.2691622274484665,0.046447356393588074,27.375
35.482,-3.8615929487179486,-3.4475942628205125,6.429103237179487,0.07350324608618697,-0.13422331893999362,0.27217506340609815,0.9545692827410612,-0.12054185389119407,0.26811181676714774,0.04881802553882509,27.5
35.502,-4.126516185897436,-3.56883032051282,6.12736016025641,0.2450108202872899,-0.17843179303530896,0.4974784916268017,0.9550187655744449,-0.1173987729601233,0.2671205417199968,0.05294621515591605,27.5
35.522,-4.253140512820512,-3.429633365384615,5.871417371794871,0.4359594704459713,-0.18242653467042783,0.5685848927319174,0.9556081340668369,-0.11222372978065531,0.2663462683860149,0.05725900711907071,27.5
35.542,-4.098676794871794,-2.9393008653846153,6.522499903846153,0.6570018409225481,-0.2149170999693945,0.5608617255706876,0.956520377692587,-0.10494737165873508,0.26522275155276204,0.06092379091566694,27.5
35.562,-3.8544085897435894,-2.5226080448717947,6.725458044871795,0.8926915973945606,-0.28495823663847847,0.6024070385759237,0.9577977721986068,-0.09522820498802213,0.263447073222213,0.06442558619674922,27.5
35.582,-3.646960224358974,-2.3196499038461535,6.2225529166666655,1.1480887459331597,-0.3150519569563739,0.720118758757426,0.9591624389475418,-0.08274145688077708,0.26168998856883685,0.06840772550152312,27.5
35.603,-3.682882019230769,-2.052930576923077,6.061802884615385,1.4290522409365192,-0.29427930045375583,0.860201032095594,0.9603732446584301,-0.06720309892914363,0.26046455674343444,0.07297389340719945,27.5
35.623,-4.151661442307692,-0.9411510256410256,7.053244423076922,1.7329189213145604,-0.2324939631639175,0.9795106489311438,0.9612764490346333,-0.04842811785944319,0.25989261789205115,0.0778340099003919,27.5
35.643,-4.5737425320512815,1.0031161217948716,8.11832564102564,2.0024308236305792,-0.1366201639210649,1.0673949649037586,0.9615301095042471,-0.025658141734861046,0.26056646766230834,0.08310610211922881,27.5
35.663,-5.069463301282052,2.389697403846154,8.629313173076923,2.1094898994517646,-0.062317969507854176,1.0793791898091152,0.9610374807964777,-0.0018755312173060264,0.26197900121019807,0.08815013222860055,27.5
35.683,-5.690910352564103,2.885418173076923,9.001103749999999,1.9907129148342306,-0.07350324608618697,0.95820536021051,0.9601206941469064,0.020441145090393537,0.2631235707644108,0.09228433651732205,27.5
35.703,-6.080661826923077,2.629475384615384,9.028943141025639,1.6799220156219834,-0.1731054708551505,0.7510114274023452,0.9592640890696643,0.03924477864441103,0.26309230170269665,0.0951561640424603,27.5
35.723,-6.137238653846153,3.663125032051282,9.563279839743588,1.3070794630108902,-0.29427930045375583,0.531566953579816,0.9588230926359734,0.054049836968275644,0.2614564041215613,0.096837187565074,27.5
35.744,-6.444369999999999,4.918591762820513,10.591541217948716,0.8657936703847603,-0.443948953716209,0.42504050997664644,0.9589648561481094,0.06450494339345672,0.25789927564746146,0.09855699148795802,27.5
35.764,-5.272421442307691,3.681983974358974,10.238609583333334,0.2881540299465736,-0.7052050566529823,0.4716458290530331,0.9600631385013072,0.06980070993570028,0.25098266331626634,0.10205064281113513,27.5
35.784,-3.9765426923076923,2.6222910256410255,10.323923846153846,-0.23568975647201257,-0.9704559012248744,0.5792375370922344,0.9621134632838569,0.07022172951807125,0.2404608893322422,0.10763434941030948,27.5
35.804,-3.702639006410256,2.270257435897436,10.854668365384615,-0.5408880173950933,-1.0290454452066176,0.5797701693102502,0.9643958463430398,0.06748754466015311,0.22897184292281644,0.11383311478021303,27.5
35.824,-3.144055096153846,1.50602125,11.821862692307691,-0.6721818591359997,-0.8327704728677778,0.4133226011802978,0.9663575470767096,0.06274155894951411,0.21931956602863412,0.11880873682301862,27.5
35.844,-2.8755396794871793,1.4575268269230768,11.849702083333332,-0.6402239260550489,-0.43409525768291585,0.18136127023439613,0.967595854762902,0.05735603758739037,0.21366584314947057,0.12171875068841623,27.5
35.864,-3.461962980769231,1.4692014102564102,11.227356987179485,-0.4807005767593025,0.03755057137011726,0.0021305288720633907,0.9679084045070433,0.05234007773576921,0.21293977782017068,0.1227619149783017,27.5
35.885,-4.3007368910256405,1.3380868589743589,10.379602628205127,-0.29614351321681126,0.37417413315613296,-0.04500742242233913,0.9674261843847317,0.048426459446904165,0.21585483109938597,0.12307781149862972,27.5
35.905,-4.4534045192307685,1.484468173076923,10.290696185897437,-0.1731054708551505,0.49028795668358777,-0.003994741635118857,0.9665597227300382,0.04564866280167633,0.22001895591023582,0.12357249297728112,27.5
35.925,-4.190277371794871,1.386581282051282,9.323501858974359,-0.14274543442824716,0.4838963700673976,0.007190534943213943,0.9656714809325574,0.04332843314180824,0.22403581733708766,0.12413375989270832,27.5
35.945,-4.342046955128205,1.5715785256410257,8.123713910256411,-0.17976337358034858,0.4697816162899776,-0.06684534336098888,0.9646282692172626,0.04110875354566534,0.22890910455202318,0.12410880090477526,27.5
35.965,-4.4228709935897434,1.4117265384615383,8.401209775641025,-0.25592978075661477,0.3981425829668461,-0.14327806664626302,0.9638470197253625,0.037947645669145054,0.2330574254286851,0.12346309249026079,27.5
35.985,-4.105861153846154,1.5949276923076923,9.06217080128205,-0.3344930329139523,0.18535601186951497,-0.16192019427681767,0.9638071928574516,0.03455499752159898,0.2340538736481602,0.12288381249298987,27.5
36.005,-3.4323274999999995,1.5132056089743589,9.072947339743589,-0.398675215184862,-0.0660463950339651,-0.13262542228594607,0.9643675343625825,0.030713466928166643,0.2324219187001957,0.12260502976797201,27.5
36.026,-3.5185398076923073,1.3677223397435898,8.912197307692306,-0.447411063133312,-0.20852551335320435,-0.08788431597261485,0.9651985450405826,0.02668097314320419,0.2293364886082384,0.12281966176682624,27.5
36.046,-3.668513301282051,1.0677753525641025,8.919381666666666,-0.4974784916268017,-0.22450447989367978,-0.028229507554839925,0.9659946035765,0.02217077878422415,0.22597903414140064,0.12367844823453053,27.5
36.066,-3.84902032051282,0.783095128205128,8.906809038461537,-0.555801719499537,-0.17710021249026933,0.03009372031789539,0.9665988816893368,0.016899503532491204,0.22300988008207728,0.12517029233430935,27.5
36.086,-3.5239280769230765,0.44543025641025635,8.982244807692307,-0.6173207406803675,-0.09667274756987634,0.058855860090751166,0.9669564231996142,0.010928917449870488,0.2207493591002268,0.1270651598717038,27.5
36.106,-3.453880576923077,0.3951397435897436,9.02175878205128,-0.6708502785909601,0.016777914867499202,0.04873584794845006,0.9670400132461882,0.004326421644392419,0.2194887141148664,0.1289945705553909,27.5
36.126,-3.8750636217948715,0.6232431410256409,9.056782532051281,-0.6916229350935782,0.15792545264169883,0.031158984753927088,0.9667891626469353,-0.002460802474705837,0.21952635071640023,0.1308466307581452,27.5
36.147,-4.09777875,0.35831990384615386,8.651764294871795,-0.685231348477388,0.2862898171835181,0.02423476591972107,0.9660924701216939,-0.010049580026201582,0.2214199234238756,0.1324294628337151,27.5
36.167,-4.48304,0.017062852564102563,8.045584006410255,-0.6705839624819522,0.3693804431939903,0.007989483270237714,0.9650639338552045,-0.017371089424339233,0.2245721857894911,0.13385507907382305,27.5
36.187,-4.375274615384615,-0.5289484294871795,7.965658012820512,-0.6343649716568746,0.430100516047797,-0.027963191445832,0.9639453160486269,-0.024714142345420947,0.2281002043284933,0.13479219421517993,27.5
36.207,-4.259426826923077,-0.8315895512820513,7.996191538461538,-0.5760417437841392,0.49588059497275416,-0.0615190211808304,0.9627104381152983,-0.03170987429771336,0.2321516715036952,0.13523571138539614,27.5
36.228,-4.475855641025641,-1.5805589743589743,9.006492019230768,-0.517185883693388,0.555801719499537,-0.07989483270237714,0.9613663131878091,-0.038251436163997614,0.23663448920684024,0.1353357233582067,27.5
36.248,-3.903801057692307,-0.029635480769230768,8.252134326923077,-0.17283915474614256,0.6325007588938191,-0.02503371424674484,0.9599582237905303,-0.0406624775818384,0.24191171046013613,0.13529780425449595,27.5
36.268,-5.224825064102563,0.5909135256410256,6.150709326923076,0.33609092956799985,0.44022052819009805,0.3094593186672075,0.9584452332506058,-0.037138184752197795,0.2472824056553132,0.13731315285079024,27.5
36.289,-6.045638076923077,-1.3892754166666665,9.875799455128204,0.30812773812216787,-0.014114753777419962,0.2985403581978826,0.958142081372764,-0.03404324102493235,0.24781458087712252,0.1392578297543166,27.5
36.309,-4.307023205128205,-1.8391958974358973,11.75540737179487,0.34168356785716625,-0.3318298718238731,0.06072007285380663,0.9591111068847518,-0.030510477411162813,0.2446431078778032,0.13901347124052024,27.5
36.330,-3.1503414102564102,1.4162167628205127,7.397195608974358,0.4830974217403738,-0.4617921330197399,0.06285060172587002,0.960330851755853,-0.024501927572426755,0.24066815860240298,0.13871967468979404,27.5
36.350,-4.3007368910256405,2.8872142628205126,9.689006121794872,0.47271109348906476,-0.21837920938649752,0.08761799986360694,0.9608484837321952,-0.01881790225882815,0.2391592879998084,0.13863229359547916,27.5
36.370,-3.7924434935897433,2.387003269230769,8.294342435897436,0.22184131880360053,0.04846953183944214,0.020506340393610135,0.960746979081364,-0.016069343170112313,0.23987402658179813,0.13844663147779818,27.5
36.391,-2.793817596153846,0.8064442948717948,8.684991955128204,-0.10812434025721707,0.13688648003007284,-0.04500742242233913,0.960346110054116,-0.01880474728775972,0.24123863863332123,0.13851227242996647,27.5
36.411,-7.227465128205128,2.232539551282051,7.538188653846154,-0.10253170196805067,0.5153216709303325,0.07563377495825037,0.9576765936461008,-0.021378509365266706,0.25047108019904923,0.14022388991766668,27.5
36.431,-7.227465128205128,2.232539551282051,7.538188653846154,-0.10253170196805067,0.5153216709303325,0.07563377495825037,0.9576765936461008,-0.021378509365266706,0.25047108019904923,0.14022388991766668,27.5
36.452,-3.931640448717949,0.8055462499999999,8.277279583333334,-0.03808320358813311,-0.17496968361820595,0.0793622004843613,0.9581159568560905,-0.020971672145400706,0.2476653747024673,0.14225281845591134,27.5
36.472,-5.394555544871795,0.328684423076923,8.632905352564102,-0.06444849837991756,-0.1129180302193597,0.14168016999221547,0.9577838009062579,-0.02185895219930145,0.24774412021761907,0.1442055055395193,27.5
36.492,-5.394555544871795,0.328684423076923,8.632905352564102,-0.06444849837991756,-0.1129180302193597,0.14168016999221547,0.9577838009062579,-0.02185895219930145,0.24774412021761907,0.1442055055395193,27.5
36.512,-4.559373814102564,-0.40501823717948715,8.702054807692306,-0.15632755598765127,-0.008788431597261486,0.28655613329252605,0.9569063141790637,-0.024232835293620355,0.24765582167358915,0.14969859574842598,27.5
36.533,-5.646008108974359,0.38885342948717944,7.957575608974358,-0.08575378710055147,0.002663161090079238,0.15845808485971466,0.9565633960796776,-0.024451103564675145,0.24846760851503882,0.15050734312252298,27.5
36.553,-4.688692275641025,0.2002640064102564,8.618536634615383,0.006391586616190171,0.033289513625990474,0.01251685712337242,0.9567038759307432,-0.024704992954933645,0.248168437897235,0.15006593062329598,27.5
36.573,-4.430953397435897,0.23349166666666665,8.57543048076923,0.02663161090079238,-0.019707392066586362,-0.04048004856920442,0.9569815151440744,-0.024548035354138246,0.24729499180949374,0.1497630149895036,27.5
36.593,-5.341570897435897,0.39334365384615383,8.384146923076923,0.009853696033293181,-0.021305288720633905,-0.00905474770626941,0.9568268375599642,-0.02445211089293461,0.24788559328970908,0.1497906199909943,27.5
36.613,-4.674323557692308,0.2191229487179487,8.60686205128205,0.0037284255261109335,0.011185276578332801,0.006657902725198095,0.956945075496234,-0.02478523905067288,0.24743314587573567,0.14972859690368104,27.5
36.634,-4.122025961538461,0.34754336538461533,8.749651185897436,0.0007989483270237714,-0.026098978682776535,0.00026631610900792384,0.957148174752311,-0.02456818483900153,0.24663263432957447,0.14978691379987363,27.5
36.654,-4.765924134615385,0.19128355769230768,8.61943467948718,0.0018642127630554668,-0.005858954398174324,0.0010652644360316954,0.9571037278134324,-0.02510483920460689,0.24683672221855701,0.14964569428667446,27.5
36.674,-4.738084743589743,0.2685154166666667,8.566450032051282,0.003994741635118857,0.01384843766841204,0.0037284255261109335,0.9569175376958146,-0.024961263437222297,0.24754524814428333,0.14969005143623304,27.5
36.694,-4.594397564102564,0.1840991987179487,8.607760096153845,0.0018642127630554668,0.004793689962142629,0.006391586616190171,0.9570383345395022,-0.02516954059249949,0.24705504887862506,0.14969276292392594,27.5
36.714,-4.962595961538461,0.4175908653846154,8.39671955128205,0.003994741635118857,0.008788431597261486,0.008255799379245638,0.9568605971597982,-0.024931636353071208,0.24770099916493815,0.149801288794336,27.5
36.734,-5.000313846153846,0.2263073076923077,8.432641346153845,0.005326322180158476,0.012250541014364496,0.0021305288720633907,0.9566867159555639,-0.025037966750761274,0.24838564207189034,0.1497604772551185,27.5
36.754,-4.715633621794872,0.2765978205128205,8.563755897435897,0.002663161090079238,-0.0021305288720633907,0.0005326322180158477,0.9567149691449475,-0.024387579639531556,0.24824470310492994,0.14992091633142074,27.5
36.774,-4.8216029166666665,0.1239301923076923,8.435335480769231,0.001331580545039619,-0.003994741635118857,0.0010652644360316954,0.9566347105209358,-0.024844846592023663,0.24858133523098863,0.14980014685948467,27.5
36.795,-4.8216029166666665,0.1239301923076923,8.435335480769231,0.001331580545039619,-0.003994741635118857,0.0010652644360316954,0.9566347105209358,-0.024844846592023663,0.24858133523098863,0.14980014685948467,27.5
36.815,-4.770414358974358,0.1014790705128205,8.502688846153847,0.002663161090079238,-0.0018642127630554668,0.004527373853134705,0.9564500567910001,-0.025455030251286707,0.24930259715632258,0.14967813918709427,27.5
36.835,-4.677017692307692,0.3098254807692307,8.635599487179487,0.004261057744126781,-0.007989483270237714,0.0037284255261109335,0.9565794617089897,-0.025022906639349227,0.2487717436726148,0.14980723323639916,27.5
36.855,-4.906917179487179,0.3466453205128205,8.410190224358974,0.005858954398174324,0.00026631610900792384,0.005326322180158476,0.9564240836877412,-0.024829330728781216,0.24935152491091625,0.14986758656302598,27.5
36.876,-4.816214647435897,0.3960377884615385,8.569144166666666,0.004527373853134705,-0.0010652644360316954,0.0018642127630554668,0.9563278935565735,-0.024261760160232508,0.2496945459977303,0.15000320229435665,27.5
36.896,-4.58631516025641,0.2388799358974359,8.604167916666666,0.002663161090079238,-0.007989483270237714,-0.00026631610900792384,0.9564980149896004,-0.024275340966523916,0.24904773179959216,0.14999160785654528,27.5
36.917,-4.704857083333334,0.25953496794871794,8.637395576923076,0.0021305288720633907,-0.004261057744126781,-0.001331580545039619,0.9566598697150691,-0.024333814602019707,0.2484373987800873,0.14996205530415135,27.5
36.937,-4.704857083333334,0.25953496794871794,8.637395576923076,0.0021305288720633907,-0.004261057744126781,-0.001331580545039619,0.9566598697150691,-0.024333814602019707,0.2484373987800873,0.14996205530415135,27.5
36.957,-4.750657371794872,0.22361317307692305,8.584410929487179,0.004527373853134705,0.002663161090079238,0.0015978966540475428,0.9565189167550563,-0.02471421531604622,0.249015838540265,0.14983951951048993,27.5
36.977,-4.753351506410256,0.22989948717948716,8.50717907051282,0.004793689962142629,0.002929477199087162,0.0021305288720633907,0.9563902383711052,-0.025006917851914535,0.24953261816112118,0.14975259090134116,27.5
36.998,-4.873689519230769,0.2739036858974359,8.48113576923077,0.004261057744126781,0.004793689962142629,0.00346210941710301,0.9562263498280495,-0.025008887152230475,0.25015876778573404,0.14975417976756086,27.5
37.018,-4.863811025641025,0.2532486538461538,8.462276826923077,0.0018642127630554668,0.002929477199087162,0.004527373853134705,0.9560737060800647,-0.025172440752013202,0.2507364263592665,0.14973530400510257,27.5
37.039,-4.835971634615385,0.22720535256410257,8.494606442307692,0.0005326322180158477,-0.0021305288720633907,0.00346210941710301,0.9559798373369265,-0.025617814625337555,0.25110478346594606,0.1496417919553422,27.5
37.059,-4.797355705128204,0.17871092948717948,8.497300576923077,0.001331580545039619,-0.004261057744126781,0.0018642127630554668,0.9559149265644727,-0.026124512026306695,0.25137517058044,0.1495148375857088,27.5
37.079,-4.771312403846154,0.2263073076923077,8.534120416666667,0.002929477199087162,-0.002663161090079238,0.002663161090079238,0.9559967987953225,-0.026654346899862007,0.2510828669239779,0.14938895682637823,27.5
37.099,-4.774006538461538,0.29366067307692306,8.583512884615384,0.004261057744126781,-0.0010652644360316954,0.002929477199087162,0.9560278213860388,-0.025993456024287296,0.25092753607967644,0.149567765968341,27.5
37.119,-4.768618269230769,0.3376648717948718,8.51256733974359,0.0055926382891664005,0.0018642127630554668,0.0021305288720633907,0.9559682060098873,-0.02532448430638558,0.2511257390498245,0.14973083443143154,27.5
37.139,-4.748861282051282,0.3313785576923077,8.587105064102564,0.004527373853134705,0.0021305288720633907,0.0023968449810713144,0.9560189056094245,-0.024713626324005252,0.25089700879970445,0.14989256074481097,27.5
37.159,-4.800049839743589,0.2918645833333333,8.494606442307692,0.0021305288720633907,0.0010652644360316954,0.0018642127630554668,0.9558645607779844,-0.024574261613729446,0.2514778595938291,0.14992642611947138,27.5
37.179,-4.786579166666666,0.25953496794871794,8.541304775641025,0.0023968449810713144,-0.0007989483270237714,0.001331580545039619,0.9558471176067653,-0.025171474861078406,0.2515789699469054,0.1497688435443457,27.5
37.200,-4.770414358974358,0.17960897435897435,8.534120416666667,0.002663161090079238,-0.002663161090079238,0.0005326322180158477,0.9559025133969484,-0.025758945367076687,0.2514042000000136,0.14960878930506055,27.5
37.220,-4.809928333333333,0.23798189102564102,8.511669294871794,0.002663161090079238,-0.0018642127630554668,0.0015978966540475428,0.9557789164928312,-0.02602693585040463,0.25189139479768774,0.14953256041713528,27.5
37.240,-4.837767724358974,0.22002099358974359,8.492810352564103,0.00346210941710301,0.001331580545039619,0.0018642127630554668,0.9556515804891086,-0.02632258953882582,0.25239347207237445,0.14944802857144387,27.5
37.260,-4.808132243589743,0.24516625,8.494606442307692,0.002663161090079238,-0.001331580545039619,0.001331580545039619,0.9555063729420759,-0.02638112258182399,0.25295112277721826,0.14942334865791973,27.5
37.280,-4.780292852564102,0.21104054487179486,8.53322237179487,0.001331580545039619,-0.00346210941710301,0.001331580545039619,0.9556387750858294,-0.026755791981194096,0.25246284745897923,0.14933576196216025,27.5
37.300,-4.756045641025641,0.22540926282051282,8.545795,0.002663161090079238,-0.0021305288720633907,0.002663161090079238,0.9557915661648271,-0.026772942415035514,0.2518742907413318,0.1493486969015108,27.5
37.321,-4.733594519230769,0.23708384615384615,8.581716794871795,0.004261057744126781,-0.0010652644360316954,0.002929477199087162,0.955937570619368,-0.02662862475401922,0.25130547939940645,0.14939823776030609,27.5
37.341,-4.710245352564103,0.31611179487179486,8.571838301282051,0.005060006071150552,-0.001331580545039619,0.00346210941710301,0.9560234615400577,-0.026078193832761783,0.2509449169725686,0.14955172161168045,27.5
37.361,-4.725512115384615,0.31162157051282047,8.535018461538462,0.004261057744126781,0.0010652644360316954,0.005060006071150552,0.9560656927753521,-0.02544645836133028,0.2507346331660844,0.14974315538922056,27.5
37.382,-4.8045400641025635,0.35742185897435896,8.513465384615385,0.0037284255261109335,0.004527373853134705,0.006125270507182248,0.9559475679045666,-0.024887984821610705,0.2511351070456161,0.14991995743746203,27.5
37.402,-4.867403205128205,0.2685154166666667,8.54220282051282,0.0031957933080950856,0.005060006071150552,0.004793689962142629,0.9557833159405513,-0.024965944437909098,0.25175252831636663,0.14991870821990408,27.5
37.422,-4.812622467948717,0.25235060897435896,8.448806153846153,0.0021305288720633907,0.0023968449810713144,0.00346210941710301,0.9556369760350087,-0.025168170570669685,0.25231127393964603,0.1498784649899471,27.5
37.443,-4.8027439743589735,0.17242461538461537,8.518853653846154,0.001331580545039619,-0.00026631610900792384,0.0021305288720633907,0.955646806114254,-0.02578748376998514,0.2523004047800831,0.14972873268763218,27.5
37.463,-4.82968532051282,0.24875842948717947,8.46856314102564,0.0023968449810713144,-0.0010652644360316954,0.0010652644360316954,0.9555056176178426,-0.025914948927553853,0.25284753099566376,0.14968485625548208,27.5
37.483,-4.82968532051282,0.24875842948717947,8.46856314102564,0.0023968449810713144,-0.0010652644360316954,0.0010652644360316954,0.9555056176178426,-0.025914948927553853,0.25284753099566376,0.14968485625548208,27.5
37.504,-4.695876634615384,0.22271512820512818,8.560163717948717,0.00346210941710301,-0.0037284255261109335,0.0007989483270237714,0.9556962583013907,-0.026486905377439047,0.2521638822403558,0.14952084204457936,27.5
37.524,-4.755147596153845,0.27120955128205126,8.526038012820512,0.005326322180158476,-0.002929477199087162,0.0015978966540475428,0.955797957228342,-0.025967435134140224,0.25175608901682633,0.14964901908677747,27.5
37.544,-4.808132243589743,0.287374358974359,8.525139967948718,0.005858954398174324,0.0018642127630554668,0.0023968449810713144,0.9558112016831872,-0.025291543338412395,0.2516695700945002,0.14982560549169266,27.5
37.565,-4.808132243589743,0.287374358974359,8.525139967948718,0.005858954398174324,0.0018642127630554668,0.0023968449810713144,0.9558112016831872,-0.025291543338412395,0.2516695700945002,0.14982560549169266,27.5
37.585,-4.65456657051282,0.2739036858974359,8.604167916666666,0.0018642127630554668,-0.0023968449810713144,0.0023968449810713144,0.956105563545164,-0.025088821137544407,0.25051562298551394,0.14991539297914863,27.5
37.605,-4.706653173076923,0.29635480769230765,8.561061762820513,0.0021305288720633907,0.001331580545039619,0.002929477199087162,0.9559424186463762,-0.024958340854607554,0.25112217703725165,0.1499627475554276,27.5
37.625,-4.810826378205127,0.24606429487179488,8.517057564102563,0.0023968449810713144,0.004527373853134705,0.004527373853134705,0.9557821026168575,-0.02504100309315639,0.25172328183727705,0.14996302831851033,27.5
37.645,-4.795559615384615,0.24606429487179488,8.535916506410256,0.001331580545039619,0.0015978966540475428,0.004527373853134705,0.955672856403405,-0.025458503154655383,0.2521455296179086,0.1498795784774754,27.5
37.665,-4.8826699679487175,0.16613830128205126,8.429947211538462,0.0010652644360316954,0.001331580545039619,0.002929477199087162,0.955558894931518,-0.025861888261201418,0.25259714454476917,0.14977664577847352,27.5
37.685,-4.820704871794871,0.2316955769230769,8.474849455128204,0.0037284255261109335,0.0037284255261109335,0.0015978966540475428,0.9554362621771796,-0.026180232167718545,0.2530903597711472,0.14967101974482422,27.5
37.706,-4.715633621794872,0.27120955128205126,8.562857852564102,0.0055926382891664005,-0.0005326322180158477,0.0007989483270237714,0.9555837497987202,-0.025931385835870492,0.2525245811505264,0.14972840833989867,27.5
37.726,-4.867403205128205,0.3026411217948718,8.483829903846154,0.004793689962142629,-0.0031957933080950856,0.002663161090079238,0.9554352360667278,-0.025660431542264283,0.25306829749811327,0.14980483549134008,27.5
37.746,-4.817112692307692,0.3511355448717948,8.482931858974359,0.00346210941710301,0.0018642127630554668,0.004527373853134705,0.9553450756300154,-0.025055207401897393,0.25335623679632663,0.14999546769129998,27.5
37.767,-4.777598717948718,0.2316955769230769,8.495504487179486,0.001331580545039619,-0.0005326322180158477,0.0055926382891664005,0.9554392826562795,-0.0255691493301031,0.2530001022226846,0.1499097863219744,27.5
37.787,-4.766822179487179,0.25145256410256406,8.578124615384615,0.0010652644360316954,-0.0055926382891664005,0.00026631610900792384,0.9556041198434141,-0.0255870922260893,0.2523751097793655,0.14990954210309904,27.5
37.807,-4.648280256410256,0.1876913782051282,8.589799198717948,0.004261057744126781,-0.006125270507182248,-0.003994741635118857,0.9557748073550463,-0.025710881949098905,0.25176429199710915,0.1498272653758928,27.5
37.827,-4.655464615384615,0.3098254807692307,8.674215416666666,0.0055926382891664005,-0.0037284255261109335,-0.0021305288720633907,0.9559233196652186,-0.025420665675055108,0.2512080705667206,0.14986294391546914,27.5
37.847,-4.696774679487179,0.21732685897435897,8.531426282051282,0.0037284255261109335,0.0005326322180158477,0.0031957933080950856,0.9560605903430238,-0.025626600844079698,0.25068580004881347,0.14982674853314193,27.5
37.868,-4.787477211538461,0.3188059294871795,8.54040673076923,0.0021305288720633907,0.0037284255261109335,0.005326322180158476,0.9559633331501891,-0.025033659040008087,0.2510042378591932,0.15001431319769043,27.5
37.888,-4.848544262820512,0.15985198717948718,8.497300576923077,0.0015978966540475428,0.0037284255261109335,0.004527373853134705,0.9558727447186982,-0.02553772221657582,0.25135974397267224,0.14991130630450808,27.5
37.908,-4.847646217948718,0.2505545192307692,8.492810352564103,0.0031957933080950856,0.0031957933080950856,0.0037284255261109335,0.95571687178405,-0.025649297685616548,0.25195194878442656,0.14989192779891256,27.5
37.928,-4.861116891025641,0.19307964743589742,8.452398333333333,0.0037284255261109335,0.0031957933080950856,0.0023968449810713144,0.9555948804716645,-0.026002833721593656,0.2524348851177513,0.14979621433928195,27.5
37.948,-4.809030288461538,0.28468022435897433,8.531426282051282,0.005060006071150552,0.0015978966540475428,0.0031957933080950856,0.9555176709503149,-0.025360968353474986,0.25269252742274045,0.14996429031795364,27.5
37.968,-4.72641016025641,0.25235060897435896,8.548489134615384,0.005858954398174324,-0.0010652644360316954,0.002663161090079238,0.9556684116243722,-0.02532002534871892,0.2521181382874104,0.14997742392166857,27.5
37.988,-4.848544262820512,0.3349707371794871,8.508077115384616,0.0055926382891664005,0.0005326322180158477,0.0023968449810713144,0.9555372613007221,-0.024877736232811525,0.2525980055034474,0.1500796059480653,27.5
38.009,-4.801845929487179,0.2676173717948718,8.499096666666667,0.0037284255261109335,-0.0005326322180158477,0.0021305288720633907,0.9554157594744738,-0.025175040743668883,0.2530781949468319,0.14999457028113608,27.5
38.029,-4.755147596153845,0.2613310576923077,8.563755897435897,0.0021305288720633907,-0.005060006071150552,0.0021305288720633907,0.9555764554445756,-0.025153133282264976,0.2524600287000869,0.150016304429942,27.5
38.049,-4.749759326923076,0.2541466987179487,8.555673493589744,0.002663161090079238,-0.0031957933080950856,0.0015978966540475428,0.9557331832422383,-0.025205482584792997,0.25186376279437417,0.1500113698637047,27.5
38.069,-4.6824059615384614,0.24337016025641023,8.566450032051282,0.003994741635118857,-0.0021305288720633907,0.0007989483270237714,0.9558886264169437,-0.025204318192199156,0.2512760102975636,0.15000680944588388,27.5
38.089,-4.704857083333334,0.287374358974359,8.588003108974359,0.004261057744126781,-0.0005326322180158477,0.0005326322180158477,0.9560263937299848,-0.024942748021266375,0.2507420398178298,0.15006606305484863,27.5
38.109,-4.767720224358974,0.2694134615384615,8.53681455128205,0.004527373853134705,0.002663161090079238,0.001331580545039619,0.9559393821514556,-0.025411455710041147,0.2511084997161221,0.149928906288642,27.5
38.129,-4.8180107371794865,0.23977798076923076,8.517057564102563,0.00346210941710301,0.004261057744126781,0.002929477199087162,0.9557835712762953,-0.02554095673325789,0.251707023363862,0.14989662703605153,27.5
38.150,-4.7892733012820505,0.23798189102564102,8.515261474358974,0.0018642127630554668,0.002929477199087162,0.002663161090079238,0.955716697392895,-0.02609176144194071,0.2519832261011844,0.14976404132138646,27.5
38.170,-4.834175544871795,0.22271512820512818,8.50717907051282,0.0015978966540475428,0.0,0.0021305288720633907,0.9556640290297279,-0.026654348431534712,0.25220671528413924,0.14962480440736725,27.5
38.190,-4.755147596153845,0.20565227564102562,8.526936057692307,0.0021305288720633907,-0.0023968449810713144,0.001331580545039619,0.9558167031124224,-0.026561101021290768,0.25161790843009096,0.1496574960404678,27.5
38.210,-4.69497858974359,0.2954567628205128,8.583512884615384,0.0037284255261109335,-0.002663161090079238,0.0021305288720633907,0.9559280757692076,-0.026104969876508316,0.2511679541434369,0.14978218624164627,27.5
38.230,-4.767720224358974,0.28288413461538464,8.53861064102564,0.004527373853134705,0.0007989483270237714,0.00346210941710301,0.9559226563483738,-0.02541851853391492,0.2511470190014065,0.14996982643891155,27.5
38.250,-4.815316602564102,0.30353916666666664,8.523343878205129,0.0037284255261109335,0.00346210941710301,0.005060006071150552,0.9557742443185167,-0.025033080260751076,0.25167819490599636,0.15009005629583377,27.5
38.270,-4.837767724358974,0.24875842948717947,8.50717907051282,0.0023968449810713144,0.0018642127630554668,0.004527373853134705,0.9556335691419676,-0.025277553288970803,0.2522129450657191,0.15004718314578291,27.5
38.291,-4.840461858974359,0.25594278846153845,8.522445833333332,0.002663161090079238,0.0,0.002663161090079238,0.9554949943728552,-0.02547879543616494,0.25274695575068706,0.1499970768725166,27.5
38.311,-4.767720224358974,0.2164288141025641,8.51436342948718,0.0031957933080950856,-0.0007989483270237714,0.0007989483270237714,0.9555990730417251,-0.0259469760612864,0.2523806931089401,0.14987044999239157,27.5
38.331,-4.791967435897435,0.2694134615384615,8.549387179487178,0.004261057744126781,-0.0010652644360316954,0.00026631610900792384,0.9556952865604872,-0.025435431965760362,0.25199684239214676,0.14999049793627228,27.5
38.351,-4.827889230769231,0.27569977564102566,8.509873205128205,0.004527373853134705,-0.00026631610900792384,0.00026631610900792384,0.9555460325908336,-0.025329792276822607,0.2525734439021207,0.1499894551578645,27.5
38.371,-4.8180107371794865,0.2721075961538461,8.50897516025641,0.005060006071150552,0.0,0.001331580545039619,0.9553946218622449,-0.025262611348019638,0.25315490260108847,0.14998504016604627,27.5
38.391,-4.7910693910256406,0.2739036858974359,8.496402532051281,0.005060006071150552,-0.0021305288720633907,0.0010652644360316954,0.9554788197451545,-0.024695525500526557,0.25281137242848817,0.1501225033413834,27.5
38.411,-4.775802628205128,0.23977798076923076,8.55118326923077,0.004793689962142629,-0.002663161090079238,0.0007989483270237714,0.95561067225315,-0.02504324441025142,0.2523386972816923,0.15002086801331882,27.5
38.432,-4.709347307692307,0.25145256410256406,8.546693044871795,0.003994741635118857,-0.004261057744126781,0.00026631610900792384,0.95577253894011,-0.025052085813643276,0.2517312595101069,0.15000873237854212,27.5
38.452,-4.674323557692308,0.2613310576923077,8.600575737179486,0.00346210941710301,-0.005858954398174324,0.0010652644360316954,0.9559350133826301,-0.024964092741002614,0.25110878065786324,0.15003141184195584,27.5
38.472,-4.688692275641025,0.2864763141025641,8.574532435897435,0.002663161090079238,-0.002929477199087162,0.0021305288720633907,0.9560789314319834,-0.024741519625936133,0.25053968991353176,0.15010262441578978,27.5
38.492,-4.783885032051281,0.2694134615384615,8.539508685897436,0.002663161090079238,0.0031957933080950856,0.003994741635118857,0.9559255776844198,-0.02488833142062334,0.251123752918985,0.1500790511953288,27.5
38.512,-4.815316602564102,0.2739036858974359,8.521547788461538,0.0018642127630554668,0.005326322180158476,0.004793689962142629,0.9557577511484654,-0.024930165933646418,0.2517488157365675,0.15009377642455718,27.5
38.532,-4.862014935897435,0.2343897115384615,8.499994711538461,0.0021305288720633907,0.0031957933080950856,0.004527373853134705,0.9556198251910188,-0.02522218103749939,0.2522746791420994,0.15004025309679092,27.5
38.552,-4.814418557692307,0.25235060897435896,8.530528237179487,0.002929477199087162,-0.0005326322180158477,0.002929477199087162,0.955527410401383,-0.025664023720604823,0.2526451923773736,0.14993042595382397,27.5
38.573,-4.785681121794871,0.25235060897435896,8.497300576923077,0.0037284255261109335,-0.0007989483270237714,0.0010652644360316954,0.9555545676052636,-0.026259605792940753,0.2525789231153326,0.149765780571585,27.5
38.593,-4.835971634615385,0.27120955128205126,8.517057564102563,0.003994741635118857,0.0023968449810713144,0.001331580545039619,0.9554034019643038,-0.025983456739853375,0.25314481457368804,0.14982290327361864,27.5
38.613,-4.800049839743589,0.24696233974358975,8.50538298076923,0.0037284255261109335,0.001331580545039619,0.002663161090079238,0.9554646360100201,-0.02653430966394741,0.25293725422079344,0.1496863559986127,27.5
38.633,-4.820704871794871,0.25684083333333335,8.51436342948718,0.004261057744126781,-0.0015978966540475428,0.0021305288720633907,0.9553295484427395,-0.026171685702350962,0.25343406073884783,0.14977207215334531,27.5
38.653,-4.7892733012820505,0.2550447435897436,8.50717907051282,0.004261057744126781,-0.001331580545039619,0.0007989483270237714,0.9554773198586979,-0.025983459073172163,0.2528697764650682,0.14981597792204562,27.5
38.673,-4.747065192307692,0.28108804487179484,8.546693044871795,0.0037284255261109335,-0.002663161090079238,0.001331580545039619,0.9556102978472166,-0.025642393857420124,0.2523437283364236,0.14991353859771356,27.5
38.693,-4.747065192307692,0.28108804487179484,8.546693044871795,0.0037284255261109335,-0.002663161090079238,0.001331580545039619,0.9556102978472166,-0.025642393857420124,0.2523437283364236,0.14991353859771356,27.5
38.714,-4.719225801282051,0.2819860897435897,8.578124615384615,0.0037284255261109335,-0.0023968449810713144,0.0021305288720633907,0.9558823977469181,-0.025391666407619626,0.25128983300445806,0.14999174905053445,27.5
38.734,-4.76143391025641,0.2604330128205128,8.53681455128205,0.0021305288720633907,-0.0005326322180158477,0.0010652644360316954,0.9557826801638591,-0.02582743793752506,0.2516910402127992,0.14988005879693458,27.5
38.754,-4.783885032051281,0.22810339743589741,8.535018461538462,0.0010652644360316954,0.0005326322180158477,0.0021305288720633907,0.9558177840697241,-0.026438680808274852,0.2515787194434395,0.14973813053581092,27.5
38.774,-4.791967435897435,0.2685154166666667,8.516159519230769,0.0015978966540475428,0.00026631610900792384,0.002929477199087162,0.9558153776535677,-0.025772524426919508,0.25154330202189656,0.14992900997989875,27.5
38.794,-4.770414358974358,0.24606429487179488,8.54759108974359,0.0031957933080950856,0.0,0.00346210941710301,0.9557907754636618,-0.026354536892034656,0.25165838909865584,0.14979147879651905,27.5
38.814,-4.782986987179487,0.2667193269230769,8.524241923076923,0.0031957933080950856,0.0005326322180158477,0.004261057744126781,0.9557323960704537,-0.025704062328269623,0.2518327815019814,0.14998379393197553,27.5
38.834,-4.805438108974358,0.22271512820512818,8.503586891025641,0.0023968449810713144,0.0005326322180158477,0.003994741635118857,0.9556494420027464,-0.02618985325608073,0.2521672638772057,0.14986629579377853,27.5
38.854,-4.784783076923077,0.27569977564102566,8.528732147435898,0.002663161090079238,0.0,0.0023968449810713144,0.9556612519350891,-0.02552259298864487,0.2520825955630014,0.15004843821651248,27.5
38.875,-4.781190897435897,0.24516625,8.508077115384616,0.0037284255261109335,0.00026631610900792384,0.002929477199087162,0.9556626864914829,-0.02611512371785287,0.252105150439871,0.14989937652563137,27.5
38.895,-4.782088942307692,0.28288413461538464,8.523343878205129,0.0037284255261109335,0.0007989483270237714,0.0031957933080950856,0.9556539538668138,-0.025432932340939213,0.25209516800546194,0.1500890158524764,27.5
38.915,-4.774006538461538,0.28557826923076923,8.509873205128205,0.0037284255261109335,0.00026631610900792384,0.002929477199087162,0.9556483418318125,-0.02475421309191279,0.25207362080808704,0.1502743004675396,27.5
38.935,-4.7910693910256406,0.24875842948717947,8.53861064102564,0.002663161090079238,-0.0021305288720633907,0.0021305288720633907,0.9556906122600173,-0.025347666944464397,0.25194260971379134,0.1501261830233153,27.5
38.955,-4.7910693910256406,0.2406760256410256,8.511669294871794,0.0021305288720633907,-0.0037284255261109335,0.0010652644360316954,0.9556542043293321,-0.025910457753660757,0.25211380765326336,0.14997439087137598,27.5
38.975,-4.782986987179487,0.24247211538461536,8.522445833333332,0.002663161090079238,-0.0005326322180158477,0.0015978966540475428,0.9557376268416576,-0.0264367820546869,0.2518217846572233,0.14984149614082423,27.5
38.995,-4.788375256410256,0.2649232371794872,8.529630192307692,0.002929477199087162,-0.00026631610900792384,0.0018642127630554668,0.9556947033535151,-0.025778526396738857,0.2519503740259278,0.15001370133106018,27.5
39.016,-4.774006538461538,0.2837821794871795,8.51077125,0.0037284255261109335,-0.0005326322180158477,0.0031957933080950856,0.9556757550794847,-0.02509641012345012,0.2519793759053633,0.1502012498966504,27.5
39.036,-4.755147596153845,0.2685154166666667,8.535916506410256,0.004261057744126781,0.00026631610900792384,0.0031957933080950856,0.9558201999610592,-0.025010462749179122,0.25141675947540537,0.15023925969718774,27.5
39.056,-4.781190897435897,0.28557826923076923,8.54399891025641,0.0031957933080950856,-0.00026631610900792384,0.0018642127630554668,0.9557828199577146,-0.024344662727439285,0.251520996126417,0.1504118578368775,27.5
39.076,-4.778496762820512,0.2541466987179487,8.541304775641025,0.002663161090079238,0.0007989483270237714,0.0015978966540475428,0.9558183811188226,-0.024944164146551307,0.2514188727459605,0.15025831563535463,27.5
39.096,-4.766822179487179,0.2290014423076923,8.521547788461538,0.002929477199087162,0.0023968449810713144,0.0023968449810713144,0.955848086004286,-0.025541785323798753,0.2513338159997237,0.1501111808608313,27.5
39.116,-4.770414358974358,0.27480173076923076,8.528732147435898,0.00346210941710301,0.0010652644360316954,0.002929477199087162,0.955827543637961,-0.02486499424204747,0.2513692261567512,0.15029621094931456,27.5
39.137,-4.76323,0.2819860897435897,8.525139967948718,0.003994741635118857,-0.0007989483270237714,0.0031957933080950856,0.9558789943819832,-0.02424261621687393,0.2511301122876819,0.1504702972703462,27.5
39.157,-4.784783076923077,0.27031150641025636,8.535916506410256,0.003994741635118857,0.0007989483270237714,0.003994741635118857,0.9557876335094914,-0.02469077607074232,0.25149767595754474,0.15036383938734935,27.5
39.177,-4.803642019230769,0.273005641025641,8.486524038461539,0.0023968449810713144,0.0018642127630554668,0.004527373853134705,0.9556331318216145,-0.024796605606959236,0.25207821643301737,0.15035630520578339,27.5
39.198,-4.793763525641025,0.2577388782051282,8.50538298076923,0.0015978966540475428,-0.00026631610900792384,0.00346210941710301,0.9555498384745231,-0.025284655801063146,0.25241079540907196,0.15024640672340348,27.5
39.218,-4.824297051282051,0.2532486538461538,8.495504487179486,0.002663161090079238,-0.0007989483270237714,0.0018642127630554668,0.9554212825299787,-0.025541470441702248,0.2529137075243475,0.15017477392270392,27.5
39.238,-4.76143391025641,0.2388799358974359,8.530528237179487,0.0031957933080950856,-0.0023968449810713144,0.0007989483270237714,0.9555712061998012,-0.0257416362035001,0.25235851012231725,0.1501206861703874,27.5
39.259,-4.775802628205128,0.2640251923076923,8.556571538461538,0.003994741635118857,-0.0021305288720633907,0.0,0.9557207415875741,-0.02555245859959691,0.25178879803968757,0.15015770756289146,27.625
39.279,-4.744371057692307,0.2954567628205128,8.53322237179487,0.004261057744126781,-0.00026631610900792384,0.0015978966540475428,0.9557324273090355,-0.024878133029958484,0.2517104620951123,0.15032780567409335,27.625
39.299,-4.800049839743589,0.24696233974358975,8.51256733974359,0.0031957933080950856,-0.0007989483270237714,0.002929477199087162,0.955580375688756,-0.024766200344624678,0.2522799021037532,0.15035834500800632,27.625
39.320,-4.788375256410256,0.24247211538461536,8.511669294871794,0.0021305288720633907,-0.002929477199087162,0.0023968449810713144,0.9556116378925943,-0.025370328090014802,0.2521889272237519,0.15021148079481617,27.625
39.340,-4.76143391025641,0.27839391025641025,8.534120416666667,0.0018642127630554668,-0.002663161090079238,0.0018642127630554668,0.9557426922241583,-0.025045497915563843,0.2516651652642902,0.1503105913991988,27.625
39.360,-4.782088942307692,0.22271512820512818,8.549387179487178,0.002663161090079238,-0.0010652644360316954,0.0015978966540475428,0.9558258623710729,-0.025575570763079005,0.25137548030123896,0.15017715840319773,27.625
39.381,-4.774006538461538,0.2532486538461538,8.53681455128205,0.00346210941710301,-0.00026631610900792384,0.0018642127630554668,0.9559015835134165,-0.02501860425705962,0.25105431114352583,0.1503261951019232,27.625
39.401,-4.782986987179487,0.2765978205128205,8.546693044871795,0.003994741635118857,0.001331580545039619,0.002663161090079238,0.9557548888637075,-0.025152381207933013,0.25162216543920835,0.1502871784031381,27.625
39.421,-4.808132243589743,0.27120955128205126,8.503586891025641,0.004527373853134705,0.0023968449810713144,0.002663161090079238,0.9555977197641266,-0.025162403278667048,0.25222316887885915,0.15027749173961488,27.625
39.442,-4.803642019230769,0.2343897115384615,8.532324326923076,0.004527373853134705,0.0010652644360316954,0.0023968449810713144,0.9555875052548489,-0.025748181180231536,0.2522952498265332,0.1501221432090927,27.625
39.462,-4.8045400641025635,0.2631271474358974,8.515261474358974,0.00346210941710301,-0.0010652644360316954,0.0023968449810713144,0.9554366526764658,-0.025658222487610464,0.2528636826532866,0.15014132121499668,27.625
39.482,-4.755147596153845,0.2649232371794872,8.530528237179487,0.0031957933080950856,-0.0010652644360316954,0.0021305288720633907,0.9555828511906607,-0.025510266828454864,0.25229611818550257,0.15019091032814164,27.625
39.502,-4.774006538461538,0.2927626282051282,8.550285224358975,0.0037284255261109335,-0.0005326322180158477,0.0015978966540475428,0.9556705551316382,-0.024984568674775425,0.2519339477131923,0.1503291301517055,27.625
39.523,-4.762331955128205,0.2765978205128205,8.527834102564102,0.0037284255261109335,-0.0007989483270237714,0.0015978966540475428,0.9558114896206893,-0.024766656613993618,0.251384103360627,0.15038963264406618,27.625
39.543,-4.780292852564102,0.27749586538461535,8.526038012820512,0.0031957933080950856,-0.0007989483270237714,0.0021305288720633907,0.9556617701028662,-0.024749775291224636,0.2519551895282967,0.1503882051779682,27.625
39.563,-4.787477211538461,0.24696233974358975,8.529630192307692,0.002663161090079238,0.0007989483270237714,0.0023968449810713144,0.9556769768425398,-0.02535658291331465,0.2519265714197688,0.15023835145775571,27.625
39.584,-4.773108493589743,0.23708384615384615,8.525139967948718,0.002929477199087162,0.0007989483270237714,0.0021305288720633907,0.9557515277627262,-0.025892879678818058,0.251667668354324,0.15010649774826898,27.625
39.604,-4.773108493589743,0.24965647435897434,8.527834102564102,0.0037284255261109335,0.0,0.0023968449810713144,0.955888083789306,-0.026138582515858592,0.25115551365329825,0.1500521700450162,27.625
39.624,-4.748861282051282,0.2685154166666667,8.557469583333333,0.004261057744126781,-0.0007989483270237714,0.0021305288720633907,0.9560013059244448,-0.025713135602510782,0.2506995967105733,0.15016674045007083,27.625
39.645,-4.776700673076923,0.2613310576923077,8.519751698717949,0.004261057744126781,-0.00026631610900792384,0.0018642127630554668,0.9558503541974125,-0.02558737100354402,0.2512754069577068,0.15018673937484336,27.625
39.665,-4.79466157051282,0.24426820512820513,8.543100865384615,0.0031957933080950856,0.0010652644360316954,0.0018642127630554668,0.9557695041244,-0.026075607633318128,0.2516108434659936,0.150055660082128,27.625
39.685,-4.764128044871795,0.2550447435897436,8.490116217948717,0.002663161090079238,0.0015978966540475428,0.0023968449810713144,0.9556355990095328,-0.02566164454521397,0.2520960063192243,0.15016552701210803,27.625
39.706,-4.795559615384615,0.2388799358974359,8.54399891025641,0.0031957933080950856,0.002663161090079238,0.0031957933080950856,0.9556786215789393,-0.026239366801730085,0.2519543348461562,0.15002960054287193,27.625
39.726,-4.774904583333333,0.2739036858974359,8.526936057692307,0.0023968449810713144,0.0010652644360316954,0.002663161090079238,0.9557090650571036,-0.02560709995417053,0.2517969440965995,0.15020904880608227,27.625
39.746,-4.787477211538461,0.2685154166666667,8.517057564102563,0.0021305288720633907,-0.0007989483270237714,0.0021305288720633907,0.9555699457793363,-0.025281986059267163,0.2523061137637194,0.15029479319532096,27.625
39.766,-4.808132243589743,0.2685154166666667,8.515261474358974,0.002929477199087162,0.0,0.0021305288720633907,0.955421417848655,-0.025355302709681192,0.2528744596147108,0.15027152296804072,27.625
39.787,-4.79825375,0.23977798076923076,8.531426282051282,0.003994741635118857,0.00026631610900792384,0.0021305288720633907,0.9554972307134735,-0.02588196568953933,0.2526149352909314,0.1501361396163075,27.625
39.807,-4.791967435897435,0.2739036858974359,8.51436342948718,0.0037284255261109335,-0.0007989483270237714,0.0021305288720633907,0.9554887776236484,-0.025202271742935656,0.2526096092976571,0.15031442587039537,27.625
39.827,-4.812622467948717,0.24965647435897434,8.530528237179487,0.0037284255261109335,-0.0018642127630554668,0.0018642127630554668,0.9554573128343377,-0.025764469902318395,0.2527617334143849,0.1501633163039321,27.625
39.847,-4.790171346153846,0.2640251923076923,8.53322237179487,0.004527373853134705,-0.001331580545039619,0.002663161090079238,0.9555973596480846,-0.02552752258999079,0.2522137779072583,0.1502339577385059,27.625
39.868,-4.765026089743589,0.2532486538461538,8.549387179487178,0.003994741635118857,-0.0015978966540475428,0.002663161090079238,0.955748850935741,-0.025580720029960584,0.25163490613145756,0.15023193639826404,27.625
39.888,-4.757841730769231,0.2577388782051282,8.567348076923077,0.0031957933080950856,-0.0010652644360316954,0.0021305288720633907,0.9558914396684322,-0.02542678628038675,0.25107555499119794,0.15028672527514123,27.625
39.908,-4.7452691025641025,0.25953496794871794,8.513465384615385,0.002663161090079238,0.00026631610900792384,0.002663161090079238,0.9560241068158166,-0.025710150358297833,0.25057468787719456,0.1502305599763921,27.625
39.928,-4.76143391025641,0.2388799358974359,8.543100865384615,0.0023968449810713144,-0.00026631610900792384,0.002929477199087162,0.9560716275358289,-0.02629173405131233,0.2504131343741607,0.15009680167969902,27.625
39.948,-4.813520512820513,0.25684083333333335,8.50717907051282,0.002663161090079238,0.0,0.0031957933080950856,0.9559364550377525,-0.025900974321821386,0.2509049249142338,0.15020436782203866,27.625
39.969,-4.79466157051282,0.2765978205128205,8.54399891025641,0.002929477199087162,-0.0005326322180158477,0.002929477199087162,0.9558132428564896,-0.026194674868892577,0.2513856016229189,0.1501338172609932,27.625
39.989,-4.764128044871795,0.25235060897435896,8.517057564102563,0.002663161090079238,-0.0010652644360316954,0.002663161090079238,0.9558327515608454,-0.025536450611996362,0.25127170884941813,0.15031356913352084,27.625
