clock_s,sound_heard_s,level_dbfs,background_dbfs,noise_starts,agc_gain
0.51,0.02,-57.5,,0,5.023
0.71,0.04,-58.1,-57.5,0,5.023
0.71,0.06,-59.2,-57.5,0,5.023
0.71,0.08,-56.6,-57.5,0,5.023
0.71,0.10,-55.9,-57.5,0,5.023
0.71,0.12,-57.7,-57.5,0,5.023
0.71,0.14,-57.2,-57.5,0,5.023
0.71,0.16,-56.5,-57.5,0,5.023
0.71,0.18,-53.9,-57.5,0,5.023
0.71,0.20,-56.0,-57.4,0,5.023
0.71,0.22,-54.8,-57.4,0,5.023
0.71,0.24,-54.6,-57.4,0,5.023
0.71,0.26,-54.9,-57.4,0,5.023
0.72,0.28,-54.8,-57.3,0,5.023
0.74,0.30,-53.8,-57.3,0,5.023
0.86,0.32,-55.0,-57.3,0,5.023
0.88,0.34,-58.1,-57.3,0,5.023
0.90,0.36,-59.3,-57.3,0,5.023
0.91,0.38,-61.0,-57.3,0,5.023
0.93,0.40,-58.6,-57.3,0,5.023
0.95,0.42,-59.6,-57.3,0,5.023
0.97,0.44,-57.7,-57.4,0,5.023
0.99,0.46,-57.6,-57.4,0,5.023
1.00,0.48,-60.0,-57.4,0,5.023
1.07,0.50,-60.2,-57.4,0,5.023
1.07,0.52,-60.9,-57.4,0,5.023
1.07,0.54,-48.9,-57.5,0,5.023
1.07,0.56,-53.3,-57.4,0,5.023
1.09,0.58,-53.6,-57.3,0,5.023
1.11,0.60,-52.8,-57.3,0,5.023
1.12,0.62,-58.8,-57.2,0,5.023
1.14,0.64,-59.4,-57.3,0,5.023
1.16,0.66,-61.0,-57.3,0,5.023
1.17,0.68,-58.8,-57.3,0,5.023
1.19,0.70,-61.5,-57.3,0,5.023
1.21,0.72,-59.0,-57.4,0,5.023
1.23,0.74,-58.6,-57.4,0,5.023
1.25,0.76,-61.9,-57.4,0,5.023
1.26,0.78,-57.8,-57.5,0,5.023
1.28,0.80,-62.4,-57.5,0,5.023
1.30,0.82,-58.6,-57.5,0,5.023
1.32,0.84,-57.7,-57.5,0,5.023
1.34,0.86,-60.7,-57.5,0,5.023
1.36,0.88,-61.4,-57.5,0,5.023
1.37,0.90,-60.7,-57.6,0,5.023
1.39,0.92,-63.4,-57.6,0,5.023
1.41,0.94,-61.5,-57.7,0,5.023
1.43,0.96,-61.5,-57.7,0,5.023
1.45,0.98,-61.4,-57.7,0,5.023
1.47,1.00,-57.1,-57.8,0,5.023
1.49,1.02,-59.9,-57.8,0,5.023
1.51,1.04,-61.4,-57.8,0,5.023
1.57,1.06,-59.7,-57.8,0,5.023
1.57,1.08,-58.2,-57.9,0,5.023
1.57,1.10,-60.5,-57.9,0,5.023
1.59,1.12,-59.0,-57.9,0,5.023
1.61,1.14,-59.0,-57.9,0,5.023
1.63,1.16,-60.2,-57.9,0,5.023
1.65,1.18,-59.0,-57.9,0,5.023
1.67,1.20,-57.3,-57.9,0,5.023
1.69,1.22,-57.8,-57.9,0,5.023
1.71,1.24,-57.7,-57.9,0,5.023
1.73,1.26,-59.4,-57.9,0,5.023
1.75,1.28,-60.9,-57.9,0,5.023
1.77,1.30,-59.6,-58.0,0,5.023
1.79,1.32,-58.7,-58.0,0,5.023
1.81,1.34,-58.6,-58.0,0,5.023
1.83,1.36,-59.5,-58.0,0,5.023
1.85,1.38,-64.2,-58.0,0,5.023
1.87,1.40,-63.7,-58.1,0,5.023
1.89,1.42,-59.4,-58.1,0,5.023
1.91,1.44,-57.0,-58.1,0,5.023
1.93,1.46,-58.4,-58.1,0,5.023
1.95,1.48,-58.3,-58.1,0,5.023
1.97,1.50,-59.5,-58.1,0,5.023
1.99,1.52,-59.1,-58.2,0,5.023
2.01,1.54,-57.9,-58.2,0,5.023
2.05,1.56,-60.4,-58.2,0,5.023
2.05,1.58,-62.8,-58.2,0,5.023
2.07,1.60,-58.2,-58.2,0,5.023
2.11,1.62,-60.2,-58.2,0,5.023
2.13,1.64,-61.6,-58.2,0,5.023
2.15,1.66,-57.9,-58.3,0,5.023
2.17,1.68,-57.8,-58.3,0,5.023
2.19,1.70,-59.1,-58.3,0,5.023
2.21,1.72,-60.2,-58.3,0,5.023
2.23,1.74,-60.6,-58.3,0,5.023
2.25,1.76,-59.8,-58.3,0,5.023
2.27,1.78,-59.8,-58.3,0,5.023
2.29,1.80,-57.9,-58.3,0,5.023
2.31,1.82,-58.8,-58.3,0,5.023
2.33,1.84,-60.0,-58.3,0,5.023
2.35,1.86,-59.7,-58.4,0,5.023
2.37,1.88,-62.2,-58.4,0,5.023
2.39,1.90,-62.4,-58.4,0,5.023
2.41,1.92,-60.6,-58.5,0,5.023
2.43,1.94,-62.5,-58.5,0,5.023
2.45,1.96,-63.2,-58.5,0,5.023
2.47,1.98,-62.9,-58.6,0,5.023
2.51,2.00,-64.6,-58.6,0,5.023
2.56,2.02,-60.7,-58.7,0,5.023
2.56,2.04,-61.2,-58.7,0,5.023
2.57,2.06,-60.6,-58.7,0,5.023
2.61,2.08,-60.4,-58.7,0,5.023
2.63,2.10,-61.9,-58.7,0,5.023
2.65,2.12,-61.6,-58.8,0,5.023
2.67,2.14,-59.3,-58.8,0,5.023
2.69,2.16,-57.4,-58.8,0,5.023
2.71,2.18,-59.6,-58.8,0,5.023
2.73,2.20,-57.9,-58.8,0,5.023
2.75,2.22,-56.3,-58.8,0,5.023
2.77,2.24,-55.7,-58.8,0,5.023
2.79,2.26,-49.8,-58.7,0,5.023
2.81,2.28,-49.8,-58.7,0,5.023
2.83,2.30,-49.9,-58.6,0,5.023
2.85,2.32,-46.6,-58.5,0,5.023
2.87,2.34,-36.8,-58.4,0,5.023
2.89,2.36,-34.9,-58.1,0,5.023
2.91,2.38,-36.0,-57.9,0,5.023
2.93,2.40,-37.7,-57.7,0,5.023
2.95,2.42,-41.9,-57.5,0,5.023
2.97,2.44,-45.3,-57.3,0,5.023
2.99,2.46,-42.9,-57.2,0,5.023
3.01,2.48,-43.9,-57.1,0,5.023
3.06,2.50,-47.2,-56.9,0,5.023
3.06,2.52,-46.3,-56.8,0,5.023
3.09,2.54,-48.6,-56.7,0,5.023
3.11,2.56,-46.6,-56.7,0,5.023
3.15,2.58,-46.7,-56.6,0,5.023
3.16,2.60,-47.7,-56.5,0,5.023
3.18,2.62,-47.3,-56.4,0,5.023
3.20,2.64,-49.8,-56.3,0,5.023
3.22,2.66,-51.5,-56.2,0,5.023
3.24,2.68,-52.0,-56.2,0,5.023
3.26,2.70,-49.3,-56.1,0,5.023
3.28,2.72,-49.1,-56.1,0,5.023
3.30,2.74,-46.2,-56.0,0,5.023
3.32,2.76,-47.0,-55.9,0,5.023
3.34,2.78,-44.2,-55.8,0,5.023
3.36,2.80,-43.5,-55.7,0,5.023
3.38,2.82,-45.1,-55.6,0,5.023
3.40,2.84,-48.8,-55.5,0,5.023
3.42,2.86,-50.8,-55.4,0,5.023
3.44,2.88,-49.0,-55.4,0,5.023
3.46,2.90,-52.3,-55.3,0,5.023
3.48,2.92,-50.4,-55.3,0,5.023
3.50,2.94,-50.4,-55.2,0,5.023
3.52,2.96,-47.6,-55.2,0,5.023
3.57,2.98,-48.8,-55.1,0,5.023
3.57,3.00,-49.4,-55.0,0,5.023
3.58,3.02,-51.1,-55.0,0,5.023
3.60,3.04,-50.5,-54.9,0,5.023
3.62,3.06,-49.1,-54.9,0,5.023
3.64,3.08,-51.0,-54.8,0,5.023
3.66,3.10,-50.9,-54.8,0,5.023
3.68,3.12,-50.1,-54.8,0,5.023
3.70,3.14,-51.3,-54.7,0,5.023
3.71,3.16,-50.3,-54.7,0,5.023
3.73,3.18,-52.1,-54.6,0,5.023
3.75,3.20,-51.6,-54.6,0,5.023
3.77,3.22,-54.7,-54.6,0,5.023
3.79,3.24,-52.3,-54.6,0,5.023
3.81,3.26,-55.5,-54.6,0,5.023
3.83,3.28,-54.0,-54.6,0,5.023
3.85,3.30,-58.2,-54.6,0,5.023
3.87,3.32,-55.3,-54.6,0,5.023
3.89,3.34,-56.0,-54.6,0,5.023
3.91,3.36,-56.5,-54.6,0,5.023
3.93,3.38,-56.1,-54.6,0,5.023
3.95,3.40,-54.7,-54.7,0,5.023
3.97,3.42,-55.3,-54.7,0,5.023
3.99,3.44,-54.4,-54.7,0,5.023
4.01,3.46,-55.0,-54.7,0,5.023
4.08,3.48,-54.1,-54.7,0,5.023
4.08,3.50,-52.6,-54.7,0,5.023
4.08,3.52,-49.8,-54.6,0,5.023
4.09,3.54,-47.9,-54.6,0,5.023
4.11,3.56,-48.8,-54.5,0,5.023
4.13,3.58,-51.9,-54.5,0,5.023
4.15,3.60,-53.0,-54.4,0,5.023
4.17,3.62,-53.4,-54.4,0,5.023
4.19,3.64,-57.3,-54.4,0,5.023
4.21,3.66,-55.1,-54.4,0,5.023
4.23,3.68,-54.2,-54.4,0,5.023
4.25,3.70,-55.8,-54.4,0,5.023
4.27,3.72,-54.7,-54.5,0,5.023
4.29,3.74,-56.3,-54.5,0,5.023
4.31,3.76,-56.6,-54.5,0,5.023
4.33,3.78,-56.0,-54.5,0,5.023
4.35,3.80,-53.5,-54.5,0,5.023
4.37,3.82,-52.5,-54.5,0,5.023
4.39,3.84,-53.3,-54.5,0,5.023
4.41,3.86,-55.5,-54.5,0,5.023
4.43,3.88,-57.0,-54.5,0,5.023
4.45,3.90,-53.6,-54.5,0,5.023
4.47,3.92,-54.9,-54.5,0,5.023
4.49,3.94,-54.3,-54.5,0,5.023
4.51,3.96,-54.9,-54.5,0,5.023
4.58,3.98,-57.2,-54.5,0,5.023
4.58,4.00,-56.8,-54.5,0,5.023
4.58,4.02,-59.7,-54.6,0,5.023
4.59,4.04,-58.5,-54.6,0,5.023
4.61,4.06,-59.2,-54.6,0,5.023
4.63,4.08,-55.1,-54.7,0,5.023
4.65,4.10,-54.3,-54.7,0,5.023
4.67,4.12,-53.4,-54.7,0,5.023
4.69,4.14,-52.2,-54.7,0,5.023
4.71,4.16,-54.1,-54.7,0,5.023
4.73,4.18,-53.4,-54.6,0,5.023
4.75,4.20,-54.6,-54.6,0,5.023
4.77,4.22,-54.9,-54.6,0,5.023
4.79,4.24,-58.5,-54.6,0,5.023
4.81,4.26,-57.1,-54.7,0,5.023
4.83,4.28,-58.1,-54.7,0,5.023
4.85,4.30,-56.3,-54.7,0,5.023
4.87,4.32,-55.7,-54.7,0,5.023
4.90,4.34,-53.6,-54.8,0,5.023
4.92,4.36,-56.8,-54.7,0,5.023
4.94,4.38,-54.3,-54.8,0,5.023
4.98,4.40,-55.2,-54.8,0,5.023
5.00,4.42,-54.6,-54.8,0,5.023
5.05,4.44,-53.5,-54.8,0,5.023
5.05,4.46,-55.4,-54.8,0,5.023
5.06,4.48,-55.4,-54.8,0,5.023
5.08,4.50,-54.4,-54.8,0,5.023
5.10,4.52,-53.0,-54.8,0,5.023
5.12,4.54,-55.1,-54.7,0,5.023
5.14,4.56,-54.6,-54.7,0,5.023
5.16,4.58,-55.9,-54.7,0,5.023
5.18,4.60,-54.9,-54.8,0,5.023
5.20,4.62,-51.1,-54.8,0,5.023
5.22,4.64,-55.1,-54.7,0,5.023
5.24,4.66,-51.1,-54.7,0,5.023
5.26,4.68,-51.1,-54.7,0,5.023
5.28,4.70,-51.9,-54.7,0,5.023
5.30,4.72,-57.0,-54.6,0,5.023
5.32,4.74,-57.0,-54.7,0,5.023
5.34,4.76,-55.1,-54.7,0,5.023
5.38,4.78,-54.2,-54.7,0,5.023
5.40,4.80,-53.4,-54.7,0,5.023
5.42,4.82,-55.7,-54.7,0,5.023
5.44,4.84,-53.8,-54.7,0,5.023
5.46,4.86,-56.4,-54.7,0,5.023
5.48,4.88,-55.4,-54.7,0,5.023
5.50,4.90,-57.4,-54.7,0,5.023
5.55,4.92,-55.7,-54.7,0,5.023
5.56,4.94,-53.7,-54.7,0,5.023
5.58,4.96,-53.7,-54.7,0,5.023
5.62,4.98,-55.9,-54.7,0,5.023
5.64,5.00,-55.5,-54.7,0,5.023
5.68,5.02,-54.6,-54.7,0,5.023
5.70,5.04,-53.8,-54.7,0,5.023
5.72,5.06,-54.7,-54.7,0,5.023
5.74,5.08,-56.7,-54.7,0,5.023
5.78,5.10,-53.7,-54.7,0,5.023
5.80,5.12,-55.0,-54.7,0,5.023
5.82,5.14,-54.5,-54.7,0,5.023
5.84,5.16,-54.6,-54.7,0,5.023
5.86,5.18,-53.3,-54.7,0,5.023
5.88,5.20,-52.0,-54.7,0,5.023
5.90,5.22,-51.0,-54.7,0,5.023
5.94,5.24,-56.7,-54.6,0,5.023
5.96,5.26,-54.2,-54.7,0,5.023
5.98,5.28,-56.3,-54.7,0,5.023
6.00,5.30,-49.6,-54.7,0,5.023
6.05,5.32,-53.5,-54.6,0,5.023
6.05,5.34,-51.9,-54.6,0,5.023
6.10,5.36,-52.8,-54.6,0,5.023
6.12,5.38,-50.7,-54.6,0,5.023
6.14,5.40,-55.5,-54.5,0,5.023
6.16,5.42,-53.5,-54.5,0,5.023
6.18,5.44,-56.9,-54.5,0,5.023
6.20,5.46,-57.2,-54.6,0,5.023
6.22,5.48,-53.3,-54.6,0,5.023
6.24,5.50,-51.3,-54.6,0,5.023
6.26,5.52,-54.4,-54.5,0,5.023
6.27,5.54,-54.5,-54.5,0,5.023
6.29,5.56,-50.8,-54.5,0,5.023
6.31,5.58,-51.0,-54.5,0,5.023
6.33,5.60,-54.2,-54.5,0,5.023
6.35,5.62,-54.4,-54.5,0,5.023
6.37,5.64,-53.4,-54.5,0,5.023
6.39,5.66,-55.1,-54.4,0,5.023
6.41,5.68,-55.3,-54.5,0,5.023
6.43,5.70,-53.3,-54.5,0,5.023
6.45,5.72,-57.0,-54.5,0,5.023
6.47,5.74,-53.1,-54.5,0,5.023
6.49,5.76,-56.4,-54.5,0,5.023
6.51,5.78,-55.0,-54.5,0,5.023
6.56,5.80,-52.6,-54.5,0,5.023
6.56,5.82,-52.3,-54.5,0,5.023
6.57,5.84,-50.8,-54.4,0,5.023
6.59,5.86,-51.7,-54.4,0,5.023
6.61,5.88,-51.2,-54.4,0,5.023
6.63,5.90,-53.5,-54.4,0,5.023
6.65,5.92,-53.2,-54.3,0,5.023
6.67,5.94,-53.2,-54.3,0,5.023
6.69,5.96,-53.2,-54.3,0,5.023
6.71,5.98,-52.9,-54.3,0,5.023
6.73,6.00,-54.2,-54.3,0,5.023
6.75,6.02,-54.6,-54.3,0,5.023
6.77,6.04,-55.8,-54.3,0,5.023
6.79,6.06,-55.6,-54.3,0,5.023
6.81,6.08,-56.7,-54.3,0,5.023
6.83,6.10,-57.8,-54.3,0,5.023
6.85,6.12,-55.3,-54.4,0,5.023
6.87,6.14,-56.0,-54.4,0,5.023
6.89,6.16,-54.9,-54.4,0,5.023
6.91,6.18,-56.1,-54.4,0,5.023
6.93,6.20,-55.0,-54.4,0,5.023
6.95,6.22,-53.6,-54.4,0,5.023
6.97,6.24,-55.0,-54.4,0,5.023
6.99,6.26,-54.2,-54.4,0,5.023
7.01,6.28,-56.4,-54.4,0,5.023
7.26,6.30,-54.3,-54.5,0,5.023
7.26,6.32,-52.2,-54.4,0,5.023
7.26,6.34,-54.3,-54.4,0,5.023
7.26,6.36,-52.6,-54.4,0,5.023
7.26,6.38,-50.2,-54.4,0,5.023
7.26,6.40,-50.1,-54.4,0,5.023
7.26,6.42,-51.2,-54.3,0,5.023
7.26,6.44,-54.2,-54.3,0,5.023
7.26,6.46,-54.3,-54.3,0,5.023
7.26,6.48,-57.1,-54.3,0,5.023
7.26,6.50,-56.4,-54.3,0,5.023
7.26,6.52,-58.5,-54.3,0,5.023
7.27,6.54,-58.7,-54.4,0,5.023
7.31,6.56,-57.7,-54.4,0,5.023
7.33,6.58,-55.0,-54.5,0,5.023
7.35,6.60,-58.7,-54.5,0,5.023
7.37,6.62,-56.9,-54.5,0,5.023
7.39,6.64,-58.8,-54.5,0,5.023
7.41,6.66,-60.4,-54.6,0,5.023
7.43,6.68,-58.5,-54.6,0,5.023
7.45,6.70,-56.5,-54.7,0,5.023
7.47,6.72,-58.8,-54.7,0,5.023
7.49,6.74,-58.1,-54.7,0,5.023
7.51,6.76,-56.4,-54.8,0,5.023
7.56,6.78,-59.3,-54.8,0,5.023
7.56,6.80,-56.5,-54.8,0,5.023
7.57,6.82,-56.4,-54.8,0,5.023
7.59,6.84,-56.4,-54.9,0,5.023
7.61,6.86,-56.5,-54.9,0,5.023
7.63,6.88,-54.5,-54.9,0,5.023
7.65,6.90,-54.6,-54.9,0,5.023
7.67,6.92,-52.7,-54.9,0,5.023
7.69,6.94,-56.1,-54.9,0,5.023
7.71,6.96,-57.8,-54.9,0,5.023
7.73,6.98,-58.9,-54.9,0,5.023
7.75,7.00,-60.0,-54.9,0,5.023
7.77,7.02,-56.6,-55.0,0,5.023
7.79,7.04,-58.9,-55.0,0,5.023
7.81,7.06,-54.9,-55.0,0,5.023
7.83,7.08,-53.6,-55.0,0,5.023
7.85,7.10,-56.2,-55.0,0,5.023
7.87,7.12,-56.3,-55.0,0,5.023
7.89,7.14,-59.1,-55.0,0,5.023
7.91,7.16,-59.8,-55.1,0,5.023
7.93,7.18,-59.3,-55.1,0,5.023
7.95,7.20,-59.7,-55.2,0,5.023
7.97,7.22,-56.8,-55.2,0,5.023
7.99,7.24,-56.9,-55.2,0,5.023
8.01,7.26,-58.3,-55.3,0,5.023
8.06,7.28,-57.7,-55.3,0,5.023
8.06,7.30,-53.9,-55.3,0,5.023
8.06,7.32,-55.9,-55.3,0,5.023
8.08,7.34,-57.5,-55.3,0,5.023
8.10,7.36,-57.4,-55.3,0,5.023
8.12,7.38,-57.3,-55.3,0,5.023
8.14,7.40,-58.0,-55.4,0,5.023
8.18,7.42,-56.4,-55.4,0,5.023
8.20,7.44,-58.5,-55.4,0,5.023
8.24,7.46,-51.2,-55.4,0,5.023
8.26,7.48,-47.5,-55.4,0,5.023
8.28,7.50,-47.2,-55.3,0,5.023
8.30,7.52,-52.5,-55.2,0,5.023
8.34,7.54,-56.7,-55.2,0,5.023
8.36,7.56,-55.3,-55.2,0,5.023
8.38,7.58,-54.8,-55.2,0,5.023
8.40,7.60,-56.0,-55.2,0,5.023
8.42,7.62,-57.5,-55.2,0,5.023
8.44,7.64,-54.7,-55.2,0,5.023
8.46,7.66,-55.6,-55.2,0,5.023
8.48,7.68,-57.6,-55.2,0,5.023
8.50,7.70,-58.0,-55.3,0,5.045
8.56,7.72,-57.4,-55.3,0,5.045
8.56,7.74,-56.1,-55.3,0,5.045
8.56,7.76,-58.1,-55.3,0,5.045
8.58,7.78,-59.3,-55.4,0,5.045
8.60,7.80,-61.6,-55.4,0,5.045
8.62,7.82,-60.5,-55.5,0,5.045
8.64,7.84,-57.2,-55.5,0,5.045
8.68,7.86,-58.9,-55.5,0,5.045
8.70,7.88,-55.7,-55.6,0,5.045
8.74,7.90,-53.3,-55.6,0,5.045
8.76,7.92,-53.5,-55.5,0,5.045
8.78,7.94,-55.3,-55.5,0,5.045
8.80,7.96,-53.3,-55.5,0,5.045
8.84,7.98,-55.0,-55.5,0,5.045
8.86,8.00,-57.6,-55.5,0,5.045
8.90,8.02,-52.9,-55.5,0,5.045
8.92,8.04,-54.3,-55.5,0,5.045
8.94,8.06,-55.8,-55.5,0,5.045
8.96,8.08,-56.5,-55.5,0,5.045
8.98,8.10,-58.1,-55.5,0,5.045
9.00,8.12,-57.0,-55.5,0,5.496
9.05,8.14,-55.6,-55.5,0,5.496
9.05,8.16,-51.9,-55.5,0,5.496
9.06,8.18,-52.1,-55.5,0,5.496
9.08,8.20,-55.3,-55.5,0,5.496
9.10,8.22,-55.5,-55.5,0,5.496
9.14,8.24,-51.3,-55.5,0,5.496
9.16,8.26,-55.1,-55.4,0,5.496
9.18,8.28,-52.3,-55.4,0,5.496
9.20,8.30,-53.5,-55.4,0,5.496
9.22,8.32,-53.0,-55.4,0,5.496
9.26,8.34,-54.4,-55.3,0,5.496
9.28,8.36,-54.3,-55.3,0,5.496
9.30,8.38,-54.0,-55.3,0,5.496
9.32,8.40,-53.3,-55.3,0,5.496
9.34,8.42,-56.1,-55.3,0,5.496
9.36,8.44,-55.1,-55.3,0,5.496
9.38,8.46,-55.5,-55.3,0,5.496
9.40,8.48,-54.9,-55.3,0,5.496
9.42,8.50,-55.9,-55.3,0,5.496
9.44,8.52,-53.3,-55.3,0,5.496
9.46,8.54,-53.0,-55.3,0,5.496
9.48,8.56,-54.0,-55.3,0,5.496
9.50,8.58,-51.8,-55.2,0,5.623
9.55,8.60,-52.0,-55.2,0,5.623
9.55,8.62,-54.1,-55.2,0,5.623
9.56,8.64,-52.3,-55.2,0,5.623
9.58,8.66,-51.8,-55.1,0,5.623
9.60,8.68,-54.2,-55.1,0,5.623
9.62,8.70,-53.8,-55.1,0,5.623
9.64,8.72,-53.5,-55.1,0,5.623
9.66,8.74,-55.9,-55.1,0,5.623
9.70,8.76,-52.9,-55.1,0,5.623
9.72,8.78,-53.3,-55.0,0,5.623
9.74,8.80,-51.3,-55.0,0,5.623
9.79,8.82,-47.2,-55.0,0,5.623
9.80,8.84,-48.6,-54.9,0,5.623
9.82,8.86,-52.9,-54.9,0,5.623
9.84,8.88,-48.0,-54.8,0,5.623
9.88,8.90,-53.8,-54.8,0,5.623
9.90,8.92,-50.1,-54.8,0,5.623
9.92,8.94,-50.7,-54.7,0,5.623
9.94,8.96,-50.1,-54.7,0,5.623
9.98,8.98,-53.0,-54.6,0,5.623
10.00,9.00,-53.1,-54.6,0,5.623
10.21,9.02,-53.5,-54.6,0,5.623
10.21,9.04,-49.3,-54.6,0,5.623
10.21,9.06,-51.2,-54.5,0,5.623
10.21,9.08,-52.1,-54.5,0,5.623
10.21,9.10,-51.9,-54.5,0,5.623
10.21,9.12,-51.0,-54.4,0,5.623
10.21,9.14,-51.4,-54.4,0,5.623
10.21,9.16,-52.5,-54.4,0,5.623
10.22,9.18,-50.3,-54.4,0,5.623
10.24,9.20,-52.4,-54.3,0,5.623
10.28,9.22,-49.3,-54.3,0,5.623
10.30,9.24,-49.8,-54.3,0,5.623
10.34,9.26,-52.5,-54.2,0,5.623
10.36,9.28,-51.0,-54.2,0,5.623
10.38,9.30,-52.1,-54.2,0,5.623
10.40,9.32,-52.2,-54.1,0,5.623
10.42,9.34,-49.5,-54.1,0,5.623
10.44,9.36,-50.4,-54.1,0,5.623
10.46,9.38,-52.0,-54.0,0,5.623
10.50,9.40,-48.9,-54.0,0,5.656
10.56,9.42,-50.0,-54.0,0,5.656
10.56,9.44,-49.8,-53.9,0,5.656
10.59,9.46,-50.7,-53.9,0,5.656
10.61,9.48,-50.0,-53.9,0,5.656
10.65,9.50,-49.5,-53.8,0,5.656
10.66,9.52,-47.3,-53.8,0,5.656
10.69,9.54,-49.6,-53.7,0,5.656
10.71,9.56,-50.7,-53.7,0,5.656
10.75,9.58,-49.0,-53.6,0,5.656
10.77,9.60,-49.9,-53.6,0,5.656
10.79,9.62,-48.8,-53.6,0,5.656
10.81,9.64,-46.9,-53.5,0,5.656
10.83,9.66,-48.5,-53.4,0,5.656
10.85,9.68,-44.5,-53.4,0,5.656
10.87,9.70,-50.0,-53.3,0,5.656
10.91,9.72,-53.3,-53.3,0,5.656
10.93,9.74,-47.8,-53.3,0,5.656
10.95,9.76,-50.0,-53.2,0,5.656
10.97,9.78,-48.8,-53.2,0,5.656
10.99,9.80,-46.8,-53.1,0,5.656
11.01,9.82,-50.4,-53.1,0,5.656
11.21,9.84,-48.9,-53.1,0,5.656
11.21,9.86,-51.6,-53.0,0,5.656
11.21,9.88,-49.5,-53.0,0,5.656
11.21,9.90,-50.0,-53.0,0,5.656
11.21,9.92,-50.6,-52.9,0,5.656
11.21,9.94,-50.5,-52.9,0,5.656
11.21,9.96,-50.3,-52.9,0,5.656
11.21,9.98,-50.5,-52.9,0,5.656
11.23,10.00,-50.7,-52.8,0,5.656
11.25,10.02,-50.0,-52.8,0,5.656
11.27,10.04,-49.3,-52.8,0,5.656
11.31,10.06,-51.0,-52.8,0,5.656
11.33,10.08,-49.2,-52.7,0,5.656
11.35,10.10,-51.5,-52.7,0,5.656
11.37,10.12,-50.6,-52.7,0,5.656
11.41,10.14,-50.5,-52.7,0,5.656
11.43,10.16,-48.9,-52.6,0,5.656
11.45,10.18,-47.9,-52.6,0,5.656
11.47,10.20,-48.2,-52.6,0,5.656
11.49,10.22,-49.6,-52.5,0,5.656
11.51,10.24,-51.7,-52.5,0,5.656
11.55,10.26,-48.3,-52.5,0,5.656
11.57,10.28,-48.6,-52.4,0,5.656
11.59,10.30,-48.7,-52.4,0,5.656
11.61,10.32,-49.3,-52.4,0,5.656
11.63,10.34,-50.0,-52.3,0,5.656
11.65,10.36,-48.0,-52.3,0,5.656
11.67,10.38,-48.6,-52.3,0,5.656
11.71,10.40,-46.4,-52.2,0,5.656
11.73,10.42,-47.2,-52.2,0,5.656
11.75,10.44,-46.1,-52.1,0,5.656
11.77,10.46,-47.5,-52.1,0,5.656
11.79,10.48,-47.1,-52.0,0,5.656
11.81,10.50,-48.3,-52.0,0,5.656
11.83,10.52,-49.3,-51.9,0,5.656
11.85,10.54,-53.2,-51.9,0,5.656
11.87,10.56,-50.6,-51.9,0,5.656
11.89,10.58,-48.6,-51.9,0,5.656
11.91,10.60,-49.8,-51.9,0,5.656
11.93,10.62,-48.2,-51.9,0,5.656
11.95,10.64,-47.1,-51.8,0,5.656
11.97,10.66,-48.5,-51.8,0,5.656
11.99,10.68,-49.2,-51.7,0,5.656
12.01,10.70,-48.3,-51.7,0,5.656
12.07,10.72,-48.8,-51.7,0,5.656
12.08,10.74,-53.4,-51.7,0,5.656
12.10,10.76,-49.7,-51.7,0,5.656
12.12,10.78,-49.5,-51.6,0,5.656
12.14,10.80,-46.2,-51.6,0,5.656
12.16,10.82,-48.8,-51.6,0,5.656
12.18,10.84,-50.3,-51.5,0,5.656
12.20,10.86,-49.4,-51.5,0,5.656
12.22,10.88,-51.4,-51.5,0,5.656
12.24,10.90,-49.2,-51.5,0,5.656
12.26,10.92,-48.7,-51.5,0,5.656
12.28,10.94,-49.5,-51.5,0,5.656
12.30,10.96,-50.9,-51.4,0,5.656
12.32,10.98,-49.3,-51.4,0,5.656
12.34,11.00,-48.5,-51.4,0,5.656
12.36,11.02,-46.7,-51.4,0,5.656
12.38,11.04,-46.5,-51.3,0,5.656
12.40,11.06,-43.8,-51.3,0,5.656
12.42,11.08,-43.3,-51.2,0,5.656
12.43,11.10,-45.3,-51.1,0,5.656
12.45,11.12,-46.2,-51.1,0,5.656
12.47,11.14,-43.9,-51.0,0,5.656
12.49,11.16,-41.6,-51.0,0,5.656
12.51,11.18,-43.6,-50.9,0,5.656
12.56,11.20,-44.0,-50.8,0,5.656
12.56,11.22,-43.9,-50.7,0,5.656
12.57,11.24,-45.4,-50.7,0,5.656
12.59,11.26,-45.4,-50.6,0,5.656
12.61,11.28,-44.4,-50.6,0,5.656
12.63,11.30,-45.8,-50.5,0,5.656
12.65,11.32,-42.3,-50.4,0,5.656
12.67,11.34,-43.5,-50.4,0,5.656
12.69,11.36,-45.2,-50.3,0,5.656
12.71,11.38,-47.2,-50.2,0,5.656
12.73,11.40,-43.9,-50.2,0,5.656
12.75,11.42,-43.0,-50.2,0,5.656
12.77,11.44,-43.7,-50.1,0,5.656
12.79,11.46,-45.4,-50.0,0,5.656
12.81,11.48,-46.0,-50.0,0,5.656
12.85,11.50,-44.8,-49.9,0,5.656
12.87,11.52,-44.6,-49.9,0,5.656
12.89,11.54,-47.4,-49.8,0,5.656
12.91,11.56,-44.2,-49.8,0,5.656
12.93,11.58,-42.5,-49.7,0,5.656
12.95,11.60,-43.0,-49.7,0,5.656
12.97,11.62,-45.0,-49.6,0,5.656
12.99,11.64,-42.0,-49.6,0,5.656
13.01,11.66,-42.2,-49.5,0,5.656
13.06,11.68,-44.2,-49.4,0,5.656
13.06,11.70,-42.3,-49.4,0,5.656
13.07,11.72,-42.1,-49.3,0,5.656
13.09,11.74,-39.9,-49.2,0,5.656
13.11,11.76,-44.8,-49.1,0,5.656
13.13,11.78,-45.0,-49.1,0,5.656
13.15,11.80,-42.3,-49.0,0,5.656
13.17,11.82,-43.6,-49.0,0,5.656
13.19,11.84,-44.1,-48.9,0,5.656
13.21,11.86,-45.0,-48.9,0,5.656
13.23,11.88,-43.5,-48.8,0,5.656
13.25,11.90,-42.7,-48.8,0,5.656
13.27,11.92,-43.5,-48.7,0,5.656
13.31,11.94,-40.6,-48.7,0,5.656
13.33,11.96,-43.7,-48.6,0,5.656
13.35,11.98,-47.7,-48.5,0,5.656
13.37,12.00,-47.7,-48.5,0,5.656
13.39,12.02,-44.9,-48.5,0,5.656
13.41,12.04,-43.4,-48.5,0,5.656
13.43,12.06,-38.4,-48.4,0,5.656
13.45,12.08,-40.6,-48.3,0,5.656
13.47,12.10,-44.9,-48.3,0,5.656
13.49,12.12,-44.0,-48.2,0,5.656
13.51,12.14,-44.2,-48.2,0,5.656
13.56,12.16,-48.1,-48.1,0,5.656
13.56,12.18,-43.8,-48.1,0,5.656
13.57,12.20,-44.4,-48.1,0,5.656
13.59,12.22,-45.6,-48.1,0,5.656
13.61,12.24,-48.7,-48.0,0,5.656
13.63,12.26,-48.1,-48.1,0,5.656
13.65,12.28,-49.0,-48.1,0,5.656
13.67,12.30,-49.0,-48.1,0,5.656
13.71,12.32,-53.6,-48.1,0,5.656
13.73,12.34,-38.1,-48.1,0,5.656
13.75,12.36,-38.3,-48.0,0,5.656
13.77,12.38,-42.1,-47.9,0,5.656
13.79,12.40,-40.1,-47.9,0,5.656
13.81,12.42,-42.6,-47.8,0,5.656
13.83,12.44,-46.1,-47.7,0,5.656
13.85,12.46,-44.2,-47.7,0,5.656
13.87,12.48,-48.7,-47.7,0,5.656
13.89,12.50,-46.2,-47.7,0,5.656
13.91,12.52,-44.9,-47.7,0,5.656
13.93,12.54,-41.4,-47.7,0,5.656
13.95,12.56,-40.1,-47.6,0,5.656
13.97,12.58,-42.7,-47.5,0,5.656
13.99,12.60,-41.9,-47.5,0,5.656
14.01,12.62,-44.3,-47.4,0,5.656
14.21,12.64,-45.7,-47.4,0,5.656
14.21,12.66,-47.6,-47.4,0,5.656
14.21,12.68,-45.5,-47.4,0,5.656
14.21,12.70,-46.1,-47.4,0,5.656
14.21,12.72,-49.4,-47.3,0,5.656
14.21,12.74,-45.5,-47.4,0,5.656
14.21,12.76,-46.1,-47.3,0,5.656
14.21,12.78,-48.8,-47.3,0,5.656
14.21,12.80,-44.8,-47.3,0,5.656
14.23,12.82,-46.2,-47.3,0,5.656
14.25,12.84,-42.0,-47.3,0,5.656
14.27,12.86,-45.8,-47.3,0,5.656
14.29,12.88,-42.7,-47.2,0,5.656
14.31,12.90,-48.7,-47.2,0,5.656
14.33,12.92,-47.1,-47.2,0,5.656
14.35,12.94,-48.7,-47.2,0,5.656
14.37,12.96,-45.7,-47.2,0,5.656
14.39,12.98,-45.0,-47.2,0,5.656
14.41,13.00,-46.0,-47.2,0,5.656
14.43,13.02,-44.2,-47.2,0,5.656
14.45,13.04,-49.0,-47.1,0,5.656
14.47,13.06,-48.3,-47.2,0,5.656
14.49,13.08,-48.9,-47.2,0,5.656
14.51,13.10,-49.9,-47.2,0,5.656
14.71,13.12,-50.0,-47.2,0,5.656
14.71,13.14,-50.1,-47.2,0,5.656
14.71,13.16,-50.8,-47.3,0,5.656
14.71,13.18,-53.0,-47.3,0,5.656
14.71,13.20,-48.3,-47.4,0,5.656
14.71,13.22,-45.5,-47.4,0,5.656
14.71,13.24,-45.8,-47.4,0,5.656
14.71,13.26,-50.3,-47.3,0,5.656
14.71,13.28,-47.8,-47.4,0,5.656
14.73,13.30,-37.2,-47.4,0,5.656
14.75,13.32,-29.7,-47.3,0,5.656
14.77,13.34,-30.8,-47.1,0,5.656
14.79,13.36,-33.9,-46.9,0,5.656
14.81,13.38,-33.2,-46.8,0,5.656
14.83,13.40,-36.1,-46.7,0,5.656
14.85,13.42,-39.3,-46.6,0,5.656
14.87,13.44,-39.9,-46.5,0,5.656
14.89,13.46,-40.7,-46.4,0,5.656
14.91,13.48,-41.5,-46.4,0,5.656
14.93,13.50,-48.6,-46.3,0,5.656
14.95,13.52,-47.3,-46.3,0,5.656
14.97,13.54,-45.5,-46.4,0,5.656
14.99,13.56,-45.4,-46.4,0,5.656
15.01,13.58,-47.1,-46.3,0,5.656
15.26,13.60,-46.9,-46.3,0,5.656
15.26,13.62,-48.9,-46.4,0,5.656
15.26,13.64,-47.9,-46.4,0,5.656
15.26,13.66,-44.3,-46.4,0,5.656
15.26,13.68,-51.4,-46.4,0,5.656
15.26,13.70,-50.8,-46.4,0,5.656
15.26,13.72,-46.6,-46.5,0,5.656
15.26,13.74,-49.2,-46.5,0,5.656
15.26,13.76,-46.1,-46.5,0,5.656
15.26,13.78,-49.6,-46.5,0,5.656
15.26,13.80,-49.5,-46.5,0,5.656
15.26,13.82,-48.2,-46.6,0,5.656
15.27,13.84,-45.5,-46.6,0,5.656
15.31,13.86,-44.2,-46.6,0,5.656
15.33,13.88,-47.2,-46.5,0,5.656
15.35,13.90,-45.3,-46.5,0,5.656
15.37,13.92,-43.5,-46.5,0,5.656
15.39,13.94,-43.8,-46.5,0,5.656
15.41,13.96,-41.2,-46.5,0,5.656
15.43,13.98,-41.6,-46.4,0,5.656
15.45,14.00,-42.0,-46.4,0,5.656
15.47,14.02,-44.5,-46.3,0,5.656
15.49,14.04,-47.7,-46.3,0,5.656
15.51,14.06,-46.2,-46.3,0,5.656
15.56,14.08,-47.0,-46.3,0,5.656
15.56,14.10,-51.5,-46.3,0,5.656
15.57,14.12,-47.7,-46.4,0,5.656
15.59,14.14,-48.2,-46.4,0,5.656
15.61,14.16,-47.4,-46.4,0,5.656
15.63,14.18,-53.4,-46.4,0,5.656
15.65,14.20,-49.1,-46.5,0,5.656
15.67,14.22,-50.1,-46.5,0,5.656
15.71,14.24,-50.5,-46.6,0,5.656
15.73,14.26,-48.4,-46.6,0,5.656
15.75,14.28,-50.3,-46.6,0,5.656
15.77,14.30,-50.3,-46.6,0,5.656
15.79,14.32,-50.0,-46.7,0,5.656
15.81,14.34,-55.3,-46.7,0,5.656
15.83,14.36,-47.3,-46.8,0,5.656
15.85,14.38,-50.0,-46.8,0,5.656
15.87,14.40,-49.0,-46.8,0,5.656
15.91,14.42,-48.5,-46.9,0,5.656
15.93,14.44,-51.8,-46.9,0,5.656
15.95,14.46,-54.3,-46.9,0,5.656
15.97,14.48,-50.8,-47.0,0,5.656
15.99,14.50,-50.2,-47.0,0,5.656
16.01,14.52,-54.9,-47.1,0,5.656
16.05,14.54,-52.6,-47.1,0,5.656
16.05,14.56,-52.4,-47.2,0,5.656
16.07,14.58,-52.1,-47.2,0,5.656
16.09,14.60,-51.9,-47.3,0,5.656
16.11,14.62,-50.8,-47.3,0,5.656
16.13,14.64,-53.2,-47.4,0,5.656
16.15,14.66,-51.6,-47.4,0,5.656
16.17,14.68,-50.0,-47.5,0,5.656
16.19,14.70,-46.6,-47.5,0,5.656
16.21,14.72,-51.6,-47.5,0,5.656
16.23,14.74,-49.8,-47.5,0,5.656
16.25,14.76,-49.9,-47.6,0,5.656
16.27,14.78,-48.2,-47.6,0,5.656
16.29,14.80,-50.9,-47.6,0,5.656
16.31,14.82,-48.9,-47.6,0,5.656
16.33,14.84,-50.6,-47.6,0,5.656
16.35,14.86,-49.8,-47.7,0,5.656
16.37,14.88,-51.4,-47.7,0,5.656
16.39,14.90,-54.1,-47.7,0,5.656
16.41,14.92,-52.7,-47.8,0,5.656
16.43,14.94,-48.9,-47.8,0,5.656
16.45,14.96,-52.4,-47.8,0,5.656
16.47,14.98,-51.9,-47.9,0,5.656
16.51,15.00,-53.5,-47.9,0,5.656
16.56,15.02,-53.7,-48.0,0,5.656
16.56,15.04,-53.1,-48.0,0,5.656
16.57,15.06,-53.7,-48.1,0,5.656
16.59,15.08,-56.1,-48.1,0,5.656
16.61,15.10,-54.3,-48.2,0,5.656
16.63,15.12,-54.6,-48.3,0,5.656
16.65,15.14,-51.9,-48.3,0,5.656
16.67,15.16,-52.2,-48.4,0,5.656
16.69,15.18,-48.2,-48.4,0,5.656
16.71,15.20,-48.3,-48.4,0,5.656
16.73,15.22,-47.6,-48.4,0,5.656
16.75,15.24,-44.1,-48.4,0,5.656
16.77,15.26,-44.9,-48.4,0,5.656
16.79,15.28,-41.9,-48.3,0,5.656
16.81,15.30,-40.8,-48.3,0,5.656
16.83,15.32,-41.2,-48.2,0,5.656
16.85,15.34,-44.4,-48.1,0,5.656
16.87,15.36,-46.2,-48.1,0,5.656
16.89,15.38,-46.6,-48.1,0,5.656
16.91,15.40,-47.5,-48.1,0,5.656
16.93,15.42,-48.7,-48.0,0,5.656
16.95,15.44,-50.6,-48.1,0,5.656
16.97,15.46,-50.1,-48.1,0,5.656
16.99,15.48,-47.3,-48.1,0,5.656
17.01,15.50,-48.1,-48.1,0,5.656
17.21,15.52,-47.9,-48.1,0,5.656
17.21,15.54,-49.1,-48.1,0,5.656
17.21,15.56,-49.6,-48.1,0,5.656
17.21,15.58,-47.8,-48.1,0,5.656
17.21,15.60,-50.7,-48.1,0,5.656
17.21,15.62,-48.2,-48.1,0,5.656
17.21,15.64,-48.1,-48.1,0,5.656
17.21,15.66,-49.9,-48.1,0,5.656
17.21,15.68,-47.7,-48.2,0,5.656
17.21,15.70,-48.5,-48.2,0,5.656
17.23,15.72,-48.2,-48.2,0,5.656
17.25,15.74,-47.6,-48.2,0,5.656
17.27,15.76,-48.7,-48.1,0,5.656
17.29,15.78,-49.8,-48.2,0,5.656
17.31,15.80,-47.1,-48.2,0,5.656
17.35,15.82,-46.2,-48.2,0,5.656
17.37,15.84,-48.3,-48.1,0,5.656
17.39,15.86,-51.9,-48.1,0,5.656
17.41,15.88,-49.2,-48.2,0,5.656
17.43,15.90,-50.1,-48.2,0,5.656
17.45,15.92,-52.4,-48.2,0,5.656
17.47,15.94,-51.5,-48.3,0,5.656
17.49,15.96,-52.9,-48.3,0,5.656
17.51,15.98,-51.9,-48.3,0,5.656
17.57,16.00,-50.8,-48.4,0,5.656
17.57,16.02,-49.1,-48.4,0,5.656
17.57,16.04,-50.7,-48.4,0,5.656
17.59,16.06,-49.6,-48.4,0,5.656
17.61,16.08,-53.8,-48.4,0,5.656
17.63,16.10,-50.6,-48.5,0,5.656
17.65,16.12,-52.9,-48.5,0,5.656
17.67,16.14,-55.1,-48.5,0,5.656
17.71,16.16,-52.2,-48.6,0,5.656
17.73,16.18,-50.7,-48.7,0,5.656
17.75,16.20,-51.1,-48.7,0,5.656
17.77,16.22,-52.1,-48.7,0,5.656
17.79,16.24,-51.4,-48.7,0,5.656
17.81,16.26,-52.6,-48.8,0,5.656
17.83,16.28,-51.6,-48.8,0,5.656
17.85,16.30,-49.9,-48.8,0,5.656
17.87,16.32,-52.8,-48.8,0,5.656
17.89,16.34,-53.5,-48.9,0,5.656
17.91,16.36,-51.4,-48.9,0,5.656
17.93,16.38,-55.0,-48.9,0,5.656
17.95,16.40,-52.5,-49.0,0,5.656
17.97,16.42,-53.8,-49.0,0,5.656
17.99,16.44,-51.8,-49.1,0,5.656
18.01,16.46,-52.5,-49.1,0,5.656
18.10,16.48,-53.0,-49.1,0,5.656
18.10,16.50,-51.9,-49.2,0,5.656
18.10,16.52,-54.5,-49.2,0,5.656
18.10,16.54,-52.6,-49.3,0,5.656
18.11,16.56,-53.0,-49.3,0,5.656
18.13,16.58,-54.4,-49.3,0,5.656
18.15,16.60,-52.9,-49.4,0,5.656
18.17,16.62,-53.1,-49.4,0,5.656
18.19,16.64,-51.9,-49.5,0,5.656
18.21,16.66,-53.8,-49.5,0,5.656
18.23,16.68,-51.6,-49.5,0,5.656
18.25,16.70,-51.6,-49.5,0,5.656
18.27,16.72,-54.2,-49.6,0,5.656
18.29,16.74,-54.3,-49.6,0,5.656
18.31,16.76,-54.0,-49.7,0,5.656
18.33,16.78,-49.6,-49.7,0,5.656
18.35,16.80,-48.8,-49.7,0,5.656
18.37,16.82,-49.4,-49.7,0,5.656
18.39,16.84,-50.2,-49.7,0,5.656
18.41,16.86,-50.1,-49.7,0,5.656
18.43,16.88,-51.7,-49.7,0,5.656
18.45,16.90,-50.0,-49.7,0,5.656
18.47,16.92,-48.8,-49.7,0,5.656
18.49,16.94,-50.4,-49.7,0,5.656
18.51,16.96,-49.7,-49.7,0,5.656
18.56,16.98,-48.7,-49.7,0,5.656
18.56,17.00,-49.4,-49.7,0,5.656
18.59,17.02,-49.6,-49.7,0,5.656
18.63,17.04,-50.0,-49.7,0,5.656
18.65,17.06,-51.0,-49.7,0,5.656
18.67,17.08,-48.4,-49.7,0,5.656
18.69,17.10,-49.9,-49.7,0,5.656
18.71,17.12,-49.3,-49.7,0,5.656
18.73,17.14,-50.5,-49.7,0,5.656
18.75,17.16,-51.5,-49.7,0,5.656
18.77,17.18,-50.3,-49.7,0,5.656
18.79,17.20,-51.5,-49.7,0,5.656
18.81,17.22,-49.5,-49.7,0,5.656
18.83,17.24,-49.7,-49.7,0,5.656
18.85,17.26,-48.3,-49.7,0,5.656
18.87,17.28,-50.4,-49.7,0,5.656
18.89,17.30,-54.3,-49.7,0,5.656
18.91,17.32,-53.6,-49.8,0,5.656
18.93,17.34,-51.0,-49.8,0,5.656
18.95,17.36,-52.6,-49.8,0,5.656
18.99,17.38,-51.6,-49.9,0,5.656
19.01,17.40,-51.4,-49.9,0,5.656
19.07,17.42,-51.1,-49.9,0,5.656
19.07,17.44,-51.7,-49.9,0,5.656
19.07,17.46,-52.1,-49.9,0,5.656
19.09,17.48,-52.5,-49.9,0,5.656
19.11,17.50,-52.7,-50.0,0,5.656
19.15,17.52,-55.3,-50.0,0,5.656
19.17,17.54,-54.0,-50.1,0,5.656
19.19,17.56,-52.3,-50.1,0,5.656
19.21,17.58,-52.5,-50.1,0,5.656
19.23,17.60,-52.9,-50.1,0,5.656
19.25,17.62,-53.1,-50.2,0,5.656
19.27,17.64,-54.0,-50.2,0,5.656
19.29,17.66,-53.2,-50.2,0,5.656
19.31,17.68,-54.6,-50.3,0,5.656
19.33,17.70,-54.1,-50.3,0,5.656
19.35,17.72,-56.3,-50.3,0,5.656
19.37,17.74,-55.2,-50.4,0,5.656
19.39,17.76,-56.4,-50.4,0,5.656
19.41,17.78,-52.1,-50.5,0,5.656
19.43,17.80,-54.5,-50.5,0,5.656
19.45,17.82,-50.6,-50.6,0,5.656
19.47,17.84,-53.1,-50.6,0,5.656
19.49,17.86,-53.1,-50.6,0,5.656
19.51,17.88,-55.5,-50.6,0,5.656
19.57,17.90,-52.3,-50.7,0,5.656
19.57,17.92,-54.9,-50.7,0,5.656
19.57,17.94,-55.2,-50.7,0,5.656
19.59,17.96,-52.8,-50.8,0,5.656
19.61,17.98,-51.8,-50.8,0,5.656
19.63,18.00,-51.6,-50.8,0,5.656
19.65,18.02,-48.4,-50.8,0,5.656
19.67,18.04,-48.9,-50.8,0,5.656
19.69,18.06,-51.0,-50.8,0,5.656
19.71,18.08,-51.5,-50.8,0,5.656
19.73,18.10,-54.4,-50.8,0,5.656
19.75,18.12,-54.0,-50.8,0,5.656
19.77,18.14,-53.5,-50.8,0,5.656
19.81,18.16,-51.6,-50.9,0,5.656
19.83,18.18,-50.4,-50.9,0,5.656
19.85,18.20,-51.4,-50.9,0,5.656
19.87,18.22,-52.9,-50.9,0,5.656
19.89,18.24,-54.7,-50.9,0,5.656
19.91,18.26,-53.3,-50.9,0,5.656
19.93,18.28,-52.5,-51.0,0,5.656
19.95,18.30,-52.0,-51.0,0,5.656
19.97,18.32,-53.6,-51.0,0,5.656
19.99,18.34,-57.0,-51.0,0,5.656
20.01,18.36,-57.4,-51.1,0,5.656
20.21,18.38,-56.9,-51.1,0,5.656
20.21,18.40,-56.5,-51.2,0,5.656
20.21,18.42,-57.6,-51.2,0,5.656
20.21,18.44,-54.3,-51.3,0,5.656
20.21,18.46,-53.4,-51.3,0,5.656
20.21,18.48,-52.1,-51.4,0,5.656
20.21,18.50,-52.3,-51.4,0,5.656
20.21,18.52,-53.1,-51.4,0,5.656
20.21,18.54,-51.6,-51.4,0,5.656
20.23,18.56,-55.2,-51.4,0,5.656
20.25,18.58,-55.9,-51.4,0,5.656
20.27,18.60,-56.6,-51.5,0,5.656
20.29,18.62,-55.6,-51.5,0,5.656
20.31,18.64,-55.4,-51.6,0,5.656
20.33,18.66,-56.5,-51.6,0,5.656
20.35,18.68,-56.9,-51.6,0,5.656
20.37,18.70,-55.7,-51.7,0,5.656
20.39,18.72,-56.0,-51.7,0,5.656
20.41,18.74,-56.9,-51.8,0,5.656
20.43,18.76,-54.4,-51.8,0,5.656
20.45,18.78,-53.2,-51.9,0,5.656
20.47,18.80,-53.2,-51.9,0,5.656
20.49,18.82,-55.4,-51.9,0,5.656
20.51,18.84,-56.1,-51.9,0,5.656
20.56,18.86,-54.8,-52.0,0,5.656
20.56,18.88,-55.6,-52.0,0,5.656
20.59,18.90,-58.1,-52.0,0,5.656
20.61,18.92,-57.0,-52.1,0,5.656
20.63,18.94,-52.9,-52.1,0,5.656
20.65,18.96,-55.8,-52.1,0,5.656
20.67,18.98,-56.8,-52.2,0,5.656
20.69,19.00,-57.1,-52.2,0,5.656
20.71,19.02,-54.3,-52.3,0,5.656
20.73,19.04,-57.7,-52.3,0,5.656
20.75,19.06,-59.8,-52.4,0,5.656
20.77,19.08,-58.9,-52.4,0,5.656
20.79,19.10,-56.0,-52.5,0,5.656
20.83,19.12,-56.3,-52.5,0,5.656
20.85,19.14,-53.5,-52.6,0,5.656
20.87,19.16,-56.6,-52.6,0,5.656
20.89,19.18,-55.2,-52.6,0,5.656
20.91,19.20,-57.5,-52.6,0,5.656
20.93,19.22,-59.9,-52.7,0,5.656
20.95,19.24,-59.9,-52.8,0,5.656
20.97,19.26,-55.9,-52.8,0,5.656
20.99,19.28,-59.8,-52.9,0,5.656
21.01,19.30,-60.0,-52.9,0,5.656
21.06,19.32,-59.7,-53.0,0,5.656
21.06,19.34,-56.6,-53.1,0,5.656
21.07,19.36,-57.2,-53.1,0,5.656
21.09,19.38,-58.1,-53.1,0,5.656
21.11,19.40,-60.5,-53.2,0,5.656
21.13,19.42,-56.6,-53.3,0,5.656
21.15,19.44,-57.1,-53.3,0,5.656
21.17,19.46,-54.5,-53.3,0,5.656
21.19,19.48,-57.3,-53.3,0,5.656
21.21,19.50,-57.1,-53.4,0,5.656
21.23,19.52,-58.4,-53.4,0,5.656
21.25,19.54,-56.9,-53.5,0,5.656
21.27,19.56,-57.6,-53.5,0,5.656
21.29,19.58,-58.1,-53.5,0,5.656
21.31,19.60,-59.1,-53.6,0,5.656
21.33,19.62,-57.9,-53.6,0,5.656
21.35,19.64,-57.6,-53.7,0,5.656
21.37,19.66,-62.7,-53.7,0,5.656
21.51,19.68,-62.1,-53.8,0,5.656
21.67,19.70,-59.6,-53.9,0,5.656
21.67,19.72,-63.1,-54.0,0,5.656
21.67,19.74,-56.7,-54.0,0,5.656
21.67,19.76,-56.9,-54.1,0,5.656
21.67,19.78,-57.7,-54.1,0,5.656
21.69,19.80,-59.4,-54.1,0,5.656
21.70,19.82,-58.3,-54.2,0,5.656
21.72,19.84,-56.9,-54.2,0,5.656
21.74,19.86,-56.8,-54.3,0,5.656
21.76,19.88,-60.9,-54.3,0,5.656
21.78,19.90,-61.0,-54.4,0,5.656
21.80,19.92,-59.4,-54.4,0,5.656
21.81,19.94,-60.5,-54.5,0,5.656
21.85,19.96,-58.9,-54.5,0,5.656
21.87,19.98,-56.2,-54.6,0,5.656
21.89,20.00,-54.9,-54.6,0,5.656
21.90,20.02,-57.7,-54.6,0,5.656
21.92,20.04,-62.0,-54.6,0,5.656
21.94,20.06,-61.7,-54.7,0,5.656
21.95,20.08,-61.0,-54.8,0,5.656
21.97,20.10,-61.9,-54.8,0,5.656
21.98,20.12,-60.0,-54.9,0,5.656
22.00,20.14,-59.2,-54.9,0,5.656
22.01,20.16,-56.0,-55.0,0,5.656
22.08,20.18,-56.3,-55.0,0,5.656
22.08,20.20,-60.0,-55.0,0,5.656
22.08,20.22,-61.3,-55.1,0,5.656
22.08,20.24,-63.0,-55.1,0,5.656
22.08,20.26,-54.3,-55.2,0,5.656
22.10,20.28,-58.4,-55.2,0,5.656
22.11,20.30,-60.3,-55.2,0,5.656
22.12,20.32,-59.5,-55.3,0,5.656
22.14,20.34,-60.7,-55.3,0,5.656
22.16,20.36,-56.8,-55.4,0,5.656
22.17,20.38,-57.3,-55.4,0,5.656
22.19,20.40,-57.9,-55.4,0,5.656
22.20,20.42,-62.2,-55.4,0,5.656
22.22,20.44,-60.1,-55.5,0,5.656
22.24,20.46,-59.6,-55.5,0,5.656
22.28,20.48,-56.9,-55.6,0,5.656
22.29,20.50,-61.6,-55.6,0,5.656
22.33,20.52,-55.0,-55.7,0,5.656
22.35,20.54,-57.0,-55.6,0,5.656
22.37,20.56,-61.0,-55.7,0,5.656
22.41,20.58,-57.4,-55.7,0,5.656
22.43,20.60,-61.6,-55.7,0,5.656
22.49,20.62,-58.4,-55.8,0,5.656
22.50,20.64,-59.3,-55.8,0,5.656
22.52,20.66,-57.9,-55.9,0,5.656
22.56,20.68,-59.9,-55.9,0,5.656
22.58,20.70,-60.1,-55.9,0,5.656
22.62,20.72,-57.6,-56.0,0,5.656
22.64,20.74,-56.6,-56.0,0,5.656
22.65,20.76,-58.1,-56.0,0,5.656
22.68,20.78,-56.2,-56.0,0,5.656
22.69,20.80,-62.3,-56.0,0,5.656
22.71,20.82,-59.3,-56.1,0,5.656
22.73,20.84,-61.0,-56.1,0,5.656
22.75,20.86,-58.6,-56.1,0,5.656
22.77,20.88,-59.6,-56.2,0,5.656
22.79,20.90,-58.1,-56.2,0,5.656
22.81,20.92,-61.4,-56.2,0,5.656
22.83,20.94,-59.9,-56.3,0,5.656
22.85,20.96,-59.1,-56.3,0,5.656
22.87,20.98,-59.6,-56.3,0,5.656
22.89,21.00,-57.4,-56.4,0,5.656
22.91,21.02,-61.8,-56.4,0,5.656
22.93,21.04,-56.7,-56.4,0,5.656
22.95,21.06,-58.9,-56.4,0,5.656
22.97,21.08,-59.1,-56.5,0,5.656
22.99,21.10,-60.7,-56.5,0,5.656
23.01,21.12,-59.0,-56.5,0,5.656
23.07,21.14,-61.1,-56.6,0,5.656
23.07,21.16,-60.6,-56.6,0,5.656
23.07,21.18,-59.9,-56.6,0,5.656
23.09,21.20,-60.2,-56.7,0,5.656
23.11,21.22,-60.4,-56.7,0,5.656
23.13,21.24,-58.2,-56.7,0,5.656
23.15,21.26,-59.0,-56.8,0,5.656
23.17,21.28,-59.8,-56.8,0,5.656
23.19,21.30,-59.4,-56.8,0,5.656
23.21,21.32,-61.2,-56.8,0,5.656
23.23,21.34,-63.5,-56.9,0,5.656
23.25,21.36,-60.7,-56.9,0,5.656
23.27,21.38,-59.0,-57.0,0,5.656
23.29,21.40,-59.5,-57.0,0,5.656
23.31,21.42,-58.4,-57.0,0,5.656
23.33,21.44,-56.1,-57.0,0,5.656
23.35,21.46,-55.6,-57.0,0,5.656
23.37,21.48,-56.1,-57.0,0,5.656
23.39,21.50,-59.2,-57.0,0,5.656
23.41,21.52,-54.1,-57.0,0,5.656
23.43,21.54,-55.9,-57.0,0,5.656
23.45,21.56,-59.4,-57.0,0,5.656
23.47,21.58,-59.5,-57.0,0,5.656
23.49,21.60,-59.0,-57.0,0,5.656
23.51,21.62,-57.0,-57.1,0,5.656
23.57,21.64,-60.7,-57.1,0,5.656
23.57,21.66,-60.7,-57.1,0,5.656
23.57,21.68,-60.7,-57.1,0,5.656
23.59,21.70,-58.7,-57.2,0,5.656
23.61,21.72,-58.2,-57.2,0,5.656
23.63,21.74,-58.7,-57.2,0,5.656
23.65,21.76,-56.3,-57.2,0,5.656
23.67,21.78,-60.3,-57.2,0,5.656
23.71,21.80,-59.6,-57.2,0,5.656
23.73,21.82,-59.3,-57.3,0,5.656
23.75,21.84,-63.6,-57.3,0,5.656
23.77,21.86,-61.3,-57.3,0,5.656
23.79,21.88,-63.1,-57.4,0,5.656
23.81,21.90,-57.9,-57.4,0,5.656
23.83,21.92,-59.1,-57.4,0,5.656
23.85,21.94,-59.2,-57.5,0,5.656
23.87,21.96,-54.9,-57.5,0,5.656
23.89,21.98,-54.4,-57.4,0,5.656
23.91,22.00,-59.0,-57.4,0,5.656
23.93,22.02,-57.5,-57.4,0,5.656
23.95,22.04,-59.1,-57.4,0,5.656
23.97,22.06,-58.9,-57.4,0,5.656
23.99,22.08,-60.1,-57.5,0,5.656
24.01,22.10,-62.1,-57.5,0,5.656
24.06,22.12,-59.7,-57.5,0,5.656
24.06,22.14,-61.3,-57.6,0,5.656
24.07,22.16,-60.6,-57.6,0,5.656
24.11,22.18,-56.3,-57.6,0,5.656
24.13,22.20,-58.3,-57.6,0,5.656
24.15,22.22,-58.5,-57.6,0,5.656
24.17,22.24,-63.9,-57.6,0,5.656
24.19,22.26,-60.2,-57.7,0,5.656
24.21,22.28,-57.4,-57.7,0,5.656
24.23,22.30,-57.7,-57.7,0,5.656
24.25,22.32,-59.5,-57.7,0,5.656
24.27,22.34,-56.4,-57.7,0,5.656
24.31,22.36,-58.4,-57.7,0,5.656
24.33,22.38,-59.7,-57.7,0,5.656
24.35,22.40,-62.9,-57.7,0,5.656
24.37,22.42,-59.9,-57.8,0,5.656
24.39,22.44,-60.9,-57.8,0,5.656
24.41,22.46,-58.7,-57.8,0,5.656
24.43,22.48,-63.9,-57.9,0,5.656
24.45,22.50,-60.2,-57.9,0,5.656
24.47,22.52,-59.4,-57.9,0,5.656
24.49,22.54,-59.5,-57.9,0,5.656
24.51,22.56,-61.0,-58.0,0,5.656
24.56,22.58,-61.9,-58.0,0,5.656
24.56,22.60,-61.1,-58.0,0,5.656
24.57,22.62,-60.6,-58.1,0,5.656
24.59,22.64,-58.8,-58.1,0,5.656
24.61,22.66,-56.1,-58.1,0,5.656
24.63,22.68,-57.4,-58.1,0,5.656
24.65,22.70,-58.7,-58.1,0,5.656
24.67,22.72,-56.3,-58.1,0,5.656
24.69,22.74,-57.3,-58.1,0,5.656
24.71,22.76,-55.9,-58.1,0,5.656
24.73,22.78,-59.9,-58.0,0,5.656
24.75,22.80,-55.0,-58.0,0,5.656
24.77,22.82,-54.5,-58.0,0,5.656
24.79,22.84,-58.5,-58.0,0,5.656
24.81,22.86,-58.6,-58.0,0,5.656
24.83,22.88,-58.7,-58.0,0,5.656
24.85,22.90,-62.5,-58.0,0,5.656
24.87,22.92,-59.2,-58.0,0,5.656
24.89,22.94,-58.1,-58.1,0,5.656
24.91,22.96,-57.4,-58.1,0,5.656
24.93,22.98,-56.7,-58.1,0,5.656
24.95,23.00,-60.9,-58.0,0,5.656
24.97,23.02,-58.0,-58.1,0,5.656
24.99,23.04,-61.3,-58.1,0,5.656
25.01,23.06,-61.3,-58.1,0,5.656
25.05,23.08,-59.6,-58.1,0,5.656
25.07,23.10,-63.0,-58.1,0,5.656
25.09,23.12,-59.4,-58.2,0,5.656
25.11,23.14,-57.7,-58.2,0,5.656
25.13,23.16,-58.8,-58.2,0,5.656
25.15,23.18,-58.3,-58.2,0,5.656
25.17,23.20,-58.0,-58.2,0,5.656
25.19,23.22,-55.8,-58.2,0,5.656
25.21,23.24,-59.8,-58.2,0,5.656
25.23,23.26,-59.5,-58.2,0,5.656
25.25,23.28,-59.5,-58.2,0,5.656
25.27,23.30,-58.6,-58.2,0,5.656
25.29,23.32,-57.2,-58.2,0,5.656
25.31,23.34,-60.5,-58.2,0,5.656
25.33,23.36,-61.5,-58.2,0,5.656
25.35,23.38,-60.3,-58.3,0,5.656
25.37,23.40,-61.3,-58.3,0,5.656
25.39,23.42,-60.9,-58.3,0,5.656
25.41,23.44,-59.2,-58.3,0,5.656
25.43,23.46,-59.8,-58.4,0,5.656
25.45,23.48,-62.9,-58.4,0,5.656
25.47,23.50,-61.3,-58.4,0,5.656
25.49,23.52,-59.2,-58.4,0,5.656
25.51,23.54,-58.7,-58.5,0,5.656
25.57,23.56,-58.2,-58.5,0,5.656
25.57,23.58,-56.9,-58.5,0,5.656
25.57,23.60,-59.8,-58.4,0,5.656
25.59,23.62,-61.4,-58.5,0,5.656
25.61,23.64,-58.6,-58.5,0,5.656
25.63,23.66,-57.3,-58.5,0,5.656
25.65,23.68,-60.6,-58.5,0,5.656
25.67,23.70,-55.1,-58.5,0,5.656
25.69,23.72,-58.9,-58.5,0,5.656
25.71,23.74,-56.8,-58.5,0,5.656
25.73,23.76,-56.0,-58.4,0,5.656
25.75,23.78,-56.9,-58.4,0,5.656
25.77,23.80,-58.6,-58.4,0,5.656
25.79,23.82,-55.1,-58.4,0,5.656
25.81,23.84,-60.8,-58.4,0,5.656
25.83,23.86,-57.7,-58.4,0,5.656
25.85,23.88,-56.0,-58.4,0,5.656
25.87,23.90,-55.8,-58.4,0,5.656
25.89,23.92,-60.6,-58.3,0,5.656
25.91,23.94,-59.6,-58.4,0,5.656
25.93,23.96,-58.4,-58.4,0,5.656
25.95,23.98,-58.0,-58.4,0,5.656
25.97,24.00,-61.7,-58.4,0,5.656
25.99,24.02,-60.1,-58.4,0,5.656
26.01,24.04,-61.7,-58.4,0,5.656
26.90,24.06,-59.3,-58.5,0,5.656
26.96,24.08,-58.8,-58.5,0,5.656
26.96,24.10,-57.8,-58.5,0,5.656
26.96,24.12,-55.6,-58.5,0,5.656
26.96,24.14,-59.0,-58.4,0,5.656
26.96,24.16,-59.3,-58.4,0,5.656
26.96,24.18,-59.8,-58.4,0,5.656
26.96,24.20,-60.0,-58.5,0,5.656
26.96,24.22,-58.0,-58.5,0,5.656
26.96,24.24,-61.5,-58.5,0,5.656
26.96,24.26,-55.3,-58.5,0,5.656
26.96,24.28,-59.6,-58.5,0,5.656
26.96,24.30,-57.8,-58.5,0,5.656
26.96,24.32,-58.0,-58.5,0,5.656
26.96,24.34,-59.2,-58.5,0,5.656
26.96,24.36,-58.1,-58.5,0,5.656
26.96,24.38,-60.9,-58.5,0,5.656
26.96,24.40,-58.6,-58.5,0,5.656
26.96,24.42,-58.9,-58.5,0,5.656
26.96,24.44,-58.4,-58.5,0,5.656
26.96,24.46,-59.8,-58.5,0,5.656
26.96,24.48,-59.3,-58.5,0,5.656
26.96,24.50,-58.4,-58.5,0,5.656
26.96,24.52,-57.5,-58.5,0,5.656
26.96,24.54,-58.6,-58.5,0,5.656
26.96,24.56,-56.0,-58.5,0,5.656
26.96,24.58,-58.6,-58.5,0,5.656
26.96,24.60,-55.9,-58.5,0,5.656
26.96,24.62,-54.6,-58.5,0,5.656
26.96,24.64,-52.9,-58.4,0,5.656
26.96,24.66,-54.7,-58.4,0,5.656
26.96,24.68,-54.8,-58.3,0,5.656
26.96,24.70,-56.9,-58.3,0,5.656
26.96,24.72,-55.0,-58.3,0,5.656
26.96,24.74,-54.1,-58.3,0,5.656
26.96,24.76,-53.9,-58.2,0,5.656
26.96,24.78,-54.5,-58.2,0,5.656
26.96,24.80,-54.3,-58.1,0,5.656
26.96,24.82,-52.9,-58.1,0,5.656
26.96,24.84,-53.4,-58.0,0,5.656
26.96,24.86,-53.2,-58.0,0,5.656
26.96,24.88,-51.9,-57.9,0,5.656
26.96,24.90,-50.3,-57.9,0,5.656
26.97,24.92,-51.8,-57.8,0,5.656
26.99,24.94,-49.1,-57.8,0,5.656
27.01,24.96,-49.0,-57.7,0,5.656
27.06,24.98,-50.1,-57.6,0,5.656
27.08,25.00,-48.1,-57.5,0,5.656
27.09,25.02,-49.2,-57.4,0,5.656
27.10,25.04,-52.3,-57.3,0,5.656
27.14,25.06,-49.0,-57.3,0,5.656
27.16,25.08,-49.1,-57.2,0,5.656
27.18,25.10,-50.5,-57.1,0,5.656
27.20,25.12,-48.6,-57.1,0,5.656
27.22,25.14,-51.2,-57.0,0,5.656
27.24,25.16,-52.5,-56.9,0,5.656
27.26,25.18,-51.7,-56.9,0,5.656
27.28,25.20,-49.9,-56.8,0,5.656
27.30,25.22,-50.5,-56.7,0,5.656
27.32,25.24,-48.9,-56.7,0,5.656
27.34,25.26,-45.8,-56.6,0,5.656
27.36,25.28,-48.6,-56.5,0,5.656
27.38,25.30,-50.5,-56.4,0,5.656
27.41,25.32,-51.3,-56.4,0,5.656
27.42,25.34,-47.3,-56.3,0,5.656
27.44,25.36,-52.1,-56.2,0,5.656
27.46,25.38,-52.5,-56.2,0,5.656
27.48,25.40,-50.0,-56.1,0,5.656
27.50,25.42,-48.8,-56.1,0,5.656
27.71,25.44,-50.8,-56.0,0,5.656
27.71,25.46,-49.9,-56.0,0,5.656
27.71,25.48,-51.8,-55.9,0,5.656
27.71,25.50,-51.3,-55.9,0,5.656
27.71,25.52,-52.5,-55.8,0,5.656
27.71,25.54,-52.5,-55.8,0,5.656
27.71,25.56,-57.3,-55.7,0,5.656
27.71,25.58,-54.8,-55.8,0,5.656
27.71,25.60,-54.6,-55.8,0,5.656
27.72,25.62,-52.8,-55.7,0,5.656
27.74,25.64,-52.3,-55.7,0,5.656
27.76,25.66,-50.9,-55.7,0,5.656
27.78,25.68,-53.4,-55.6,0,5.656
27.80,25.70,-53.8,-55.6,0,5.656
27.82,25.72,-55.1,-55.6,0,5.656
27.86,25.74,-53.9,-55.6,0,5.656
27.88,25.76,-56.8,-55.6,0,5.656
27.90,25.78,-54.0,-55.6,0,5.656
27.94,25.80,-53.6,-55.6,0,5.656
27.96,25.82,-55.1,-55.5,0,5.656
27.98,25.84,-53.6,-55.5,0,5.656
28.00,25.86,-51.0,-55.5,0,5.656
28.07,25.88,-51.0,-55.5,0,5.656
28.07,25.90,-51.1,-55.4,0,5.656
28.07,25.92,-51.3,-55.4,0,5.656
28.10,25.94,-48.3,-55.3,0,5.656
28.12,25.96,-47.8,-55.3,0,5.656
28.14,25.98,-49.1,-55.2,0,5.656
28.20,26.00,-51.6,-55.1,0,5.656
28.21,26.02,-52.7,-55.1,0,5.656
28.23,26.04,-53.4,-55.1,0,5.656
28.25,26.06,-54.3,-55.1,0,5.656
28.27,26.08,-51.9,-55.1,0,5.656
28.29,26.10,-51.6,-55.0,0,5.656
28.31,26.12,-47.8,-55.0,0,5.656
28.33,26.14,-52.7,-54.9,0,5.656
28.35,26.16,-54.3,-54.9,0,5.656
28.37,26.18,-54.7,-54.9,0,5.656
28.39,26.20,-52.7,-54.9,0,5.656
28.41,26.22,-52.9,-54.9,0,5.656
28.43,26.24,-56.2,-54.8,0,5.656
28.45,26.26,-53.2,-54.9,0,5.656
28.47,26.28,-54.6,-54.8,0,5.656
28.49,26.30,-52.5,-54.8,0,5.656
28.51,26.32,-53.8,-54.8,0,5.656
28.55,26.34,-50.7,-54.8,0,5.656
28.55,26.36,-50.5,-54.8,0,5.656
28.57,26.38,-53.0,-54.7,0,5.656
28.59,26.40,-51.5,-54.7,0,5.656
28.61,26.42,-47.0,-54.7,0,5.656
28.63,26.44,-49.8,-54.6,0,5.656
28.65,26.46,-54.4,-54.6,0,5.656
28.67,26.48,-53.3,-54.6,0,5.656
28.69,26.50,-55.8,-54.5,0,5.656
28.71,26.52,-52.8,-54.6,0,5.656
28.73,26.54,-51.6,-54.5,0,5.656
28.75,26.56,-51.7,-54.5,0,5.656
28.77,26.58,-50.3,-54.5,0,5.656
28.79,26.60,-54.2,-54.4,0,5.656
28.81,26.62,-51.4,-54.4,0,5.656
28.83,26.64,-55.5,-54.4,0,5.656
28.85,26.66,-54.5,-54.4,0,5.656
28.87,26.68,-55.9,-54.4,0,5.656
28.89,26.70,-50.8,-54.4,0,5.656
28.91,26.72,-47.4,-54.4,0,5.656
28.93,26.74,-49.8,-54.3,0,5.656
28.95,26.76,-57.0,-54.3,0,5.656
28.97,26.78,-52.4,-54.3,0,5.656
28.99,26.80,-55.3,-54.3,0,5.656
29.01,26.82,-55.1,-54.3,0,5.656
29.06,26.84,-53.2,-54.3,0,5.656
29.08,26.86,-52.6,-54.3,0,5.656
29.09,26.88,-56.7,-54.3,0,5.656
29.11,26.90,-55.3,-54.3,0,5.656
29.13,26.92,-55.3,-54.3,0,5.656
29.15,26.94,-52.2,-54.3,0,5.656
29.17,26.96,-54.0,-54.3,0,5.656
29.19,26.98,-52.6,-54.3,0,5.656
29.21,27.00,-58.1,-54.3,0,5.656
29.23,27.02,-53.2,-54.3,0,5.656
29.25,27.04,-47.9,-54.3,0,5.656
29.27,27.06,-50.5,-54.2,0,5.656
29.29,27.08,-50.9,-54.2,0,5.656
29.31,27.10,-53.8,-54.2,0,5.656
29.33,27.12,-54.8,-54.2,0,5.656
29.35,27.14,-52.5,-54.2,0,5.656
29.37,27.16,-50.4,-54.2,0,5.656
29.39,27.18,-53.2,-54.1,0,5.656
29.41,27.20,-54.0,-54.1,0,5.656
29.43,27.22,-52.2,-54.1,0,5.656
29.47,27.24,-52.9,-54.1,0,5.656
29.49,27.26,-56.5,-54.1,0,5.656
29.51,27.28,-54.4,-54.1,0,5.656
29.55,27.30,-54.2,-54.1,0,5.656
29.55,27.32,-51.5,-54.1,0,5.656
29.57,27.34,-52.0,-54.1,0,5.656
29.59,27.36,-54.2,-54.1,0,5.656
29.61,27.38,-49.0,-54.1,0,5.656
29.63,27.40,-52.2,-54.0,0,5.656
29.65,27.42,-53.6,-54.0,0,5.656
29.67,27.44,-56.5,-54.0,0,5.656
29.69,27.46,-53.5,-54.0,0,5.656
29.71,27.48,-54.2,-54.0,0,5.656
29.73,27.50,-51.3,-54.0,0,5.656
29.75,27.52,-56.0,-54.0,0,5.656
29.77,27.54,-55.2,-54.0,0,5.656
29.79,27.56,-52.7,-54.0,0,5.656
29.81,27.58,-56.0,-54.0,0,5.656
29.83,27.60,-53.2,-54.0,0,5.656
29.85,27.62,-54.0,-54.0,0,5.656
29.87,27.64,-54.1,-54.0,0,5.656
29.89,27.66,-51.5,-54.0,0,5.656
29.91,27.68,-52.2,-54.0,0,5.656
29.95,27.70,-52.2,-54.0,0,5.656
29.97,27.72,-52.6,-54.0,0,5.656
29.99,27.74,-55.3,-53.9,0,5.656
30.01,27.76,-54.0,-54.0,0,5.656
30.21,27.78,-51.2,-54.0,0,5.656
30.21,27.80,-56.3,-53.9,0,5.656
30.21,27.82,-53.3,-54.0,0,5.656
30.21,27.84,-53.0,-53.9,0,5.656
30.21,27.86,-54.7,-53.9,0,5.656
30.21,27.88,-54.8,-53.9,0,5.656
30.21,27.90,-55.5,-54.0,0,5.656
30.21,27.92,-49.0,-54.0,0,5.656
30.21,27.94,-52.3,-53.9,0,5.656
30.21,27.96,-52.0,-53.9,0,5.656
30.23,27.98,-51.7,-53.9,0,5.656
30.25,28.00,-51.9,-53.9,0,5.656
30.27,28.02,-54.0,-53.8,0,5.656
30.29,28.04,-55.6,-53.8,0,5.656
30.31,28.06,-53.0,-53.9,0,5.656
30.35,28.08,-48.2,-53.9,0,5.656
30.37,28.10,-49.1,-53.8,0,5.656
30.39,28.12,-48.8,-53.8,0,5.656
30.41,28.14,-47.3,-53.7,0,5.656
30.43,28.16,-50.9,-53.6,0,5.656
30.45,28.18,-49.6,-53.6,0,5.656
30.47,28.20,-52.4,-53.6,0,5.656
30.49,28.22,-54.9,-53.6,0,5.656
30.51,28.24,-57.0,-53.6,0,5.656
30.56,28.26,-56.4,-53.6,0,5.656
30.56,28.28,-55.8,-53.6,0,5.656
30.59,28.30,-56.5,-53.7,0,5.656
30.61,28.32,-52.9,-53.7,0,5.656
30.63,28.34,-57.0,-53.7,0,5.656
30.67,28.36,-55.1,-53.7,0,5.656
30.69,28.38,-54.4,-53.7,0,5.656
30.71,28.40,-56.0,-53.7,0,5.656
30.73,28.42,-60.2,-53.8,0,5.656
30.75,28.44,-61.3,-53.8,0,5.656
30.77,28.46,-60.6,-53.9,0,5.656
30.79,28.48,-59.2,-54.0,0,5.656
30.81,28.50,-56.7,-54.0,0,5.656
30.83,28.52,-56.6,-54.0,0,5.656
30.85,28.54,-56.3,-54.1,0,5.656
30.87,28.56,-55.6,-54.1,0,5.656
30.89,28.58,-59.6,-54.1,0,5.656
30.91,28.60,-56.7,-54.2,0,5.656
30.93,28.62,-55.5,-54.2,0,5.656
30.95,28.64,-57.8,-54.2,0,5.656
30.97,28.66,-58.7,-54.2,0,5.656
30.99,28.68,-56.2,-54.3,0,5.656
31.01,28.70,-57.0,-54.3,0,5.656
31.08,28.72,-59.0,-54.3,0,5.656
31.08,28.74,-54.3,-54.4,0,5.656
31.09,28.76,-57.7,-54.4,0,5.656
31.11,28.78,-54.1,-54.4,0,5.656
31.13,28.80,-53.0,-54.4,0,5.656
31.15,28.82,-53.5,-54.4,0,5.656
31.17,28.84,-56.8,-54.4,0,5.656
31.19,28.86,-55.7,-54.4,0,5.656
31.21,28.88,-56.3,-54.4,0,5.656
31.23,28.90,-54.6,-54.4,0,5.656
31.25,28.92,-56.6,-54.4,0,5.656
31.27,28.94,-54.1,-54.5,0,5.656
31.29,28.96,-52.5,-54.4,0,5.656
31.31,28.98,-53.1,-54.4,0,5.656
31.33,29.00,-55.0,-54.4,0,5.656
31.35,29.02,-55.2,-54.4,0,5.656
31.37,29.04,-55.9,-54.4,0,5.656
31.39,29.06,-54.2,-54.4,0,5.656
31.41,29.08,-58.6,-54.4,0,5.656
31.43,29.10,-56.2,-54.5,0,5.656
31.45,29.12,-54.4,-54.5,0,5.656
31.47,29.14,-57.5,-54.5,0,5.656
31.49,29.16,-58.6,-54.5,0,5.656
31.51,29.18,-62.5,-54.6,0,5.656
31.55,29.20,-58.2,-54.6,0,5.656
31.55,29.22,-57.6,-54.7,0,5.656
31.57,29.24,-60.6,-54.7,0,5.656
31.61,29.26,-57.0,-54.8,0,5.656
31.63,29.28,-58.7,-54.8,0,5.656
31.65,29.30,-54.0,-54.8,0,5.656
31.67,29.32,-52.6,-54.8,0,5.656
31.69,29.34,-56.2,-54.8,0,5.656
31.71,29.36,-56.5,-54.8,0,5.656
31.73,29.38,-61.4,-54.8,0,5.656
31.75,29.40,-58.1,-54.9,0,5.656
31.77,29.42,-57.9,-54.9,0,5.656
31.79,29.44,-59.0,-55.0,0,5.656
31.81,29.46,-57.6,-55.0,0,5.656
31.83,29.48,-57.3,-55.0,0,5.656
31.85,29.50,-58.7,-55.0,0,5.656
31.87,29.52,-56.8,-55.1,0,5.656
31.89,29.54,-58.4,-55.1,0,5.656
31.91,29.56,-58.2,-55.1,0,5.656
31.93,29.58,-60.8,-55.2,0,5.656
31.95,29.60,-59.4,-55.2,0,5.656
31.97,29.62,-57.2,-55.3,0,5.656
31.99,29.64,-54.6,-55.3,0,5.656
32.01,29.66,-58.7,-55.3,0,5.656
32.08,29.68,-59.2,-55.3,0,5.656
32.08,29.70,-58.8,-55.3,0,5.656
32.08,29.72,-55.0,-55.4,0,5.656
32.09,29.74,-54.1,-55.4,0,5.656
32.11,29.76,-56.7,-55.4,0,5.656
32.13,29.78,-59.6,-55.4,0,5.656
32.15,29.80,-58.0,-55.4,0,5.656
32.17,29.82,-57.2,-55.4,0,5.656
32.19,29.84,-56.6,-55.5,0,5.656
32.21,29.86,-56.9,-55.5,0,5.656
32.23,29.88,-58.0,-55.5,0,5.656
32.25,29.90,-57.9,-55.5,0,5.656
32.27,29.92,-55.4,-55.5,0,5.656
32.29,29.94,-55.6,-55.5,0,5.656
32.31,29.96,-55.1,-55.5,0,5.656
32.33,29.98,-50.6,-55.5,0,5.656
32.35,30.00,-49.7,-55.5,0,5.656
32.37,30.02,-51.9,-55.4,0,5.656
32.39,30.04,-53.2,-55.4,0,5.656
32.41,30.06,-54.7,-55.4,0,5.656
32.43,30.08,-54.8,-55.4,0,5.656
32.45,30.10,-55.8,-55.4,0,5.656
32.47,30.12,-54.5,-55.4,0,5.656
32.51,30.14,-54.3,-55.4,0,5.656
32.55,30.16,-54.5,-55.3,0,5.656
32.55,30.18,-53.8,-55.3,0,5.656
32.57,30.20,-52.3,-55.3,0,5.656
32.59,30.22,-53.4,-55.3,0,5.656
32.61,30.24,-54.5,-55.3,0,5.656
32.63,30.26,-54.8,-55.3,0,5.656
32.65,30.28,-54.3,-55.3,0,5.656
32.67,30.30,-52.0,-55.2,0,5.656
32.69,30.32,-53.6,-55.2,0,5.656
32.71,30.34,-55.0,-55.2,0,5.656
32.73,30.36,-57.5,-55.2,0,5.656
32.75,30.38,-54.2,-55.2,0,5.656
32.77,30.40,-54.9,-55.2,0,5.656
32.81,30.42,-53.0,-55.2,0,5.656
32.83,30.44,-54.0,-55.2,0,5.656
32.85,30.46,-50.2,-55.2,0,5.656
32.87,30.48,-50.4,-55.1,0,5.656
32.89,30.50,-50.6,-55.1,0,5.656
32.91,30.52,-48.5,-55.0,0,5.656
32.93,30.54,-45.5,-55.0,0,5.656
32.97,30.56,-46.6,-54.9,0,5.656
32.99,30.58,-47.0,-54.8,0,5.656
33.01,30.60,-46.8,-54.7,0,5.656
33.07,30.62,-44.9,-54.6,0,5.656
33.07,30.64,-44.4,-54.5,0,5.656
33.09,30.66,-45.2,-54.4,0,5.656
33.11,30.68,-41.6,-54.3,0,5.656
33.17,30.70,-41.4,-54.2,0,5.656
33.18,30.72,-41.4,-54.1,0,5.656
33.20,30.74,-42.5,-54.0,0,5.656
33.22,30.76,-43.4,-53.8,0,5.656
33.24,30.78,-45.0,-53.7,0,5.656
33.26,30.80,-43.7,-53.7,0,5.656
33.28,30.82,-41.8,-53.6,0,5.656
33.30,30.84,-41.8,-53.4,0,5.656
33.32,30.86,-42.0,-53.3,0,5.656
33.34,30.88,-45.4,-53.2,0,5.656
33.36,30.90,-44.0,-53.1,0,5.656
33.38,30.92,-48.9,-53.0,0,5.656
33.40,30.94,-22.8,-53.0,1,5.656
33.42,30.96,-18.1,-52.7,0,5.656
33.44,30.98,-23.2,-52.4,0,5.656
33.46,31.00,-27.9,-52.1,0,5.656
33.48,31.02,-30.8,-51.8,0,5.656
33.50,31.04,-34.5,-51.6,0,5.656
33.52,31.06,-36.8,-51.4,0,5.656
33.57,31.08,-39.9,-51.3,0,5.656
33.57,31.10,-42.7,-51.2,0,5.656
33.58,31.12,-46.2,-51.1,0,5.656
33.59,31.14,-47.0,-51.1,0,5.656
33.61,31.16,-47.3,-51.0,0,5.656
33.63,31.18,-46.5,-51.0,0,5.656
33.65,31.20,-47.5,-50.9,0,5.656
33.67,31.22,-48.8,-50.9,0,5.656
33.69,31.24,-48.1,-50.9,0,5.656
33.71,31.26,-49.4,-50.9,0,5.656
33.73,31.28,-50.1,-50.8,0,5.656
33.75,31.30,-50.9,-50.8,0,5.656
33.77,31.32,-52.5,-50.8,0,5.656
33.79,31.34,-50.1,-50.8,0,5.656
33.81,31.36,-51.6,-50.8,0,5.656
33.83,31.38,-50.1,-50.8,0,5.656
33.85,31.40,-50.4,-50.8,0,5.656
33.87,31.42,-52.5,-50.8,0,5.656
33.89,31.44,-53.7,-50.8,0,5.656
33.91,31.46,-53.3,-50.9,0,5.656
33.93,31.48,-50.5,-50.9,0,5.656
33.95,31.50,-49.8,-50.9,0,5.656
33.97,31.52,-48.8,-50.9,0,5.656
33.99,31.54,-48.7,-50.9,0,5.656
34.01,31.56,-49.2,-50.8,0,5.656
34.06,31.58,-49.1,-50.8,0,5.656
34.06,31.60,-46.4,-50.8,0,5.656
34.07,31.62,-45.3,-50.8,0,5.656
34.09,31.64,-45.6,-50.7,0,5.656
34.11,31.66,-47.4,-50.7,0,5.656
34.13,31.68,-50.9,-50.6,0,5.656
34.15,31.70,-51.3,-50.6,0,5.656
34.17,31.72,-50.7,-50.6,0,5.656
34.19,31.74,-52.7,-50.6,0,5.656
34.21,31.76,-51.8,-50.7,0,5.656
34.23,31.78,-52.5,-50.7,0,5.656
34.25,31.80,-53.0,-50.7,0,5.656
34.27,31.82,-52.7,-50.7,0,5.656
34.29,31.84,-52.6,-50.7,0,5.656
34.31,31.86,-53.6,-50.8,0,5.656
34.33,31.88,-54.9,-50.8,0,5.656
34.35,31.90,-54.3,-50.8,0,5.656
34.37,31.92,-56.0,-50.9,0,5.656
34.39,31.94,-56.4,-50.9,0,5.656
34.41,31.96,-57.2,-51.0,0,5.656
34.43,31.98,-57.4,-51.0,0,5.656
34.45,32.00,-57.4,-51.1,0,5.656
34.47,32.02,-55.6,-51.2,0,5.656
34.49,32.04,-57.2,-51.2,0,5.656
34.51,32.06,-58.8,-51.3,0,5.656
34.71,32.08,-58.3,-51.3,0,5.656
34.71,32.10,-55.5,-51.4,0,5.656
34.71,32.12,-54.8,-51.4,0,5.656
34.71,32.14,-56.3,-51.5,0,5.656
34.71,32.16,-56.2,-51.5,0,5.656
34.71,32.18,-59.7,-51.6,0,5.656
34.71,32.20,-59.7,-51.6,0,5.656
34.71,32.22,-57.9,-51.7,0,5.656
34.71,32.24,-57.1,-51.8,0,5.656
34.71,32.26,-58.4,-51.8,0,5.656
34.73,32.28,-56.2,-51.9,0,5.656
34.75,32.30,-60.2,-51.9,0,5.656
34.77,32.32,-61.9,-52.0,0,5.656
34.79,32.34,-61.6,-52.1,0,5.656
34.81,32.36,-60.3,-52.2,0,5.656
34.83,32.38,-61.9,-52.3,0,5.656
34.85,32.40,-60.7,-52.4,0,5.656
34.87,32.42,-61.5,-52.5,0,5.656
34.89,32.44,-60.0,-52.6,0,5.656
34.91,32.46,-60.5,-52.6,0,5.656
34.93,32.48,-61.0,-52.7,0,5.656
34.95,32.50,-64.3,-52.8,0,5.656
34.97,32.52,-63.3,-52.9,0,5.656
34.99,32.54,-62.4,-53.0,0,5.656
35.01,32.56,-62.8,-53.1,0,5.656
35.05,32.58,-62.6,-53.2,0,5.656
35.05,32.60,-63.8,-53.3,0,5.656
35.07,32.62,-63.1,-53.4,0,5.656
35.09,32.64,-63.3,-53.5,0,5.656
35.11,32.66,-64.0,-53.6,0,5.656
35.13,32.68,-64.2,-53.7,0,5.656
35.15,32.70,-61.3,-53.8,0,5.656
35.19,32.72,-63.0,-53.9,0,5.656
35.21,32.74,-61.6,-54.0,0,5.656
35.23,32.76,-63.9,-54.1,0,5.656
35.25,32.78,-63.7,-54.2,0,5.656
35.27,32.80,-62.2,-54.2,0,5.656
35.29,32.82,-61.3,-54.3,0,5.656
35.31,32.84,-63.7,-54.4,0,5.656
35.33,32.86,-63.8,-54.5,0,5.656
35.35,32.88,-63.2,-54.6,0,5.656
35.37,32.90,-62.6,-54.7,0,5.656
35.39,32.92,-62.9,-54.7,0,5.656
35.41,32.94,-62.9,-54.8,0,5.656
35.43,32.96,-63.9,-54.9,0,5.656
35.47,32.98,-67.0,-55.0,0,5.656
35.49,33.00,-63.2,-55.1,0,5.656
35.51,33.02,-61.4,-55.2,0,5.656
35.56,33.04,-60.4,-55.3,0,5.656
35.56,33.06,-63.7,-55.3,0,5.656
35.57,33.08,-62.6,-55.4,0,5.656
35.59,33.10,-64.9,-55.5,0,5.656
35.61,33.12,-62.0,-55.6,0,5.656
35.63,33.14,-57.7,-55.6,0,5.656
35.65,33.16,-63.6,-55.6,0,5.656
35.67,33.18,-61.8,-55.7,0,5.656
35.69,33.20,-62.5,-55.8,0,5.656
35.71,33.22,-64.1,-55.9,0,5.656
35.73,33.24,-65.9,-55.9,0,5.656
35.75,33.26,-63.5,-56.0,0,5.656
35.77,33.28,-66.0,-56.1,0,5.656
35.79,33.30,-62.9,-56.2,0,5.656
35.81,33.32,-65.5,-56.3,0,5.656
35.83,33.34,-63.6,-56.4,0,5.656
35.85,33.36,-63.1,-56.4,0,5.656
35.87,33.38,-61.6,-56.5,0,5.656
35.89,33.40,-61.6,-56.6,0,5.656
35.91,33.42,-63.8,-56.6,0,5.656
35.93,33.44,-65.1,-56.7,0,5.656
35.95,33.46,-61.9,-56.8,0,5.656
35.97,33.48,-64.6,-56.8,0,5.656
35.99,33.50,-64.2,-56.9,0,5.656
36.01,33.52,-64.9,-57.0,0,5.656
36.05,33.54,-64.6,-57.0,0,5.656
36.06,33.56,-64.9,-57.1,0,5.656
36.07,33.58,-63.0,-57.2,0,5.656
36.09,33.60,-64.7,-57.3,0,5.656
36.11,33.62,-63.0,-57.3,0,5.656
36.13,33.64,-63.1,-57.4,0,5.656
36.15,33.66,-63.5,-57.4,0,5.656
36.17,33.68,-62.0,-57.5,0,5.656
36.19,33.70,-60.9,-57.5,0,5.656
36.21,33.72,-62.4,-57.6,0,5.656
36.23,33.74,-61.3,-57.6,0,5.656
36.25,33.76,-60.4,-57.7,0,5.656
36.27,33.78,-65.1,-57.7,0,5.656
36.29,33.80,-62.6,-57.8,0,5.656
36.31,33.82,-63.2,-57.8,0,5.656
36.33,33.84,-60.3,-57.9,0,5.656
36.35,33.86,-65.3,-57.9,0,5.656
36.37,33.88,-62.1,-58.0,0,5.656
36.39,33.90,-62.2,-58.0,0,5.656
36.41,33.92,-63.6,-58.0,0,5.656
36.43,33.94,-63.3,-58.1,0,5.656
36.45,33.96,-64.7,-58.2,0,5.656
36.47,33.98,-62.6,-58.2,0,5.656
36.49,34.00,-60.9,-58.3,0,5.656
36.51,34.02,-65.3,-58.3,0,5.656
36.56,34.04,-65.8,-58.4,0,5.656
36.56,34.06,-62.9,-58.4,0,5.656
36.59,34.08,-62.0,-58.5,0,5.656
36.61,34.10,-62.7,-58.5,0,5.656
36.63,34.12,-63.2,-58.6,0,5.656
36.65,34.14,-60.4,-58.6,0,5.656
36.67,34.16,-60.8,-58.6,0,5.656
36.69,34.18,-59.3,-58.6,0,5.656
36.71,34.20,-58.0,-58.6,0,5.656
36.73,34.22,-57.9,-58.6,0,5.656
36.75,34.24,-57.9,-58.6,0,5.656
36.77,34.26,-56.6,-58.6,0,5.656
36.79,34.28,-57.4,-58.6,0,5.656
36.81,34.30,-55.3,-58.6,0,5.656
36.83,34.32,-54.1,-58.6,0,5.656
36.85,34.34,-56.7,-58.5,0,5.656
36.87,34.36,-54.9,-58.5,0,5.656
36.89,34.38,-54.8,-58.5,0,5.656
36.91,34.40,-53.5,-58.4,0,5.656
36.93,34.42,-52.0,-58.4,0,5.656
36.95,34.44,-51.6,-58.3,0,5.656
36.97,34.46,-50.0,-58.2,0,5.656
36.99,34.48,-51.8,-58.2,0,5.656
37.01,34.50,-50.0,-58.1,0,5.656
37.05,34.52,-50.0,-58.0,0,5.656
37.05,34.54,-49.3,-57.9,0,5.656
37.07,34.56,-50.7,-57.9,0,5.656
37.09,34.58,-51.6,-57.8,0,5.656
37.11,34.60,-50.2,-57.7,0,5.656
37.13,34.62,-49.4,-57.6,0,5.656
37.15,34.64,-49.3,-57.6,0,5.656
37.17,34.66,-50.5,-57.5,0,5.656
37.19,34.68,-51.9,-57.4,0,5.656
37.21,34.70,-52.5,-57.4,0,5.656
37.23,34.72,-50.9,-57.3,0,5.656
37.25,34.74,-49.9,-57.2,0,5.656
37.27,34.76,-50.5,-57.2,0,5.656
37.29,34.78,-48.5,-57.1,0,5.656
37.31,34.80,-47.7,-57.0,0,5.656
37.33,34.82,-47.2,-56.9,0,5.656
37.35,34.84,-49.7,-56.8,0,5.656
37.37,34.86,-54.0,-56.8,0,5.656
37.39,34.88,-54.7,-56.7,0,5.656
37.41,34.90,-54.6,-56.7,0,5.656
37.43,34.92,-51.4,-56.7,0,5.656
37.45,34.94,-52.5,-56.6,0,5.656
37.47,34.96,-52.9,-56.6,0,5.656
37.49,34.98,-52.3,-56.6,0,5.656
37.51,35.00,-52.1,-56.5,0,5.656
37.55,35.02,-51.8,-56.5,0,5.656
37.55,35.04,-52.2,-56.4,0,5.656
37.57,35.06,-55.2,-56.4,0,5.656
37.59,35.08,-54.8,-56.4,0,5.656
37.61,35.10,-57.8,-56.4,0,5.656
37.63,35.12,-55.5,-56.4,0,5.656
37.65,35.14,-51.9,-56.4,0,5.656
37.67,35.16,-53.7,-56.3,0,5.656
37.69,35.18,-53.0,-56.3,0,5.656
37.71,35.20,-54.3,-56.3,0,5.656
37.73,35.22,-53.8,-56.2,0,5.656
37.75,35.24,-57.4,-56.2,0,5.656
37.77,35.26,-58.3,-56.2,0,5.656
37.79,35.28,-58.8,-56.2,0,5.656
37.81,35.30,-55.1,-56.3,0,5.656
37.83,35.32,-57.9,-56.3,0,5.656
37.85,35.34,-57.2,-56.3,0,5.656
37.87,35.36,-58.4,-56.3,0,5.656
37.89,35.38,-57.5,-56.3,0,5.656
37.91,35.40,-56.5,-56.3,0,5.656
37.93,35.42,-54.3,-56.3,0,5.656
37.95,35.44,-56.8,-56.3,0,5.656
37.97,35.46,-54.8,-56.3,0,5.656
37.99,35.48,-55.0,-56.3,0,5.656
38.01,35.50,-53.1,-56.3,0,5.656
38.05,35.52,-51.8,-56.2,0,5.656
38.05,35.54,-50.5,-56.2,0,5.656
38.07,35.56,-49.1,-56.1,0,5.656
38.09,35.58,-50.0,-56.1,0,5.656
38.11,35.60,-52.2,-56.0,0,5.656
38.13,35.62,-55.0,-56.0,0,5.656
38.15,35.64,-57.0,-56.0,0,5.656
38.17,35.66,-56.4,-56.0,0,5.656
38.19,35.68,-57.0,-56.0,0,5.656
38.21,35.70,-58.6,-56.0,0,5.656
38.23,35.72,-56.6,-56.0,0,5.656
38.25,35.74,-57.7,-56.0,0,5.656
38.27,35.76,-59.0,-56.0,0,5.656
38.29,35.78,-58.6,-56.1,0,5.656
38.31,35.80,-58.7,-56.1,0,5.656
38.33,35.82,-57.3,-56.1,0,5.656
38.35,35.84,-56.5,-56.1,0,5.656
38.37,35.86,-58.0,-56.1,0,5.656
38.39,35.88,-58.9,-56.2,0,5.656
38.41,35.90,-58.1,-56.2,0,5.656
38.43,35.92,-57.7,-56.2,0,5.656
38.45,35.94,-61.0,-56.2,0,5.656
38.47,35.96,-60.7,-56.3,0,5.656
38.49,35.98,-61.3,-56.3,0,5.656
38.51,36.00,-60.4,-56.4,0,5.656
38.56,36.02,-58.7,-56.4,0,5.656
38.56,36.04,-60.7,-56.4,0,5.656
38.57,36.06,-60.7,-56.5,0,5.656
38.59,36.08,-59.3,-56.5,0,5.656
38.61,36.10,-60.4,-56.5,0,5.656
38.63,36.12,-57.3,-56.6,0,5.656
38.65,36.14,-56.4,-56.6,0,5.656
38.67,36.16,-54.9,-56.6,0,5.656
38.69,36.18,-53.7,-56.6,0,5.656
38.71,36.20,-52.6,-56.5,0,5.656
38.73,36.22,-55.0,-56.5,0,5.656
38.75,36.24,-55.2,-56.5,0,5.656
38.77,36.26,-55.0,-56.5,0,5.656
38.79,36.28,-57.5,-56.5,0,5.656
38.81,36.30,-57.5,-56.5,0,5.656
38.83,36.32,-58.3,-56.5,0,5.656
38.85,36.34,-59.3,-56.5,0,5.656
38.87,36.36,-59.4,-56.5,0,5.656
38.89,36.38,-57.0,-56.5,0,5.656
38.91,36.40,-58.4,-56.6,0,5.656
38.93,36.42,-58.9,-56.6,0,5.656
38.95,36.44,-58.2,-56.6,0,5.656
38.97,36.46,-58.2,-56.6,0,5.656
38.99,36.48,-59.2,-56.6,0,5.656
39.01,36.50,-57.9,-56.7,0,5.656
39.05,36.52,-57.7,-56.7,0,5.656
39.05,36.54,-57.1,-56.7,0,5.656
39.07,36.56,-54.9,-56.7,0,5.656
39.09,36.58,-56.6,-56.7,0,5.656
39.11,36.60,-56.3,-56.7,0,5.656
39.13,36.62,-55.0,-56.7,0,5.656
39.15,36.64,-56.6,-56.6,0,5.656
39.17,36.66,-54.8,-56.6,0,5.656
39.19,36.68,-55.9,-56.6,0,5.656
39.21,36.70,-55.9,-56.6,0,5.656
39.23,36.72,-57.5,-56.6,0,5.656
39.25,36.74,-56.3,-56.6,0,5.656
39.27,36.76,-55.3,-56.6,0,5.656
39.29,36.78,-55.8,-56.6,0,5.656
39.31,36.80,-57.7,-56.6,0,5.656
39.33,36.82,-57.7,-56.6,0,5.656
39.35,36.84,-55.1,-56.6,0,5.656
39.37,36.86,-56.0,-56.6,0,5.656
39.39,36.88,-56.5,-56.6,0,5.656
39.41,36.90,-56.6,-56.6,0,5.656
39.43,36.92,-58.7,-56.6,0,5.656
39.45,36.94,-55.4,-56.6,0,5.656
39.47,36.96,-54.9,-56.6,0,5.656
39.49,36.98,-56.7,-56.6,0,5.656
39.51,37.00,-56.0,-56.6,0,5.656
39.56,37.02,-57.4,-56.6,0,5.656
39.56,37.04,-53.7,-56.6,0,5.656
39.57,37.06,-55.9,-56.6,0,5.656
39.59,37.08,-56.9,-56.6,0,5.656
39.61,37.10,-57.4,-56.6,0,5.656
39.63,37.12,-55.5,-56.6,0,5.656
39.65,37.14,-56.2,-56.6,0,5.656
39.67,37.16,-55.7,-56.6,0,5.656
39.69,37.18,-54.9,-56.5,0,5.656
39.71,37.20,-55.5,-56.5,0,5.656
39.73,37.22,-53.8,-56.5,0,5.656
39.75,37.24,-55.1,-56.5,0,5.656
39.77,37.26,-53.0,-56.5,0,5.656
39.79,37.28,-57.6,-56.4,0,5.656
39.81,37.30,-55.6,-56.5,0,5.656
39.83,37.32,-58.4,-56.4,0,5.656
39.85,37.34,-56.9,-56.5,0,5.656
39.87,37.36,-56.1,-56.5,0,5.656
39.89,37.38,-56.7,-56.5,0,5.656
39.91,37.40,-56.5,-56.5,0,5.656
39.93,37.42,-57.6,-56.5,0,5.656
39.95,37.44,-54.7,-56.5,0,5.656
39.97,37.46,-54.8,-56.5,0,5.656
39.99,37.48,-54.9,-56.4,0,5.656
40.01,37.50,-56.6,-56.4,0,5.656
40.05,37.52,-56.8,-56.4,0,5.656
40.05,37.54,-54.3,-56.4,0,5.656
40.07,37.56,-55.3,-56.4,0,5.656
40.09,37.58,-55.1,-56.4,0,5.656
40.11,37.60,-54.4,-56.4,0,5.656
40.13,37.62,-55.1,-56.4,0,5.656
40.15,37.64,-54.4,-56.4,0,5.656
40.19,37.66,-56.5,-56.3,0,5.656
40.21,37.68,-54.9,-56.3,0,5.656
40.23,37.70,-53.6,-56.3,0,5.656
40.25,37.72,-54.7,-56.3,0,5.656
40.27,37.74,-54.9,-56.3,0,5.656
40.29,37.76,-54.4,-56.3,0,5.656
40.31,37.78,-54.6,-56.2,0,5.656
40.33,37.80,-55.1,-56.2,0,5.656
40.35,37.82,-56.1,-56.2,0,5.656
40.37,37.84,-55.2,-56.2,0,5.656
40.39,37.86,-55.2,-56.2,0,5.656
40.41,37.88,-55.0,-56.2,0,5.656
40.43,37.90,-53.2,-56.2,0,5.656
40.45,37.92,-54.3,-56.2,0,5.656
40.47,37.94,-54.1,-56.1,0,5.656
40.49,37.96,-55.2,-56.1,0,5.656
40.51,37.98,-54.8,-56.1,0,5.656
40.56,38.00,-54.6,-56.1,0,5.656
40.56,38.02,-55.2,-56.1,0,5.656
40.57,38.04,-55.8,-56.1,0,5.656
40.59,38.06,-53.9,-56.1,0,5.656
40.61,38.08,-52.7,-56.0,0,5.656
40.63,38.10,-53.9,-56.0,0,5.656
40.65,38.12,-53.5,-56.0,0,5.656
40.67,38.14,-53.1,-56.0,0,5.656
40.69,38.16,-54.1,-55.9,0,5.656
40.71,38.18,-58.5,-55.9,0,5.656
40.73,38.20,-54.5,-55.9,0,5.656
40.75,38.22,-55.1,-55.9,0,5.656
40.77,38.24,-55.3,-55.9,0,5.656
40.79,38.26,-56.9,-55.9,0,5.656
40.81,38.28,-53.3,-55.9,0,5.656
40.83,38.30,-56.2,-55.9,0,5.656
40.85,38.32,-55.0,-55.9,0,5.656
40.87,38.34,-55.1,-55.9,0,5.656
40.89,38.36,-54.9,-55.9,0,5.656
40.91,38.38,-53.4,-55.9,0,5.656
40.93,38.40,-56.0,-55.9,0,5.656
40.95,38.42,-55.6,-55.9,0,5.656
40.97,38.44,-55.2,-55.9,0,5.656
40.99,38.46,-54.0,-55.8,0,5.656
41.01,38.48,-55.4,-55.8,0,5.656
41.05,38.50,-56.4,-55.8,0,5.656
41.05,38.52,-55.0,-55.8,0,5.656
41.07,38.54,-54.1,-55.8,0,5.656
41.09,38.56,-53.9,-55.8,0,5.656
41.11,38.58,-54.4,-55.8,0,5.656
41.13,38.60,-53.9,-55.8,0,5.656
41.15,38.62,-55.1,-55.8,0,5.656
41.17,38.64,-53.8,-55.7,0,5.656
41.19,38.66,-54.0,-55.7,0,5.656
41.21,38.68,-54.4,-55.7,0,5.656
41.23,38.70,-54.8,-55.7,0,5.656
41.25,38.72,-55.8,-55.7,0,5.656
41.27,38.74,-54.2,-55.7,0,5.656
41.29,38.76,-55.3,-55.7,0,5.656
41.31,38.78,-53.9,-55.7,0,5.656
41.33,38.80,-54.2,-55.7,0,5.656
41.35,38.82,-54.5,-55.6,0,5.656
41.37,38.84,-54.6,-55.6,0,5.656
41.39,38.86,-53.8,-55.6,0,5.656
41.41,38.88,-54.0,-55.6,0,5.656
41.43,38.90,-54.7,-55.6,0,5.656
41.45,38.92,-55.9,-55.6,0,5.656
41.47,38.94,-56.2,-55.6,0,5.656
41.49,38.96,-53.2,-55.6,0,5.656
41.51,38.98,-53.8,-55.6,0,5.656
41.55,39.00,-53.0,-55.5,0,5.656
41.55,39.02,-53.9,-55.5,0,5.656
41.57,39.04,-55.0,-55.5,0,5.656
41.59,39.06,-53.6,-55.5,0,5.656
41.61,39.08,-53.9,-55.5,0,5.656
41.63,39.10,-53.3,-55.5,0,5.656
41.65,39.12,-53.8,-55.4,0,5.656
41.67,39.14,-53.0,-55.4,0,5.656
41.69,39.16,-53.7,-55.4,0,5.656
41.71,39.18,-54.2,-55.4,0,5.656
41.73,39.20,-53.1,-55.4,0,5.656
41.75,39.22,-55.8,-55.3,0,5.656
41.77,39.24,-54.7,-55.4,0,5.656
41.79,39.26,-54.5,-55.3,0,5.656
41.81,39.28,-53.2,-55.3,0,5.656
41.83,39.30,-55.4,-55.3,0,5.656
41.85,39.32,-53.7,-55.3,0,5.656
41.87,39.34,-53.4,-55.3,0,5.656
41.89,39.36,-54.0,-55.3,0,5.656
41.91,39.38,-54.7,-55.3,0,5.656
41.93,39.40,-54.6,-55.3,0,5.656
41.95,39.42,-55.5,-55.3,0,5.656
41.97,39.44,-54.0,-55.3,0,5.656
41.99,39.46,-54.6,-55.2,0,5.656
42.01,39.48,-55.0,-55.2,0,5.656
42.06,39.50,-55.5,-55.2,0,5.656
42.06,39.52,-53.0,-55.2,0,5.656
42.07,39.54,-54.0,-55.2,0,5.656
42.09,39.56,-54.4,-55.2,0,5.656
42.11,39.58,-54.6,-55.2,0,5.656
42.13,39.60,-52.6,-55.2,0,5.656
42.15,39.62,-53.0,-55.2,0,5.656
42.19,39.64,-51.6,-55.1,0,5.656
42.21,39.66,-53.7,-55.1,0,5.656
42.23,39.68,-54.0,-55.1,0,5.656
42.25,39.70,-52.6,-55.1,0,5.656
42.27,39.72,-55.6,-55.1,0,5.656
42.29,39.74,-55.0,-55.1,0,5.656
42.31,39.76,-53.7,-55.1,0,5.656
42.33,39.78,-54.3,-55.0,0,5.656
42.35,39.80,-51.3,-55.0,0,5.656
42.37,39.82,-52.2,-55.0,0,5.656
42.39,39.84,-52.3,-55.0,0,5.656
42.43,39.86,-53.6,-55.0,0,5.656
42.45,39.88,-53.2,-54.9,0,5.656
42.47,39.90,-54.8,-54.9,0,5.656
42.49,39.92,-54.3,-54.9,0,5.656
42.51,39.94,-55.2,-54.9,0,5.656
42.55,39.96,-55.1,-54.9,0,5.656
42.55,39.98,-58.6,-54.9,0,5.656
42.57,40.00,-56.2,-55.0,0,5.656
42.59,40.02,-53.0,-55.0,0,5.656
42.61,40.04,-56.9,-54.9,0,5.656
42.63,40.06,-53.2,-55.0,0,5.656
42.65,40.08,-54.1,-54.9,0,5.656
42.67,40.10,-51.8,-54.9,0,5.656
42.69,40.12,-51.3,-54.9,0,5.656
42.71,40.14,-50.3,-54.9,0,5.656
42.73,40.16,-49.4,-54.8,0,5.656
42.75,40.18,-50.5,-54.8,0,5.656
42.77,40.20,-50.6,-54.7,0,5.656
42.79,40.22,-51.2,-54.7,0,5.656
42.81,40.24,-50.1,-54.7,0,5.656
42.83,40.26,-49.4,-54.6,0,5.656
42.85,40.28,-51.5,-54.6,0,5.656
42.87,40.30,-50.9,-54.5,0,5.656
42.89,40.32,-52.5,-54.5,0,5.656
42.91,40.34,-49.1,-54.5,0,5.656
42.93,40.36,-54.6,-54.4,0,5.656
42.95,40.38,-53.4,-54.4,0,5.656
42.97,40.40,-49.3,-54.4,0,5.656
42.99,40.42,-50.3,-54.4,0,5.656
43.01,40.44,-50.3,-54.3,0,5.656
43.05,40.46,-51.7,-54.3,0,5.656
43.05,40.48,-51.2,-54.3,0,5.656
43.07,40.50,-51.6,-54.2,0,5.656
43.09,40.52,-51.7,-54.2,0,5.656
43.11,40.54,-53.1,-54.2,0,5.656
43.13,40.56,-52.2,-54.2,0,5.656
43.15,40.58,-51.1,-54.1,0,5.656
43.17,40.60,-50.9,-54.1,0,5.656
43.19,40.62,-54.2,-54.1,0,5.656
43.21,40.64,-49.6,-54.1,0,5.656
43.23,40.66,-53.4,-54.0,0,5.656
43.25,40.68,-52.2,-54.0,0,5.656
43.27,40.70,-50.9,-54.0,0,5.656
43.29,40.72,-51.5,-54.0,0,5.656
43.31,40.74,-51.5,-54.0,0,5.656
43.33,40.76,-44.9,-53.9,0,5.656
43.35,40.78,-47.7,-53.8,0,5.656
43.37,40.80,-48.7,-53.8,0,5.656
43.39,40.82,-48.8,-53.7,0,5.656
43.41,40.84,-48.9,-53.7,0,5.656
43.43,40.86,-50.0,-53.6,0,5.656
43.47,40.88,-48.3,-53.6,0,5.656
43.49,40.90,-50.7,-53.5,0,5.656
43.51,40.92,-52.3,-53.5,0,5.656
43.55,40.94,-55.5,-53.5,0,5.656
43.55,40.96,-54.9,-53.5,0,5.656
43.57,40.98,-55.2,-53.5,0,5.656
43.59,41.00,-53.4,-53.6,0,5.656
43.61,41.02,-54.7,-53.6,0,5.656
43.63,41.04,-55.5,-53.6,0,5.656
43.65,41.06,-53.5,-53.6,0,5.656
43.67,41.08,-50.8,-53.6,0,5.656
43.69,41.10,-51.0,-53.6,0,5.656
43.71,41.12,-52.5,-53.5,0,5.656
43.73,41.14,-52.2,-53.5,0,5.656
43.75,41.16,-50.0,-53.5,0,5.656
43.77,41.18,-48.9,-53.5,0,5.656
43.79,41.20,-50.5,-53.4,0,5.656
43.81,41.22,-51.1,-53.4,0,5.656
43.83,41.24,-51.2,-53.4,0,5.656
43.87,41.26,-52.3,-53.4,0,5.656
43.89,41.28,-52.0,-53.3,0,5.656
43.91,41.30,-49.1,-53.3,0,5.656
43.93,41.32,-44.3,-53.3,0,5.656
43.95,41.34,-43.3,-53.2,0,5.656
43.97,41.36,-45.8,-53.1,0,5.656
43.99,41.38,-47.7,-53.0,0,5.656
44.01,41.40,-51.6,-53.0,0,5.656
44.05,41.42,-50.6,-53.0,0,5.656
44.07,41.44,-46.6,-52.9,0,5.656
44.09,41.46,-48.4,-52.9,0,5.656
44.11,41.48,-47.6,-52.8,0,5.656
44.13,41.50,-49.5,-52.8,0,5.656
44.15,41.52,-49.9,-52.7,0,5.656
44.17,41.54,-49.7,-52.7,0,5.656
44.19,41.56,-50.2,-52.7,0,5.656
44.21,41.58,-53.6,-52.7,0,5.656
44.23,41.60,-51.4,-52.7,0,5.656
44.25,41.62,-48.7,-52.7,0,5.656
44.27,41.64,-50.5,-52.6,0,5.656
44.29,41.66,-49.9,-52.6,0,5.656
44.31,41.68,-53.6,-52.6,0,5.656
44.33,41.70,-50.9,-52.6,0,5.656
44.37,41.72,-52.8,-52.6,0,5.656
44.39,41.74,-51.8,-52.6,0,5.656
44.41,41.76,-51.8,-52.6,0,5.656
44.43,41.78,-46.6,-52.6,0,5.656
44.45,41.80,-51.2,-52.5,0,5.656
44.47,41.82,-50.0,-52.5,0,5.656
44.49,41.84,-49.8,-52.5,0,5.656
44.51,41.86,-50.8,-52.4,0,5.656
44.54,41.88,-53.9,-52.4,0,5.656
44.55,41.90,-51.6,-52.4,0,5.656
44.59,41.92,-51.2,-52.4,0,5.656
44.61,41.94,-51.9,-52.4,0,5.656
44.63,41.96,-52.6,-52.4,0,5.656
44.65,41.98,-52.7,-52.4,0,5.656
44.67,42.00,-51.1,-52.4,0,5.656
44.69,42.02,-37.1,-52.4,0,5.656
44.71,42.04,-30.2,-52.2,0,5.656
44.73,42.06,-32.4,-52.0,0,5.656
44.75,42.08,-32.4,-51.8,0,5.656
44.77,42.10,-34.8,-51.6,0,5.656
44.79,42.12,-37.5,-51.5,0,5.656
44.81,42.14,-44.2,-51.3,0,5.656
44.83,42.16,-43.7,-51.3,0,5.656
44.85,42.18,-46.5,-51.2,0,5.656
44.87,42.20,-49.7,-51.1,0,5.656
44.89,42.22,-50.3,-51.1,0,5.656
44.91,42.24,-50.9,-51.1,0,5.656
44.93,42.26,-51.1,-51.1,0,5.656
44.95,42.28,-51.9,-51.1,0,5.656
44.97,42.30,-49.8,-51.1,0,5.656
44.99,42.32,-54.2,-51.1,0,5.656
45.01,42.34,-50.8,-51.1,0,5.656
45.05,42.36,-51.6,-51.1,0,5.656
45.05,42.38,-51.9,-51.1,0,5.656
45.07,42.40,-51.7,-51.1,0,5.656
45.09,42.42,-50.7,-51.1,0,5.656
45.11,42.44,-49.4,-51.1,0,5.656
45.13,42.46,-49.4,-51.1,0,5.656
45.15,42.48,-48.8,-51.1,0,5.656
45.17,42.50,-50.8,-51.1,0,5.656
45.19,42.52,-50.6,-51.1,0,5.656
45.21,42.54,-53.2,-51.1,0,5.656
45.23,42.56,-53.5,-51.1,0,5.656
45.25,42.58,-54.8,-51.1,0,5.656
45.27,42.60,-54.6,-51.2,0,5.656
45.29,42.62,-53.9,-51.2,0,5.656
45.31,42.64,-57.0,-51.2,0,5.656
45.33,42.66,-57.8,-51.3,0,5.656
45.35,42.68,-57.5,-51.3,0,5.656
45.37,42.70,-55.8,-51.4,0,5.656
45.39,42.72,-52.7,-51.5,0,5.656
45.41,42.74,-52.4,-51.5,0,5.656
45.43,42.76,-52.4,-51.5,0,5.656
45.45,42.78,-55.9,-51.5,0,5.656
45.47,42.80,-54.8,-51.5,0,5.656
45.49,42.82,-52.9,-51.6,0,5.656
45.51,42.84,-50.5,-51.6,0,5.656
45.55,42.86,-55.1,-51.6,0,5.656
45.55,42.88,-52.4,-51.6,0,5.656
45.57,42.90,-53.8,-51.6,0,5.656
45.59,42.92,-55.6,-51.6,0,5.656
45.61,42.94,-53.2,-51.7,0,5.656
45.63,42.96,-54.1,-51.7,0,5.656
45.65,42.98,-54.8,-51.7,0,5.656
45.67,43.00,-53.9,-51.7,0,5.656
45.69,43.02,-45.6,-51.8,0,5.656
45.71,43.04,-37.3,-51.7,0,5.656
45.73,43.06,-38.8,-51.6,0,5.656
45.75,43.08,-39.3,-51.4,0,5.656
45.77,43.10,-38.9,-51.3,0,5.656
45.79,43.12,-41.1,-51.2,0,5.656
45.81,43.14,-45.9,-51.1,0,5.656
45.83,43.16,-48.8,-51.0,0,5.656
45.85,43.18,-49.6,-51.0,0,5.656
45.87,43.20,-49.3,-51.0,0,5.656
45.89,43.22,-49.9,-51.0,0,5.656
45.91,43.24,-52.5,-51.0,0,5.656
45.93,43.26,-52.1,-51.0,0,5.656
45.95,43.28,-51.9,-51.0,0,5.656
45.97,43.30,-51.4,-51.0,0,5.656
45.99,43.32,-53.3,-51.0,0,5.656
46.01,43.34,-53.2,-51.0,0,5.656
46.05,43.36,-51.4,-51.1,0,5.656
46.05,43.38,-53.7,-51.1,0,5.656
46.07,43.40,-53.9,-51.1,0,5.656
46.09,43.42,-52.7,-51.1,0,5.656
46.11,43.44,-51.6,-51.1,0,5.656
46.13,43.46,-53.3,-51.1,0,5.656
46.15,43.48,-53.4,-51.2,0,5.656
46.17,43.50,-53.4,-51.2,0,5.656
46.19,43.52,-54.9,-51.2,0,5.656
46.21,43.54,-52.1,-51.2,0,5.656
46.23,43.56,-54.5,-51.2,0,5.656
46.25,43.58,-54.2,-51.3,0,5.656
46.27,43.60,-54.6,-51.3,0,5.656
46.29,43.62,-54.3,-51.3,0,5.656
46.31,43.64,-55.3,-51.4,0,5.656
46.33,43.66,-56.6,-51.4,0,5.656
46.35,43.68,-54.5,-51.5,0,5.656
46.37,43.70,-55.2,-51.5,0,5.656
46.39,43.72,-55.6,-51.5,0,5.656
46.43,43.74,-55.5,-51.6,0,5.656
46.45,43.76,-55.1,-51.6,0,5.656
46.47,43.78,-55.1,-51.6,0,5.656
46.49,43.80,-56.1,-51.7,0,5.656
46.51,43.82,-53.7,-51.7,0,5.656
46.71,43.84,-58.0,-51.7,0,5.656
46.71,43.86,-56.0,-51.8,0,5.656
46.71,43.88,-55.8,-51.8,0,5.656
46.71,43.90,-57.3,-51.9,0,5.656
46.71,43.92,-57.4,-51.9,0,5.656
46.71,43.94,-57.3,-52.0,0,5.656
46.71,43.96,-56.0,-52.0,0,5.656
46.71,43.98,-56.1,-52.1,0,5.656
46.71,44.00,-55.1,-52.1,0,5.656
46.73,44.02,-56.6,-52.1,0,5.656
46.75,44.04,-56.4,-52.2,0,5.656
46.77,44.06,-55.0,-52.2,0,5.656
46.79,44.08,-55.1,-52.3,0,5.656
46.81,44.10,-56.5,-52.3,0,5.656
46.83,44.12,-57.2,-52.3,0,5.656
46.85,44.14,-57.0,-52.4,0,5.656
46.87,44.16,-57.6,-52.4,0,5.656
46.89,44.18,-55.2,-52.5,0,5.656
46.91,44.20,-56.1,-52.5,0,5.656
46.93,44.22,-55.5,-52.5,0,5.656
46.95,44.24,-56.9,-52.6,0,5.656
46.97,44.26,-55.7,-52.6,0,5.656
46.99,44.28,-48.6,-52.6,0,5.656
47.01,44.30,-52.1,-52.6,0,5.656
47.05,44.32,-51.0,-52.6,0,5.656
47.05,44.34,-51.4,-52.6,0,5.656
47.07,44.36,-53.8,-52.6,0,5.656
47.09,44.38,-53.8,-52.6,0,5.656
47.11,44.40,-53.8,-52.6,0,5.656
47.13,44.42,-51.9,-52.6,0,5.656
47.15,44.44,-50.5,-52.6,0,5.656
47.17,44.46,-50.4,-52.6,0,5.656
47.19,44.48,-50.6,-52.6,0,5.656
47.21,44.50,-53.4,-52.5,0,5.656
47.23,44.52,-56.3,-52.5,0,5.656
47.25,44.54,-56.9,-52.6,0,5.656
47.27,44.56,-58.1,-52.6,0,5.656
47.29,44.58,-57.6,-52.7,0,5.656
47.31,44.60,-57.3,-52.7,0,5.656
47.33,44.62,-59.6,-52.8,0,5.656
47.35,44.64,-58.8,-52.8,0,5.656
47.37,44.66,-59.7,-52.9,0,5.656
47.39,44.68,-59.3,-53.0,0,5.656
47.41,44.70,-59.4,-53.0,0,5.656
47.43,44.72,-59.4,-53.1,0,5.656
47.45,44.74,-57.9,-53.2,0,5.656
47.47,44.76,-59.3,-53.2,0,5.656
47.49,44.78,-58.8,-53.3,0,5.656
47.51,44.80,-61.2,-53.3,0,5.656
47.55,44.82,-60.7,-53.4,0,5.656
47.55,44.84,-59.6,-53.5,0,5.656
47.57,44.86,-58.6,-53.5,0,5.656
47.59,44.88,-59.5,-53.6,0,5.656
47.61,44.90,-58.0,-53.6,0,5.656
47.63,44.92,-60.1,-53.7,0,5.656
47.65,44.94,-62.4,-53.8,0,5.656
47.67,44.96,-63.2,-53.8,0,5.656
47.69,44.98,-61.2,-53.9,0,5.656
47.73,45.00,-60.9,-54.0,0,5.656
47.75,45.02,-62.2,-54.1,0,5.656
47.77,45.04,-62.6,-54.2,0,5.656
47.79,45.06,-60.2,-54.2,0,5.656
47.81,45.08,-58.6,-54.3,0,5.656
47.83,45.10,-60.3,-54.3,0,5.656
47.85,45.12,-62.5,-54.4,0,5.656
47.87,45.14,-59.8,-54.5,0,5.656
47.89,45.16,-60.8,-54.5,0,5.656
47.91,45.18,-60.2,-54.6,0,5.656
47.93,45.20,-59.5,-54.7,0,5.656
47.95,45.22,-58.8,-54.7,0,5.656
47.97,45.24,-63.3,-54.7,0,5.656
47.99,45.26,-59.1,-54.8,0,5.656
48.01,45.28,-57.3,-54.9,0,5.656
48.05,45.30,-59.0,-54.9,0,5.656
48.07,45.32,-61.2,-54.9,0,5.656
48.09,45.34,-61.1,-55.0,0,5.656
48.11,45.36,-58.5,-55.1,0,5.656
48.13,45.38,-61.1,-55.1,0,5.656
48.15,45.40,-60.9,-55.2,0,5.656
48.17,45.42,-61.2,-55.2,0,5.656
48.19,45.44,-58.2,-55.3,0,5.656
48.21,45.46,-59.3,-55.3,0,5.656
48.23,45.48,-60.4,-55.3,0,5.656
48.25,45.50,-57.8,-55.4,0,5.656
48.27,45.52,-58.4,-55.4,0,5.656
48.29,45.54,-61.9,-55.4,0,5.656
48.33,45.56,-60.9,-55.5,0,5.656
48.37,45.58,-61.1,-55.6,0,5.656
48.39,45.60,-61.3,-55.6,0,5.656
48.41,45.62,-62.9,-55.7,0,5.656
48.43,45.64,-61.2,-55.7,0,5.656
48.45,45.66,-61.0,-55.8,0,5.656
48.47,45.68,-59.9,-55.8,0,5.656
48.49,45.70,-61.1,-55.9,0,5.656
48.51,45.72,-59.5,-55.9,0,5.656
48.56,45.74,-63.8,-56.0,0,5.656
48.56,45.76,-59.4,-56.1,0,5.656
48.57,45.78,-60.0,-56.1,0,5.656
48.59,45.80,-58.3,-56.1,0,5.656
48.61,45.82,-56.5,-56.1,0,5.656
48.63,45.84,-57.1,-56.2,0,5.656
48.65,45.86,-58.3,-56.2,0,5.656
48.67,45.88,-59.6,-56.2,0,5.656
48.69,45.90,-55.8,-56.2,0,5.656
48.71,45.92,-57.1,-56.2,0,5.656
48.73,45.94,-59.7,-56.2,0,5.656
48.75,45.96,-57.4,-56.3,0,5.656
48.77,45.98,-57.0,-56.3,0,5.656
48.79,46.00,-59.3,-56.3,0,5.656
48.83,46.02,-57.2,-56.3,0,5.656
48.85,46.04,-60.1,-56.3,0,5.656
48.87,46.06,-58.3,-56.4,0,5.656
48.89,46.08,-59.7,-56.4,0,5.656
48.91,46.10,-57.8,-56.4,0,5.656
48.93,46.12,-58.1,-56.4,0,5.656
48.95,46.14,-59.0,-56.4,0,5.656
48.97,46.16,-59.8,-56.5,0,5.656
48.99,46.18,-61.3,-56.5,0,5.656
49.01,46.20,-60.5,-56.5,0,5.656
49.21,46.22,-60.7,-56.6,0,5.656
49.21,46.24,-61.0,-56.6,0,5.656
49.21,46.26,-61.2,-56.7,0,5.656
49.21,46.28,-59.3,-56.7,0,5.656
49.21,46.30,-61.4,-56.7,0,5.656
49.21,46.32,-62.0,-56.8,0,5.656
49.21,46.34,-60.3,-56.8,0,5.656
49.21,46.36,-58.4,-56.9,0,5.656
49.21,46.38,-61.5,-56.9,0,5.656
49.23,46.40,-62.4,-56.9,0,5.656
49.25,46.42,-58.3,-57.0,0,5.656
49.27,46.44,-61.7,-57.0,0,5.656
49.29,46.46,-64.5,-57.0,0,5.656
49.31,46.48,-60.9,-57.1,0,5.656
49.33,46.50,-58.7,-57.2,0,5.656
49.35,46.52,-61.3,-57.2,0,5.656
49.37,46.54,-59.9,-57.2,0,5.656
49.39,46.56,-59.2,-57.2,0,5.656
49.41,46.58,-59.7,-57.3,0,5.656
49.43,46.60,-61.2,-57.3,0,5.656
49.45,46.62,-59.9,-57.3,0,5.656
49.47,46.64,-59.5,-57.3,0,5.656
49.49,46.66,-57.1,-57.4,0,5.656
49.51,46.68,-60.3,-57.4,0,5.656
49.55,46.70,-61.7,-57.4,0,5.656
49.55,46.72,-60.1,-57.4,0,5.656
49.57,46.74,-56.1,-57.5,0,5.656
49.59,46.76,-55.7,-57.5,0,5.656
49.61,46.78,-62.7,-57.4,0,5.656
49.63,46.80,-61.4,-57.5,0,5.656
49.65,46.82,-57.7,-57.5,0,5.656
49.67,46.84,-57.5,-57.5,0,5.656
49.69,46.86,-57.5,-57.5,0,5.656
49.71,46.88,-60.7,-57.5,0,5.656
49.73,46.90,-60.3,-57.6,0,5.656
49.75,46.92,-58.9,-57.6,0,5.656
49.77,46.94,-60.0,-57.6,0,5.656
49.79,46.96,-62.6,-57.6,0,5.656
49.81,46.98,-59.7,-57.7,0,5.656
49.83,47.00,-62.7,-57.7,0,5.656
49.85,47.02,-61.4,-57.7,0,5.656
49.87,47.04,-59.3,-57.8,0,5.656
49.89,47.06,-60.5,-57.8,0,5.656
49.91,47.08,-63.1,-57.8,0,5.656
49.93,47.10,-62.5,-57.9,0,5.656
49.95,47.12,-61.0,-57.9,0,5.656
49.97,47.14,-60.8,-57.9,0,5.656
49.99,47.16,-57.6,-58.0,0,5.656
50.01,47.18,-59.4,-58.0,0,5.656
50.05,47.20,-59.6,-58.0,0,5.656
50.05,47.22,-63.3,-58.0,0,5.656
50.07,47.24,-61.7,-58.1,0,5.656
50.09,47.26,-60.6,-58.1,0,5.656
50.11,47.28,-61.1,-58.1,0,5.656
50.13,47.30,-63.0,-58.1,0,5.656
50.15,47.32,-62.2,-58.2,0,5.656
50.17,47.34,-62.0,-58.2,0,5.656
50.19,47.36,-59.3,-58.3,0,5.656
50.21,47.38,-62.2,-58.3,0,5.656
50.23,47.40,-64.1,-58.3,0,5.656
50.25,47.42,-60.7,-58.4,0,5.656
50.27,47.44,-64.7,-58.4,0,5.656
50.29,47.46,-60.5,-58.5,0,5.656
50.31,47.48,-59.7,-58.5,0,5.656
50.33,47.50,-62.4,-58.5,0,5.656
50.35,47.52,-63.3,-58.5,0,5.656
50.37,47.54,-59.6,-58.6,0,5.656
50.39,47.56,-62.0,-58.6,0,5.656
50.41,47.58,-60.2,-58.6,0,5.656
50.43,47.60,-60.0,-58.6,0,5.656
50.45,47.62,-60.2,-58.7,0,5.656
50.47,47.64,-62.8,-58.7,0,5.656
50.49,47.66,-62.4,-58.7,0,5.656
50.51,47.68,-61.3,-58.7,0,5.656
50.54,47.70,-61.6,-58.8,0,5.656
50.55,47.72,-61.3,-58.8,0,5.656
50.57,47.74,-63.1,-58.8,0,5.656
50.59,47.76,-62.6,-58.9,0,5.656
50.61,47.78,-63.1,-58.9,0,5.656
50.63,47.80,-60.9,-58.9,0,5.656
50.65,47.82,-60.5,-59.0,0,5.656
50.67,47.84,-60.8,-59.0,0,5.656
50.69,47.86,-59.2,-59.0,0,5.656
50.71,47.88,-55.9,-59.0,0,5.656
50.73,47.90,-54.9,-59.0,0,5.656
50.75,47.92,-52.4,-58.9,0,5.656
50.77,47.94,-53.4,-58.9,0,5.656
50.79,47.96,-56.1,-58.8,0,5.656
50.81,47.98,-59.5,-58.8,0,5.656
50.83,48.00,-59.4,-58.8,0,5.656
50.85,48.02,-61.4,-58.8,0,5.656
50.87,48.04,-60.2,-58.8,0,5.656
50.89,48.06,-61.1,-58.8,0,5.656
50.91,48.08,-58.1,-58.9,0,5.656
50.93,48.10,-57.0,-58.9,0,5.656
50.95,48.12,-57.5,-58.8,0,5.656
50.97,48.14,-58.9,-58.8,0,5.656
50.99,48.16,-59.8,-58.8,0,5.656
51.01,48.18,-59.7,-58.8,0,5.689
51.05,48.20,-57.9,-58.8,0,5.689
51.05,48.22,-58.5,-58.8,0,5.689
51.07,48.24,-58.9,-58.8,0,5.689
51.09,48.26,-58.4,-58.8,0,5.689
51.11,48.28,-56.5,-58.8,0,5.689
51.13,48.30,-54.1,-58.8,0,5.689
51.15,48.32,-59.2,-58.8,0,5.689
51.17,48.34,-56.4,-58.8,0,5.689
51.19,48.36,-55.6,-58.7,0,5.689
51.21,48.38,-58.0,-58.7,0,5.689
51.23,48.40,-54.5,-58.7,0,5.689
51.25,48.42,-60.1,-58.7,0,5.689
51.27,48.44,-57.2,-58.7,0,5.689
51.29,48.46,-59.0,-58.7,0,5.689
51.31,48.48,-56.2,-58.7,0,5.689
51.33,48.50,-56.9,-58.6,0,5.689
51.35,48.52,-58.3,-58.6,0,5.689
51.37,48.54,-59.4,-58.6,0,5.689
51.39,48.56,-58.1,-58.6,0,5.689
51.41,48.58,-58.8,-58.6,0,5.689
51.43,48.60,-60.4,-58.6,0,5.689
51.45,48.62,-58.4,-58.6,0,5.689
51.47,48.64,-57.6,-58.6,0,5.689
51.49,48.66,-54.9,-58.6,0,5.689
51.51,48.68,-60.3,-58.6,0,5.900
51.55,48.70,-56.4,-58.6,0,5.900
51.55,48.72,-58.9,-58.6,0,5.900
51.57,48.74,-56.5,-58.6,0,5.900
51.59,48.76,-58.6,-58.6,0,5.900
51.61,48.78,-57.8,-58.6,0,5.900
51.63,48.80,-56.8,-58.6,0,5.900
51.65,48.82,-56.7,-58.5,0,5.900
51.67,48.84,-55.4,-58.5,0,5.900
51.69,48.86,-55.2,-58.5,0,5.900
51.71,48.88,-57.7,-58.5,0,5.900
51.73,48.90,-56.3,-58.4,0,5.900
51.75,48.92,-56.7,-58.4,0,5.900
51.77,48.94,-57.3,-58.4,0,5.900
51.79,48.96,-57.2,-58.4,0,5.900
51.81,48.98,-55.2,-58.4,0,5.900
51.83,49.00,-59.4,-58.4,0,5.900
51.85,49.02,-55.6,-58.4,0,5.900
51.87,49.04,-57.3,-58.3,0,5.900
51.89,49.06,-56.1,-58.3,0,5.900
51.91,49.08,-57.3,-58.3,0,5.900
51.93,49.10,-59.6,-58.3,0,5.900
51.95,49.12,-56.2,-58.3,0,5.900
51.97,49.14,-55.6,-58.3,0,5.900
51.99,49.16,-56.6,-58.3,0,5.900
52.01,49.18,-56.7,-58.2,0,5.900
52.05,49.20,-59.4,-58.2,0,5.900
52.05,49.22,-55.7,-58.2,0,5.900
52.07,49.24,-56.0,-58.2,0,5.900
52.09,49.26,-55.6,-58.2,0,5.900
52.11,49.28,-57.1,-58.2,0,5.900
52.13,49.30,-54.5,-58.2,0,5.900
52.15,49.32,-56.4,-58.1,0,5.900
52.17,49.34,-54.2,-58.1,0,5.900
52.19,49.36,-55.4,-58.1,0,5.900
52.21,49.38,-56.3,-58.0,0,5.900
52.23,49.40,-56.4,-58.0,0,5.900
52.25,49.42,-54.9,-58.0,0,5.900
52.27,49.44,-57.3,-58.0,0,5.900
52.29,49.46,-56.7,-58.0,0,5.900
52.31,49.48,-55.3,-58.0,0,5.900
52.33,49.50,-55.3,-57.9,0,5.900
52.35,49.52,-55.9,-57.9,0,5.900
52.37,49.54,-56.9,-57.9,0,5.900
52.41,49.56,-56.3,-57.9,0,5.900
52.43,49.58,-56.5,-57.9,0,5.900
52.45,49.60,-55.5,-57.8,0,5.900
52.47,49.62,-56.8,-57.8,0,5.900
52.49,49.64,-56.9,-57.8,0,5.900
52.51,49.66,-57.2,-57.8,0,5.900
52.55,49.68,-56.6,-57.8,0,5.900
52.56,49.70,-55.2,-57.8,0,5.900
52.57,49.72,-55.9,-57.8,0,5.900
52.59,49.74,-56.9,-57.7,0,5.900
52.61,49.76,-56.9,-57.7,0,5.900
52.63,49.78,-53.0,-57.7,0,5.900
52.65,49.80,-52.3,-57.7,0,5.900
52.67,49.82,-56.3,-57.6,0,5.900
52.69,49.84,-55.2,-57.6,0,5.900
52.71,49.86,-56.3,-57.6,0,5.900
52.73,49.88,-55.1,-57.6,0,5.900
52.75,49.90,-58.0,-57.5,0,5.900
52.77,49.92,-57.9,-57.6,0,5.900
52.79,49.94,-56.1,-57.6,0,5.900
52.81,49.96,-54.9,-57.5,0,5.900
52.83,49.98,-56.7,-57.5,0,5.900
52.85,50.00,-57.0,-57.5,0,5.900
52.87,50.02,-56.1,-57.5,0,5.900
52.89,50.04,-57.9,-57.5,0,5.900
52.91,50.06,-56.1,-57.5,0,5.900
52.93,50.08,-55.3,-57.5,0,5.900
52.95,50.10,-56.5,-57.5,0,5.900
52.97,50.12,-56.1,-57.4,0,5.900
52.99,50.14,-52.9,-57.4,0,5.900
53.01,50.16,-53.3,-57.4,0,5.900
53.05,50.18,-51.8,-57.3,0,5.900
53.05,50.20,-48.0,-57.3,0,5.900
53.07,50.22,-48.8,-57.2,0,5.900
53.09,50.24,-52.0,-57.1,0,5.900
53.11,50.26,-55.3,-57.1,0,5.900
53.13,50.28,-56.1,-57.0,0,5.900
53.15,50.30,-57.7,-57.0,0,5.900
53.17,50.32,-57.0,-57.0,0,5.900
53.19,50.34,-59.2,-57.0,0,5.900
53.21,50.36,-58.4,-57.1,0,5.900
53.23,50.38,-60.2,-57.1,0,5.900
53.25,50.40,-58.2,-57.1,0,5.900
53.27,50.42,-59.0,-57.1,0,5.900
53.29,50.44,-58.1,-57.1,0,5.900
53.33,50.46,-59.6,-57.1,0,5.900
53.35,50.48,-58.9,-57.2,0,5.900
53.37,50.50,-63.5,-57.2,0,5.900
53.39,50.52,-59.7,-57.3,0,5.900
53.41,50.54,-58.8,-57.3,0,5.900
53.43,50.56,-59.2,-57.3,0,5.900
53.45,50.58,-59.4,-57.3,0,5.900
53.47,50.60,-61.2,-57.3,0,5.900
53.49,50.62,-58.6,-57.4,0,5.900
53.51,50.64,-59.6,-57.4,0,5.900
53.55,50.66,-61.6,-57.4,0,5.900
53.55,50.68,-58.8,-57.4,0,5.900
53.57,50.70,-57.0,-57.5,0,5.900
53.59,50.72,-60.4,-57.5,0,5.900
53.63,50.74,-63.3,-57.5,0,5.900
53.65,50.76,-61.8,-57.5,0,5.900
53.67,50.78,-61.9,-57.6,0,5.900
53.69,50.80,-62.5,-57.6,0,5.900
53.71,50.82,-60.2,-57.7,0,5.900
53.73,50.84,-63.5,-57.7,0,5.900
53.75,50.86,-62.0,-57.8,0,5.900
53.77,50.88,-60.6,-57.8,0,5.900
53.79,50.90,-61.8,-57.8,0,5.900
53.81,50.92,-61.6,-57.9,0,5.900
53.83,50.94,-59.9,-57.9,0,5.900
53.85,50.96,-63.0,-57.9,0,5.900
53.87,50.98,-60.9,-58.0,0,5.900
53.89,51.00,-62.4,-58.0,0,5.900
53.91,51.02,-59.9,-58.0,0,5.900
53.93,51.04,-64.1,-58.1,0,5.900
53.95,51.06,-62.6,-58.1,0,5.900
53.97,51.08,-61.5,-58.2,0,5.900
53.99,51.10,-61.1,-58.2,0,5.900
54.01,51.12,-61.7,-58.2,0,5.900
54.05,51.14,-61.6,-58.3,0,5.900
54.05,51.16,-61.4,-58.3,0,5.900
54.07,51.18,-60.3,-58.3,0,5.900
54.09,51.20,-63.1,-58.4,0,5.900
54.11,51.22,-61.0,-58.4,0,5.900
54.13,51.24,-62.7,-58.4,0,5.900
54.15,51.26,-61.3,-58.5,0,5.900
54.17,51.28,-61.4,-58.5,0,5.900
54.19,51.30,-60.4,-58.5,0,5.900
54.21,51.32,-61.1,-58.5,0,5.900
54.23,51.34,-60.9,-58.6,0,5.900
54.25,51.36,-61.8,-58.6,0,5.900
54.27,51.38,-60.3,-58.6,0,5.900
54.29,51.40,-57.9,-58.6,0,5.900
54.31,51.42,-59.1,-58.6,0,5.900
54.33,51.44,-60.5,-58.6,0,5.900
54.35,51.46,-61.4,-58.7,0,5.900
54.37,51.48,-58.8,-58.7,0,5.900
54.39,51.50,-61.4,-58.7,0,5.900
54.41,51.52,-60.8,-58.7,0,5.900
54.43,51.54,-59.8,-58.7,0,5.900
54.45,51.56,-61.6,-58.7,0,5.900
54.47,51.58,-61.9,-58.8,0,5.900
54.49,51.60,-60.9,-58.8,0,5.900
54.51,51.62,-62.1,-58.8,0,5.900
54.55,51.64,-59.8,-58.9,0,5.900
54.55,51.66,-60.2,-58.9,0,5.900
54.57,51.68,-60.9,-58.9,0,5.900
54.59,51.70,-60.0,-58.9,0,5.900
54.61,51.72,-59.4,-58.9,0,5.900
54.63,51.74,-58.8,-58.9,0,5.900
54.65,51.76,-58.4,-58.9,0,5.900
54.67,51.78,-57.0,-58.9,0,5.900
54.69,51.80,-59.1,-58.9,0,5.900
54.71,51.82,-56.7,-58.9,0,5.900
54.73,51.84,-55.7,-58.9,0,5.900
54.75,51.86,-53.1,-58.8,0,5.900
54.77,51.88,-51.5,-58.8,0,5.900
54.79,51.90,-54.4,-58.7,0,5.900
54.81,51.92,-56.1,-58.7,0,5.900
54.83,51.94,-56.0,-58.6,0,5.900
54.85,51.96,-58.9,-58.6,0,5.900
54.87,51.98,-58.1,-58.6,0,5.900
54.89,52.00,-56.3,-58.6,0,5.900
54.91,52.02,-56.3,-58.6,0,5.900
54.93,52.04,-55.2,-58.6,0,5.900
54.95,52.06,-57.2,-58.5,0,5.900
54.97,52.08,-56.0,-58.5,0,5.900
54.99,52.10,-57.2,-58.5,0,5.900
55.01,52.12,-56.7,-58.5,0,5.900
55.05,52.14,-58.5,-58.5,0,5.900
55.05,52.16,-54.9,-58.5,0,5.900
55.07,52.18,-58.8,-58.4,0,5.900
55.09,52.20,-56.3,-58.4,0,5.900
55.11,52.22,-57.6,-58.4,0,5.900
55.13,52.24,-57.6,-58.4,0,5.900
55.15,52.26,-56.4,-58.4,0,5.900
55.17,52.28,-54.8,-58.4,0,5.900
55.19,52.30,-55.5,-58.3,0,5.900
55.21,52.32,-55.3,-58.3,0,5.900
55.23,52.34,-56.7,-58.3,0,5.900
55.25,52.36,-56.7,-58.3,0,5.900
55.27,52.38,-57.4,-58.2,0,5.900
55.29,52.40,-57.2,-58.2,0,5.900
55.31,52.42,-59.1,-58.2,0,5.900
55.33,52.44,-59.5,-58.2,0,5.900
55.35,52.46,-56.6,-58.3,0,5.900
55.37,52.48,-57.0,-58.2,0,5.900
55.39,52.50,-56.6,-58.2,0,5.900
55.41,52.52,-58.7,-58.2,0,5.900
55.43,52.54,-57.6,-58.2,0,5.900
55.45,52.56,-55.5,-58.2,0,5.900
55.47,52.58,-57.3,-58.2,0,5.900
55.49,52.60,-57.6,-58.2,0,5.900
55.51,52.62,-55.1,-58.2,0,5.900
55.55,52.64,-56.9,-58.1,0,5.900
55.55,52.66,-56.7,-58.1,0,5.900
55.57,52.68,-57.4,-58.1,0,5.900
55.59,52.70,-58.0,-58.1,0,5.900
55.63,52.72,-59.0,-58.1,0,5.900
55.65,52.74,-58.6,-58.1,0,5.900
55.67,52.76,-56.9,-58.1,0,5.900
55.69,52.78,-55.2,-58.1,0,5.900
55.71,52.80,-56.7,-58.1,0,5.900
55.73,52.82,-57.9,-58.1,0,5.900
55.75,52.84,-56.5,-58.1,0,5.900
55.77,52.86,-57.7,-58.0,0,5.900
55.79,52.88,-56.1,-58.0,0,5.900
55.81,52.90,-54.7,-58.0,0,5.900
55.83,52.92,-54.2,-58.0,0,5.900
55.85,52.94,-54.7,-57.9,0,5.900
55.87,52.96,-56.4,-57.9,0,5.900
55.89,52.98,-56.8,-57.9,0,5.900
55.91,53.00,-55.6,-57.9,0,5.900
55.93,53.02,-56.1,-57.9,0,5.900
55.95,53.04,-55.4,-57.8,0,5.900
55.97,53.06,-55.3,-57.8,0,5.900
55.99,53.08,-55.5,-57.8,0,5.900
56.01,53.10,-55.1,-57.8,0,5.900
56.07,53.12,-55.1,-57.7,0,5.900
56.07,53.14,-53.9,-57.7,0,5.900
56.07,53.16,-54.9,-57.7,0,5.900
56.09,53.18,-56.2,-57.7,0,5.900
56.11,53.20,-53.9,-57.6,0,5.900
56.13,53.22,-54.7,-57.6,0,5.900
56.15,53.24,-54.9,-57.6,0,5.900
56.17,53.26,-53.3,-57.5,0,5.900
56.19,53.28,-55.6,-57.5,0,5.900
56.21,53.30,-56.8,-57.5,0,5.900
56.23,53.32,-55.4,-57.5,0,5.900
56.25,53.34,-54.0,-57.5,0,5.900
56.27,53.36,-55.9,-57.4,0,5.900
56.29,53.38,-55.1,-57.4,0,5.900
56.31,53.40,-55.3,-57.4,0,5.900
56.33,53.42,-55.4,-57.4,0,5.900
56.35,53.44,-55.1,-57.3,0,5.900
56.37,53.46,-56.8,-57.3,0,5.900
56.39,53.48,-54.2,-57.3,0,5.900
56.41,53.50,-54.2,-57.3,0,5.900
56.43,53.52,-55.7,-57.3,0,5.900
56.45,53.54,-55.0,-57.2,0,5.900
56.47,53.56,-56.5,-57.2,0,5.900
56.49,53.58,-54.3,-57.2,0,5.900
56.51,53.60,-55.2,-57.2,0,5.900
56.55,53.62,-56.3,-57.2,0,5.900
56.55,53.64,-55.3,-57.2,0,5.900
56.59,53.66,-55.9,-57.1,0,5.900
56.61,53.68,-56.0,-57.1,0,5.900
56.63,53.70,-55.6,-57.1,0,5.900
56.65,53.72,-54.1,-57.1,0,5.900
56.67,53.74,-55.4,-57.1,0,5.900
56.69,53.76,-56.0,-57.1,0,5.900
56.71,53.78,-55.0,-57.0,0,5.900
56.73,53.80,-55.4,-57.0,0,5.900
56.75,53.82,-56.5,-57.0,0,5.900
56.77,53.84,-56.1,-57.0,0,5.900
56.79,53.86,-54.3,-57.0,0,5.900
56.83,53.88,-55.4,-57.0,0,5.900
56.85,53.90,-56.2,-57.0,0,5.900
56.87,53.92,-56.8,-56.9,0,5.900
56.89,53.94,-54.9,-56.9,0,5.900
56.91,53.96,-57.2,-56.9,0,5.900
56.93,53.98,-54.6,-56.9,0,5.900
56.95,54.00,-54.8,-56.9,0,5.900
56.97,54.02,-54.5,-56.9,0,5.900
56.99,54.04,-54.1,-56.9,0,5.900
57.01,54.06,-54.8,-56.8,0,5.900
57.05,54.08,-56.2,-56.8,0,5.900
57.05,54.10,-54.7,-56.8,0,5.900
57.07,54.12,-55.1,-56.8,0,5.900
57.09,54.14,-55.5,-56.8,0,5.900
57.11,54.16,-54.5,-56.8,0,5.900
57.13,54.18,-53.8,-56.7,0,5.900
57.15,54.20,-55.5,-56.7,0,5.900
57.17,54.22,-55.0,-56.7,0,5.900
57.19,54.24,-56.2,-56.7,0,5.900
57.21,54.26,-54.0,-56.7,0,5.900
57.23,54.28,-55.7,-56.6,0,5.900
57.25,54.30,-54.3,-56.6,0,5.900
57.27,54.32,-56.0,-56.6,0,5.900
57.29,54.34,-56.3,-56.6,0,5.900
57.31,54.36,-55.2,-56.6,0,5.900
57.33,54.38,-55.3,-56.6,0,5.900
57.35,54.40,-54.2,-56.6,0,5.900
57.37,54.42,-54.6,-56.5,0,5.900
57.39,54.44,-57.7,-56.5,0,5.900
57.41,54.46,-53.7,-56.5,0,5.900
57.43,54.48,-53.2,-56.5,0,5.900
57.47,54.50,-52.7,-56.5,0,5.900
57.49,54.52,-55.2,-56.4,0,5.900
57.51,54.54,-55.0,-56.4,0,5.900
57.55,54.56,-54.9,-56.4,0,5.900
57.55,54.58,-56.8,-56.4,0,5.900
57.57,54.60,-54.2,-56.4,0,5.900
57.59,54.62,-55.0,-56.4,0,5.900
57.63,54.64,-55.6,-56.4,0,5.900
57.65,54.66,-55.5,-56.4,0,5.900
57.67,54.68,-54.1,-56.4,0,5.900
57.69,54.70,-56.0,-56.3,0,5.900
57.71,54.72,-56.5,-56.3,0,5.900
57.73,54.74,-54.8,-56.3,0,5.900
57.75,54.76,-55.0,-56.3,0,5.900
57.79,54.78,-55.5,-56.3,0,5.900
57.81,54.80,-54.7,-56.3,0,5.900
57.83,54.82,-56.1,-56.3,0,5.900
57.85,54.84,-56.2,-56.3,0,5.900
57.87,54.86,-55.3,-56.3,0,5.900
57.89,54.88,-55.4,-56.3,0,5.900
57.91,54.90,-55.5,-56.3,0,5.900
57.93,54.92,-55.1,-56.2,0,5.900
57.95,54.94,-54.9,-56.2,0,5.900
57.97,54.96,-55.7,-56.2,0,5.900
57.99,54.98,-57.0,-56.2,0,5.900
58.01,55.00,-55.4,-56.2,0,5.900
58.05,55.02,-56.4,-56.2,0,5.900
58.05,55.04,-54.5,-56.2,0,5.900
58.07,55.06,-55.1,-56.2,0,5.900
58.09,55.08,-55.4,-56.2,0,5.900
58.11,55.10,-56.1,-56.2,0,5.900
58.13,55.12,-52.9,-56.2,0,5.900
58.15,55.14,-54.2,-56.2,0,5.900
58.17,55.16,-55.4,-56.1,0,5.900
58.19,55.18,-54.6,-56.1,0,5.900
58.21,55.20,-54.5,-56.1,0,5.900
58.23,55.22,-54.9,-56.1,0,5.900
58.25,55.24,-55.9,-56.1,0,5.900
58.27,55.26,-57.0,-56.1,0,5.900
58.29,55.28,-54.7,-56.1,0,5.900
58.31,55.30,-54.2,-56.1,0,5.900
58.33,55.32,-55.5,-56.1,0,5.900
58.35,55.34,-55.5,-56.1,0,5.900
58.39,55.36,-55.7,-56.0,0,5.900
58.43,55.38,-55.6,-56.0,0,5.900
58.45,55.40,-56.9,-56.0,0,5.900
58.47,55.42,-55.8,-56.0,0,5.900
58.49,55.44,-54.9,-56.0,0,5.900
58.51,55.46,-55.1,-56.0,0,5.900
58.54,55.48,-55.2,-56.0,0,5.900
58.55,55.50,-56.2,-56.0,0,5.900
58.57,55.52,-57.1,-56.0,0,5.900
58.59,55.54,-55.4,-56.0,0,5.900
58.61,55.56,-56.7,-56.0,0,5.900
58.63,55.58,-56.8,-56.0,0,5.900
58.65,55.60,-56.5,-56.0,0,5.900
58.67,55.62,-57.1,-56.0,0,5.900
58.69,55.64,-56.0,-56.1,0,5.900
58.71,55.66,-55.6,-56.1,0,5.900
58.73,55.68,-54.8,-56.0,0,5.900
58.75,55.70,-57.7,-56.0,0,5.900
58.77,55.72,-57.1,-56.1,0,5.900
58.79,55.74,-56.0,-56.1,0,5.900
58.81,55.76,-57.4,-56.1,0,5.900
58.83,55.78,-55.5,-56.1,0,5.900
58.85,55.80,-58.2,-56.1,0,5.900
58.87,55.82,-55.5,-56.1,0,5.900
58.89,55.84,-55.6,-56.1,0,5.900
58.91,55.86,-56.0,-56.1,0,5.900
58.93,55.88,-54.3,-56.1,0,5.900
58.95,55.90,-55.9,-56.1,0,5.900
58.97,55.92,-55.5,-56.1,0,5.900
58.99,55.94,-55.6,-56.1,0,5.900
59.01,55.96,-57.4,-56.0,0,5.900
59.05,55.98,-55.1,-56.1,0,5.900
59.06,56.00,-56.8,-56.1,0,5.900
59.07,56.02,-57.3,-56.1,0,5.900
59.09,56.04,-57.7,-56.1,0,5.900
59.11,56.06,-56.0,-56.1,0,5.900
59.13,56.08,-52.8,-56.1,0,5.900
59.15,56.10,-55.9,-56.1,0,5.900
59.17,56.12,-56.4,-56.1,0,5.900
59.19,56.14,-55.8,-56.1,0,5.900
59.21,56.16,-55.3,-56.1,0,5.900
59.23,56.18,-57.7,-56.0,0,5.900
59.25,56.20,-55.0,-56.1,0,5.900
59.27,56.22,-54.2,-56.1,0,5.900
59.29,56.24,-56.6,-56.0,0,5.900
59.31,56.26,-53.7,-56.0,0,5.900
59.33,56.28,-54.5,-56.0,0,5.900
59.35,56.30,-55.5,-56.0,0,5.900
59.39,56.32,-55.5,-56.0,0,5.900
59.41,56.34,-55.7,-56.0,0,5.900
59.43,56.36,-56.1,-56.0,0,5.900
59.45,56.38,-54.8,-56.0,0,5.900
59.47,56.40,-54.4,-56.0,0,5.900
59.49,56.42,-55.0,-56.0,0,5.900
59.51,56.44,-55.5,-56.0,0,5.900
59.55,56.46,-55.8,-55.9,0,5.900
59.55,56.48,-53.1,-55.9,0,5.900
59.57,56.50,-56.8,-55.9,0,5.900
59.59,56.52,-55.9,-55.9,0,5.900
59.61,56.54,-55.2,-55.9,0,5.900
59.63,56.56,-57.7,-55.9,0,5.900
59.65,56.58,-55.8,-55.9,0,5.900
59.67,56.60,-57.4,-55.9,0,5.900
59.69,56.62,-55.6,-55.9,0,5.900
59.71,56.64,-55.9,-55.9,0,5.900
59.73,56.66,-55.7,-55.9,0,5.900
59.75,56.68,-57.7,-55.9,0,5.900
59.77,56.70,-54.2,-56.0,0,5.900
59.79,56.72,-54.0,-55.9,0,5.900
59.81,56.74,-57.3,-55.9,0,5.900
59.83,56.76,-58.3,-55.9,0,5.900
59.85,56.78,-57.1,-56.0,0,5.900
59.87,56.80,-57.3,-56.0,0,5.900
59.89,56.82,-56.3,-56.0,0,5.900
59.91,56.84,-55.0,-56.0,0,5.900
59.93,56.86,-56.8,-56.0,0,5.900
59.95,56.88,-55.9,-56.0,0,5.900
59.97,56.90,-52.6,-56.0,0,5.900
59.99,56.92,-51.5,-56.0,0,5.900
60.01,56.94,-52.5,-55.9,0,5.900
60.05,56.96,-54.9,-55.9,0,5.900
60.05,56.98,-50.8,-55.9,0,5.900
60.07,57.00,-51.7,-55.8,0,5.900
60.09,57.02,-54.4,-55.8,0,5.900
60.11,57.04,-53.3,-55.8,0,5.900
60.13,57.06,-53.9,-55.7,0,5.900
60.15,57.08,-54.5,-55.7,0,5.900
60.19,57.10,-51.9,-55.7,0,5.900
60.21,57.12,-51.3,-55.7,0,5.900
60.23,57.14,-52.7,-55.6,0,5.900
60.25,57.16,-51.9,-55.6,0,5.900
60.27,57.18,-53.8,-55.6,0,5.900
60.29,57.20,-52.2,-55.5,0,5.900
60.31,57.22,-55.2,-55.5,0,5.900
60.33,57.24,-53.0,-55.5,0,5.900
60.35,57.26,-54.3,-55.5,0,5.900
60.37,57.28,-53.5,-55.5,0,5.900
60.39,57.30,-54.2,-55.4,0,5.900
60.41,57.32,-51.7,-55.4,0,5.900
60.43,57.34,-53.0,-55.4,0,5.900
60.45,57.36,-54.9,-55.4,0,5.900
60.47,57.38,-53.6,-55.4,0,5.900
60.49,57.40,-53.9,-55.4,0,5.900
60.51,57.42,-52.4,-55.3,0,5.900
60.57,57.44,-53.2,-55.3,0,5.900
60.57,57.46,-53.5,-55.3,0,5.900
60.59,57.48,-53.2,-55.3,0,5.900
60.61,57.50,-52.1,-55.3,0,5.900
60.63,57.52,-51.3,-55.2,0,5.900
60.65,57.54,-52.7,-55.2,0,5.900
60.67,57.56,-51.3,-55.2,0,5.900
60.69,57.58,-50.3,-55.1,0,5.900
60.71,57.60,-52.7,-55.1,0,5.900
60.73,57.62,-56.0,-55.0,0,5.900
60.75,57.64,-56.4,-55.1,0,5.900
60.77,57.66,-53.4,-55.1,0,5.900
60.79,57.68,-54.8,-55.1,0,5.900
60.81,57.70,-55.3,-55.0,0,5.900
60.83,57.72,-54.9,-55.1,0,5.900
60.87,57.74,-52.3,-55.0,0,5.900
60.89,57.76,-54.9,-55.0,0,5.900
60.91,57.78,-52.6,-55.0,0,5.900
60.93,57.80,-55.0,-55.0,0,5.900
60.95,57.82,-54.2,-55.0,0,5.900
60.99,57.84,-52.4,-55.0,0,5.900
61.01,57.86,-54.6,-55.0,0,5.962
61.05,57.88,-54.6,-55.0,0,5.962
61.05,57.90,-56.5,-55.0,0,5.962
61.07,57.92,-52.3,-55.0,0,5.962
61.09,57.94,-54.9,-54.9,0,5.962
61.11,57.96,-53.1,-54.9,0,5.962
61.13,57.98,-51.8,-54.9,0,5.962
61.15,58.00,-47.7,-54.9,0,5.962
61.17,58.02,-31.5,-54.8,0,5.962
61.19,58.04,-17.6,-54.6,1,5.962
61.21,58.06,-10.1,-54.2,0,5.962
61.23,58.08,-6.1,-53.8,0,5.962
61.25,58.10,-4.4,-53.3,0,5.962
61.27,58.12,-4.4,-52.8,0,5.962
61.29,58.14,-5.6,-52.3,0,5.962
61.30,58.16,-7.8,-51.9,0,5.962
61.33,58.18,-11.6,-51.4,0,5.962
61.34,58.20,-14.1,-51.0,0,5.962
61.38,58.22,-13.6,-50.7,0,5.962
61.41,58.24,-16.4,-50.3,0,5.962
61.42,58.26,-19.1,-50.0,0,5.962
61.44,58.28,-23.2,-49.7,0,5.962
61.46,58.30,-23.5,-49.4,0,5.962
61.48,58.32,-27.4,-49.1,0,5.962
61.50,58.34,-24.4,-48.9,0,2.111
61.55,58.36,-23.9,-48.7,0,2.111
61.55,58.38,-22.3,-48.4,0,2.111
61.56,58.40,-25.8,-48.2,0,2.111
61.58,58.42,-28.4,-48.0,0,2.111
61.60,58.44,-23.7,-47.8,0,2.111
61.62,58.46,-18.2,-47.5,0,2.111
61.64,58.48,-16.8,-47.2,0,2.111
61.66,58.50,-19.2,-46.9,0,2.111
61.68,58.52,-23.8,-46.6,0,2.111
61.70,58.54,-25.7,-46.4,0,2.111
61.72,58.56,-22.2,-46.2,0,2.111
61.74,58.58,-21.9,-46.0,0,2.111
61.78,58.60,-21.8,-45.7,0,2.111
61.80,58.62,-20.2,-45.5,0,2.111
61.82,58.64,-18.0,-45.2,0,2.111
61.84,58.66,-16.3,-45.0,0,2.111
61.86,58.68,-15.2,-44.7,0,2.111
61.88,58.70,-13.0,-44.4,0,2.111
61.90,58.72,-13.8,-44.1,0,2.111
61.92,58.74,-16.5,-43.8,0,2.111
61.94,58.76,-19.6,-43.5,0,2.111
61.96,58.78,-22.0,-43.3,0,2.111
61.98,58.80,-23.7,-43.1,0,2.111
62.00,58.82,-28.4,-42.9,0,1.776
62.04,58.84,-31.6,-42.7,0,1.776
62.05,58.86,-25.3,-42.6,0,1.776
62.06,58.88,-18.1,-42.4,0,1.776
62.08,58.90,-15.1,-42.2,0,1.776
62.10,58.92,-18.1,-41.9,0,1.776
62.12,58.94,-16.9,-41.7,0,1.776
62.14,58.96,-19.4,-41.4,0,1.776
62.18,58.98,-19.9,-41.2,0,1.776
62.20,59.00,-17.4,-41.0,0,1.776
62.22,59.02,-16.8,-40.8,0,1.776
62.24,59.04,-17.6,-40.5,0,1.776
62.26,59.06,-18.2,-40.3,0,1.776
62.28,59.08,-17.4,-40.1,0,1.776
62.30,59.10,-20.0,-39.9,0,1.776
62.32,59.12,-23.4,-39.7,0,1.776
62.34,59.14,-26.7,-39.5,0,1.776
62.36,59.16,-31.8,-39.4,0,1.776
62.38,59.18,-37.4,-39.3,0,1.776
62.42,59.20,-43.8,-39.3,0,1.776
62.44,59.22,-44.4,-39.3,0,1.776
62.46,59.24,-47.9,-39.4,0,1.776
62.48,59.26,-50.5,-39.5,0,1.776
62.50,59.28,-56.0,-39.6,0,1.589
62.56,59.30,-55.6,-39.7,0,1.589
62.61,59.32,-55.1,-39.9,0,1.589
62.61,59.34,-54.5,-40.0,0,1.589
62.63,59.36,-55.3,-40.2,0,1.589
62.65,59.38,-56.3,-40.3,0,1.589
62.67,59.40,-53.5,-40.5,0,1.589
62.69,59.42,-53.3,-40.6,0,1.589
62.71,59.44,-53.7,-40.8,0,1.589
62.73,59.46,-52.2,-40.9,0,1.589
62.77,59.48,-50.0,-41.0,0,1.589
62.79,59.50,-51.6,-41.1,0,1.589
62.81,59.52,-51.1,-41.2,0,1.589
62.83,59.54,-48.9,-41.3,0,1.589
62.85,59.56,-49.7,-41.4,0,1.589
62.87,59.58,-53.0,-41.5,0,1.589
62.89,59.60,-53.1,-41.6,0,1.589
62.91,59.62,-54.2,-41.7,0,1.589
62.93,59.64,-53.8,-41.8,0,1.589
62.95,59.66,-52.8,-41.9,0,1.589
62.97,59.68,-53.7,-42.0,0,1.589
62.99,59.70,-53.3,-42.1,0,1.589
63.01,59.72,-54.8,-42.3,0,1.589
63.06,59.74,-54.0,-42.4,0,1.589
63.06,59.76,-50.6,-42.5,0,1.589
63.07,59.78,-52.0,-42.6,0,1.589
63.09,59.80,-50.4,-42.7,0,1.589
63.11,59.82,-44.9,-42.8,0,1.589
63.13,59.84,-48.4,-42.8,0,1.589
63.15,59.86,-47.7,-42.8,0,1.589
63.17,59.88,-51.8,-42.9,0,1.589
63.19,59.90,-52.6,-43.0,0,1.589
63.21,59.92,-54.7,-43.1,0,1.589
63.23,59.94,-55.0,-43.2,0,1.589
63.25,59.96,-56.4,-43.3,0,1.589
63.27,59.98,-56.6,-43.4,0,1.589
63.29,60.00,-58.2,-43.6,0,1.589
63.31,60.02,-58.9,-43.7,0,1.589
63.33,60.04,-59.9,-43.9,0,1.589
63.35,60.06,-54.4,-44.0,0,1.589
63.39,60.08,-52.8,-44.1,0,1.589
63.41,60.10,-54.0,-44.2,0,1.589
63.43,60.12,-55.8,-44.3,0,1.589
63.44,60.14,-45.4,-44.4,0,1.589
63.46,60.16,-40.1,-44.4,0,1.589
63.48,60.18,-37.1,-44.4,0,1.589
63.50,60.20,-38.0,-44.3,0,1.575
63.55,60.22,-37.8,-44.2,0,1.575
63.55,60.24,-29.0,-44.2,0,1.575
63.56,60.26,-24.7,-44.0,0,1.575
63.58,60.28,-22.5,-43.8,0,1.575
63.62,60.30,-27.1,-43.6,0,1.575
63.64,60.32,-26.4,-43.5,0,1.575
63.66,60.34,-25.5,-43.3,0,1.575
63.68,60.36,-27.9,-43.1,0,1.575
63.70,60.38,-29.2,-43.0,0,1.575
63.72,60.40,-31.6,-42.8,0,1.575
63.74,60.42,-33.0,-42.7,0,1.575
63.76,60.44,-33.7,-42.6,0,1.575
63.78,60.46,-33.6,-42.5,0,1.575
63.80,60.48,-21.1,-42.4,0,1.575
63.82,60.50,-19.9,-42.2,0,1.575
63.84,60.52,-19.5,-42.0,0,1.575
63.86,60.54,-19.5,-41.8,0,1.575
63.88,60.56,-23.6,-41.6,0,1.575
63.90,60.58,-22.8,-41.4,0,1.575
63.92,60.60,-28.5,-41.2,0,1.575
63.94,60.62,-29.5,-41.1,0,1.575
63.96,60.64,-32.8,-41.0,0,1.575
63.98,60.66,-29.1,-40.9,0,1.575
64.00,60.68,-24.9,-40.8,0,1.529
64.05,60.70,-20.4,-40.6,0,1.529
64.05,60.72,-17.7,-40.4,0,1.529
64.06,60.74,-18.6,-40.2,0,1.529
64.08,60.76,-20.2,-40.0,0,1.529
64.10,60.78,-18.4,-39.8,0,1.529
64.14,60.80,-20.1,-39.5,0,1.529
64.18,60.82,-18.5,-39.4,0,1.529
64.20,60.84,-16.5,-39.1,0,1.529
64.22,60.86,-15.2,-38.9,0,1.529
64.24,60.88,-15.8,-38.7,0,1.529
64.26,60.90,-18.8,-38.5,0,1.529
64.28,60.92,-21.5,-38.3,0,1.529
64.30,60.94,-22.9,-38.1,0,1.529
64.32,60.96,-24.0,-37.9,0,1.529
64.34,60.98,-27.4,-37.8,0,1.529
64.36,61.00,-26.5,-37.7,0,1.529
64.38,61.02,-23.7,-37.6,0,1.529
64.40,61.04,-24.6,-37.5,0,1.529
64.42,61.06,-25.3,-37.3,0,1.529
64.44,61.08,-27.1,-37.2,0,1.529
64.46,61.10,-27.9,-37.1,0,1.529
64.48,61.12,-25.7,-37.0,0,1.529
64.50,61.14,-24.6,-36.9,0,1.470
64.54,61.16,-25.7,-36.8,0,1.470
64.54,61.18,-28.7,-36.7,0,1.470
64.58,61.20,-30.2,-36.6,0,1.470
64.60,61.22,-31.7,-36.5,0,1.470
64.62,61.24,-34.6,-36.5,0,1.470
64.64,61.26,-37.7,-36.5,0,1.470
64.66,61.28,-42.2,-36.5,0,1.470
64.68,61.30,-42.3,-36.5,0,1.470
64.70,61.32,-47.6,-36.6,0,1.470
64.72,61.34,-48.7,-36.7,0,1.470
64.74,61.36,-41.4,-36.8,0,1.470
64.76,61.38,-32.1,-36.9,0,1.470
64.78,61.40,-27.1,-36.8,0,1.470
64.80,61.42,-26.2,-36.7,0,1.470
64.82,61.44,-25.6,-36.6,0,1.470
64.84,61.46,-22.8,-36.5,0,1.470
64.86,61.48,-25.8,-36.4,0,1.470
64.88,61.50,-29.1,-36.3,0,1.470
64.90,61.52,-30.4,-36.2,0,1.470
64.92,61.54,-32.9,-36.1,0,1.470
64.94,61.56,-30.8,-36.1,0,1.470
64.98,61.58,-31.1,-36.0,0,1.470
65.00,61.60,-30.6,-36.0,0,1.457
65.05,61.62,-30.7,-35.9,0,1.457
65.05,61.64,-36.2,-35.9,0,1.457
65.06,61.66,-39.4,-35.9,0,1.457
65.08,61.68,-41.1,-35.9,0,1.457
65.10,61.70,-36.7,-36.0,0,1.457
65.12,61.72,-21.8,-36.0,0,1.457
65.14,61.74,-17.8,-35.8,0,1.457
65.16,61.76,-21.9,-35.7,0,1.457
65.18,61.78,-23.5,-35.5,0,1.457
65.20,61.80,-28.8,-35.4,0,1.457
65.22,61.82,-33.3,-35.3,0,1.457
65.24,61.84,-34.2,-35.3,0,1.457
65.26,61.86,-28.2,-35.3,0,1.457
65.28,61.88,-22.6,-35.2,0,1.457
65.30,61.90,-23.3,-35.1,0,1.457
65.32,61.92,-22.3,-35.0,0,1.457
65.34,61.94,-25.7,-34.9,0,1.457
65.38,61.96,-31.1,-34.8,0,1.457
65.40,61.98,-38.0,-34.7,0,1.457
65.42,62.00,-41.3,-34.8,0,1.457
65.44,62.02,-44.5,-34.8,0,1.457
65.46,62.04,-46.1,-34.9,0,1.457
65.48,62.06,-47.2,-35.0,0,1.457
65.50,62.08,-46.4,-35.2,0,1.459
65.55,62.10,-41.9,-35.3,0,1.459
65.55,62.12,-34.7,-35.3,0,1.459
65.56,62.14,-31.6,-35.3,0,1.459
65.58,62.16,-29.8,-35.3,0,1.459
65.60,62.18,-24.7,-35.2,0,1.459
65.62,62.20,-25.6,-35.1,0,1.459
65.64,62.22,-27.6,-35.0,0,1.459
65.66,62.24,-29.2,-35.0,0,1.459
65.68,62.26,-32.5,-34.9,0,1.459
65.71,62.28,-41.8,-34.9,0,1.459
65.72,62.30,-40.9,-35.0,0,1.459
65.74,62.32,-44.4,-35.0,0,1.459
65.78,62.34,-52.6,-35.1,0,1.459
65.80,62.36,-53.2,-35.3,0,1.459
65.82,62.38,-34.1,-35.5,0,1.459
65.84,62.40,-25.3,-35.5,0,1.459
65.86,62.42,-25.2,-35.4,0,1.459
65.88,62.44,-22.2,-35.3,0,1.459
65.90,62.46,-21.2,-35.1,0,1.459
65.93,62.48,-26.6,-35.0,0,1.459
65.94,62.50,-27.6,-34.9,0,1.459
65.96,62.52,-24.2,-34.8,0,1.459
65.98,62.54,-23.9,-34.7,0,1.459
66.00,62.56,-24.8,-34.6,0,1.490
66.04,62.58,-24.6,-34.5,0,1.490
66.06,62.60,-22.7,-34.4,0,1.490
66.08,62.62,-22.8,-34.3,0,1.490
66.10,62.64,-22.5,-34.2,0,1.490
66.12,62.66,-23.3,-34.1,0,1.490
66.14,62.68,-22.1,-34.0,0,1.490
66.18,62.70,-23.2,-33.8,0,1.490
66.20,62.72,-22.2,-33.7,0,1.490
66.22,62.74,-28.4,-33.6,0,1.490
66.24,62.76,-29.1,-33.6,0,1.490
66.26,62.78,-31.5,-33.5,0,1.490
66.28,62.80,-36.6,-33.5,0,1.490
66.30,62.82,-37.3,-33.5,0,1.490
66.32,62.84,-37.6,-33.6,0,1.490
66.34,62.86,-24.1,-33.6,0,1.490
66.36,62.88,-24.4,-33.5,0,1.490
66.38,62.90,-27.8,-33.4,0,1.490
66.40,62.92,-32.5,-33.4,0,1.490
66.42,62.94,-37.5,-33.4,0,1.490
66.44,62.96,-40.0,-33.4,0,1.490
66.46,62.98,-47.3,-33.5,0,1.490
66.48,63.00,-50.4,-33.6,0,1.490
66.50,63.02,-32.6,-33.8,0,1.534
66.55,63.04,-27.8,-33.8,0,1.534
66.55,63.06,-26.1,-33.7,0,1.534
66.56,63.08,-23.2,-33.6,0,1.534
66.58,63.10,-20.5,-33.5,0,1.534
66.60,63.12,-20.7,-33.4,0,1.534
66.62,63.14,-21.4,-33.3,0,1.534
66.64,63.16,-21.1,-33.2,0,1.534
66.66,63.18,-21.3,-33.0,0,1.534
66.68,63.20,-24.5,-32.9,0,1.534
66.70,63.22,-26.4,-32.8,0,1.534
66.72,63.24,-25.5,-32.8,0,1.534
66.74,63.26,-25.8,-32.7,0,1.534
66.76,63.28,-26.8,-32.6,0,1.534
66.78,63.30,-26.4,-32.6,0,1.534
66.80,63.32,-26.5,-32.5,0,1.534
66.82,63.34,-30.6,-32.4,0,1.534
66.84,63.36,-24.1,-32.4,0,1.534
66.86,63.38,-23.8,-32.3,0,1.534
66.88,63.40,-23.3,-32.3,0,1.534
66.90,63.42,-21.3,-32.2,0,1.534
66.92,63.44,-22.1,-32.1,0,1.534
66.94,63.46,-23.7,-32.0,0,1.534
66.98,63.48,-27.6,-31.9,0,1.534
67.00,63.50,-26.9,-31.8,0,1.560
67.04,63.52,-27.1,-31.8,0,1.560
67.04,63.54,-28.1,-31.7,0,1.560
67.08,63.56,-31.3,-31.7,0,1.560
67.10,63.58,-33.2,-31.7,0,1.560
67.14,63.60,-41.5,-31.7,0,1.560
67.16,63.62,-42.1,-31.8,0,1.560
67.18,63.64,-47.0,-31.9,0,1.560
67.22,63.66,-46.2,-32.1,0,1.560
67.24,63.68,-52.2,-32.2,0,1.560
67.26,63.70,-54.8,-32.4,0,1.560
67.28,63.72,-59.9,-32.6,0,1.560
67.32,63.74,-61.3,-32.9,0,1.560
67.34,63.76,-63.1,-33.2,0,1.560
67.38,63.78,-64.9,-33.5,0,1.560
67.40,63.80,-65.3,-33.8,0,1.560
67.42,63.82,-64.3,-34.1,0,1.560
67.44,63.84,-66.6,-34.4,0,1.560
67.48,63.86,-68.5,-34.7,0,1.560
67.50,63.88,-67.2,-35.1,0,1.560
67.55,63.90,-67.9,-35.4,0,1.560
67.55,63.92,-69.6,-35.7,0,1.560
67.56,63.94,-68.6,-36.0,0,1.560
67.58,63.96,-71.4,-36.4,0,1.560
67.60,63.98,-71.4,-36.7,0,1.560
67.62,64.00,-73.1,-37.1,0,1.560
67.64,64.02,-71.2,-37.4,0,1.560
67.66,64.04,-68.6,-37.8,0,1.560
67.68,64.06,-71.7,-38.1,0,1.560
67.70,64.08,-71.0,-38.4,0,1.560
67.72,64.10,-70.6,-38.7,0,1.560
67.74,64.12,-71.5,-39.0,0,1.560
67.78,64.14,-70.2,-39.4,0,1.560
67.80,64.16,-70.3,-39.7,0,1.560
67.82,64.18,-72.5,-40.0,0,1.560
67.84,64.20,-71.0,-40.3,0,1.560
67.86,64.22,-73.1,-40.6,0,1.560
67.92,64.24,-70.2,-40.9,0,1.560
67.94,64.26,-70.8,-41.2,0,1.560
67.96,64.28,-71.6,-41.5,0,1.560
67.98,64.30,-72.6,-41.8,0,1.560
68.00,64.32,-70.6,-42.1,0,1.560
68.04,64.34,-68.1,-42.4,0,1.560
68.04,64.36,-71.5,-42.7,0,1.560
68.06,64.38,-71.3,-42.9,0,1.560
68.08,64.40,-71.9,-43.2,0,1.560
68.10,64.42,-74.3,-43.5,0,1.560
68.12,64.44,-72.1,-43.8,0,1.560
68.14,64.46,-72.4,-44.1,0,1.560
68.16,64.48,-70.2,-44.4,0,1.560
68.18,64.50,-70.5,-44.6,0,1.560
68.20,64.52,-74.4,-44.9,0,1.560
68.22,64.54,-73.0,-45.2,0,1.560
68.24,64.56,-71.5,-45.5,0,1.560
68.26,64.58,-72.2,-45.7,0,1.560
68.28,64.60,-70.3,-46.0,0,1.560
68.30,64.62,-69.5,-46.2,0,1.560
68.32,64.64,-69.3,-46.5,0,1.560
68.34,64.66,-71.3,-46.7,0,1.560
68.36,64.68,-71.3,-46.9,0,1.560
68.38,64.70,-69.2,-47.2,0,1.560
68.39,64.72,-70.2,-47.4,0,1.560
68.41,64.74,-69.9,-47.6,0,1.560
68.43,64.76,-69.4,-47.8,0,1.560
68.45,64.78,-71.7,-48.1,0,1.560
68.47,64.80,-70.7,-48.3,0,1.560
68.49,64.82,-69.0,-48.5,0,1.560
68.51,64.84,-70.3,-48.7,0,1.561
68.56,64.86,-70.3,-48.9,0,1.561
68.56,64.88,-51.1,-49.1,0,1.561
68.59,64.90,-26.3,-49.2,0,1.561
68.61,64.92,-20.8,-48.9,0,1.561
68.63,64.94,-15.1,-48.7,0,1.561
68.65,64.96,-17.2,-48.3,0,1.561
68.67,64.98,-16.7,-48.0,0,1.561
68.69,65.00,-17.0,-47.7,0,1.561
68.70,65.02,-20.6,-47.4,0,1.561
68.74,65.04,-25.0,-47.1,0,1.561
68.76,65.06,-33.8,-46.9,0,1.561
68.78,65.08,-37.0,-46.8,0,1.561
68.80,65.10,-39.5,-46.7,0,1.561
68.82,65.12,-44.4,-46.6,0,1.561
68.84,65.14,-45.3,-46.6,0,1.561
68.86,65.16,-48.4,-46.6,0,1.561
68.90,65.18,-55.2,-46.6,0,1.561
68.92,65.20,-50.5,-46.7,0,1.561
68.94,65.22,-49.4,-46.7,0,1.561
68.98,65.24,-40.3,-46.7,0,1.561
69.00,65.26,-43.0,-46.7,0,1.585
69.06,65.28,-32.5,-46.6,0,1.585
69.08,65.30,-37.2,-46.5,0,1.585
69.08,65.32,-30.0,-46.4,0,1.585
69.10,65.34,-25.2,-46.2,0,1.585
69.14,65.36,-27.0,-46.0,0,1.585
69.18,65.38,-35.9,-45.8,0,1.585
69.22,65.40,-20.6,-45.7,0,1.585
69.24,65.42,-16.6,-45.5,0,1.585
69.26,65.44,-14.6,-45.2,0,1.585
69.28,65.46,-15.0,-44.9,0,1.585
69.30,65.48,-17.8,-44.6,0,1.585
69.32,65.50,-20.5,-44.3,0,1.585
69.34,65.52,-23.0,-44.1,0,1.585
69.38,65.54,-28.7,-43.9,0,1.585
69.42,65.56,-35.9,-43.7,0,1.585
69.44,65.58,-33.5,-43.7,0,1.585
69.48,65.60,-22.7,-43.6,0,1.585
69.50,65.62,-21.2,-43.4,0,1.569
69.54,65.64,-27.2,-43.1,0,1.569
69.56,65.66,-31.7,-43.0,0,1.569
69.58,65.68,-35.6,-42.9,0,1.569
69.62,65.70,-42.7,-42.8,0,1.569
69.64,65.72,-45.2,-42.8,0,1.569
69.68,65.74,-52.8,-42.8,0,1.569
69.72,65.76,-58.1,-42.9,0,1.569
69.74,65.78,-62.6,-43.1,0,1.569
69.78,65.80,-65.5,-43.3,0,1.569
69.80,65.82,-67.4,-43.5,0,1.569
69.82,65.84,-67.6,-43.7,0,1.569
69.84,65.86,-63.3,-44.0,0,1.569
69.88,65.88,-61.5,-44.2,0,1.569
69.90,65.90,-63.1,-44.3,0,1.569
69.94,65.92,-63.6,-44.5,0,1.569
69.98,65.94,-66.2,-44.7,0,1.569
70.00,65.96,-66.1,-44.9,0,1.615
70.05,65.98,-66.2,-45.1,0,1.615
70.10,66.00,-66.6,-45.3,0,1.615
70.11,66.02,-65.7,-45.5,0,1.615
70.13,66.04,-64.6,-45.7,0,1.615
70.15,66.06,-65.2,-45.9,0,1.615
70.17,66.08,-63.9,-46.1,0,1.615
70.19,66.10,-63.5,-46.3,0,1.615
70.21,66.12,-64.4,-46.5,0,1.615
70.23,66.14,-66.3,-46.7,0,1.615
70.25,66.16,-65.0,-46.8,0,1.615
70.27,66.18,-66.8,-47.0,0,1.615
70.29,66.20,-67.3,-47.2,0,1.615
70.31,66.22,-68.0,-47.4,0,1.615
70.33,66.24,-67.8,-47.6,0,1.615
70.35,66.26,-69.0,-47.8,0,1.615
70.37,66.28,-67.8,-48.0,0,1.615
70.39,66.30,-67.0,-48.2,0,1.615
70.41,66.32,-67.5,-48.4,0,1.615
70.43,66.34,-69.7,-48.6,0,1.615
70.45,66.36,-67.8,-48.8,0,1.615
70.47,66.38,-68.0,-49.0,0,1.615
70.49,66.40,-66.8,-49.2,0,1.615
70.51,66.42,-66.1,-49.4,0,1.615
70.56,66.44,-67.7,-49.5,0,1.615
70.56,66.46,-68.8,-49.7,0,1.615
70.57,66.48,-69.2,-49.9,0,1.615
70.59,66.50,-68.7,-50.1,0,1.615
70.61,66.52,-66.9,-50.3,0,1.615
70.63,66.54,-64.9,-50.5,0,1.615
70.65,66.56,-64.0,-50.6,0,1.615
70.67,66.58,-64.3,-50.7,0,1.615
70.69,66.60,-63.5,-50.9,0,1.615
70.71,66.62,-62.7,-51.0,0,1.615
70.73,66.64,-63.9,-51.1,0,1.615
70.75,66.66,-65.4,-51.2,0,1.615
70.77,66.68,-63.4,-51.4,0,1.615
70.79,66.70,-61.5,-51.5,0,1.615
70.81,66.72,-62.6,-51.6,0,1.615
70.83,66.74,-64.5,-51.7,0,1.615
70.85,66.76,-65.9,-51.8,0,1.615
70.87,66.78,-67.8,-52.0,0,1.615
70.89,66.80,-66.4,-52.1,0,1.615
70.91,66.82,-67.2,-52.3,0,1.615
70.93,66.84,-67.2,-52.4,0,1.615
70.95,66.86,-65.8,-52.6,0,1.615
70.97,66.88,-66.8,-52.7,0,1.615
70.99,66.90,-66.6,-52.8,0,1.615
71.01,66.92,-64.4,-53.0,0,1.615
71.05,66.94,-64.1,-53.1,0,1.615
71.05,66.96,-64.1,-53.2,0,1.615
71.07,66.98,-64.9,-53.3,0,1.615
71.09,67.00,-64.3,-53.4,0,1.615
71.11,67.02,-64.3,-53.5,0,1.615
71.13,67.04,-64.2,-53.6,0,1.615
71.15,67.06,-62.6,-53.7,0,1.615
71.17,67.08,-64.4,-53.8,0,1.615
71.19,67.10,-63.5,-53.9,0,1.615
71.21,67.12,-66.6,-54.0,0,1.615
71.23,67.14,-63.9,-54.2,0,1.615
71.25,67.16,-65.1,-54.3,0,1.615
71.27,67.18,-66.0,-54.4,0,1.615
71.29,67.20,-66.9,-54.5,0,1.615
71.31,67.22,-63.7,-54.6,0,1.615
71.33,67.24,-64.2,-54.7,0,1.615
71.35,67.26,-63.5,-54.8,0,1.615
71.37,67.28,-65.2,-54.9,0,1.615
71.39,67.30,-66.3,-55.0,0,1.615
71.41,67.32,-66.9,-55.1,0,1.615
71.43,67.34,-66.7,-55.2,0,1.615
71.45,67.36,-66.4,-55.3,0,1.615
71.47,67.38,-65.2,-55.4,0,1.615
71.49,67.40,-64.4,-55.5,0,1.615
71.51,67.42,-62.3,-55.6,0,1.615
71.55,67.44,-63.4,-55.7,0,1.615
71.55,67.46,-64.6,-55.8,0,1.615
71.57,67.48,-63.7,-55.8,0,1.615
71.59,67.50,-66.1,-55.9,0,1.615
71.61,67.52,-63.7,-56.0,0,1.615
71.63,67.54,-65.0,-56.1,0,1.615
71.65,67.56,-64.6,-56.2,0,1.615
71.67,67.58,-63.6,-56.3,0,1.615
71.69,67.60,-66.2,-56.3,0,1.615
71.71,67.62,-65.0,-56.4,0,1.615
71.73,67.64,-64.0,-56.5,0,1.615
71.75,67.66,-65.2,-56.6,0,1.615
71.77,67.68,-63.5,-56.7,0,1.615
71.79,67.70,-64.8,-56.8,0,1.615
71.81,67.72,-63.4,-56.8,0,1.615
71.83,67.74,-63.1,-56.9,0,1.615
71.85,67.76,-64.0,-57.0,0,1.615
71.87,67.78,-63.5,-57.0,0,1.615
71.89,67.80,-64.3,-57.1,0,1.615
71.91,67.82,-62.9,-57.2,0,1.615
71.93,67.84,-64.1,-57.2,0,1.615
71.95,67.86,-64.5,-57.3,0,1.615
71.97,67.88,-64.4,-57.4,0,1.615
71.99,67.90,-63.5,-57.4,0,1.615
72.01,67.92,-62.9,-57.5,0,1.615
72.04,67.94,-62.6,-57.6,0,1.615
72.05,67.96,-62.1,-57.6,0,1.615
72.07,67.98,-62.7,-57.6,0,1.615
72.09,68.00,-63.4,-57.7,0,1.615
72.11,68.02,-62.2,-57.8,0,1.615
72.13,68.04,-63.3,-57.8,0,1.615
72.15,68.06,-62.2,-57.9,0,1.615
72.19,68.08,-63.4,-57.9,0,1.615
72.21,68.10,-62.4,-58.0,0,1.615
72.23,68.12,-62.9,-58.0,0,1.615
72.25,68.14,-62.2,-58.0,0,1.615
72.27,68.16,-61.5,-58.1,0,1.615
72.29,68.18,-60.6,-58.1,0,1.615
72.31,68.20,-63.1,-58.1,0,1.615
72.33,68.22,-62.4,-58.2,0,1.615
72.35,68.24,-63.3,-58.2,0,1.615
72.37,68.26,-64.6,-58.3,0,1.615
72.39,68.28,-63.7,-58.3,0,1.615
72.41,68.30,-64.6,-58.4,0,1.615
72.43,68.32,-63.6,-58.5,0,1.615
72.45,68.34,-63.4,-58.5,0,1.615
72.47,68.36,-62.7,-58.6,0,1.615
72.49,68.38,-62.8,-58.6,0,1.615
72.51,68.40,-62.2,-58.6,0,1.615
72.54,68.42,-61.7,-58.7,0,1.615
72.55,68.44,-62.2,-58.7,0,1.615
72.59,68.46,-65.2,-58.7,0,1.615
72.61,68.48,-65.2,-58.8,0,1.615
72.63,68.50,-66.1,-58.9,0,1.615
72.65,68.52,-65.6,-58.9,0,1.615
72.67,68.54,-65.2,-59.0,0,1.615
72.69,68.56,-64.0,-59.1,0,1.615
72.71,68.58,-64.7,-59.1,0,1.615
72.75,68.60,-64.6,-59.2,0,1.615
72.77,68.62,-64.6,-59.2,0,1.615
72.79,68.64,-64.9,-59.3,0,1.615
72.81,68.66,-65.7,-59.3,0,1.615
72.83,68.68,-67.0,-59.4,0,1.615
72.85,68.70,-66.0,-59.5,0,1.615
72.87,68.72,-64.6,-59.5,0,1.615
72.89,68.74,-63.2,-59.6,0,1.615
72.91,68.76,-63.8,-59.6,0,1.615
72.93,68.78,-66.3,-59.7,0,1.615
72.95,68.80,-66.2,-59.7,0,1.615
72.99,68.82,-65.2,-59.8,0,1.615
73.01,68.84,-64.6,-59.9,0,1.615
73.06,68.86,-63.8,-59.9,0,1.615
73.06,68.88,-62.4,-59.9,0,1.615
73.07,68.90,-64.6,-60.0,0,1.615
73.09,68.92,-64.6,-60.0,0,1.615
73.11,68.94,-62.6,-60.1,0,1.615
73.13,68.96,-62.0,-60.1,0,1.615
73.15,68.98,-60.7,-60.1,0,1.615
73.17,69.00,-60.6,-60.1,0,1.615
73.19,69.02,-61.2,-60.1,0,1.615
73.21,69.04,-62.4,-60.1,0,1.615
73.23,69.06,-62.5,-60.1,0,1.615
73.25,69.08,-62.9,-60.2,0,1.615
73.27,69.10,-65.6,-60.2,0,1.615
73.29,69.12,-65.8,-60.3,0,1.615
73.31,69.14,-66.3,-60.3,0,1.615
73.33,69.16,-67.9,-60.4,0,1.615
73.35,69.18,-68.2,-60.4,0,1.615
73.37,69.20,-67.2,-60.5,0,1.615
73.39,69.22,-68.4,-60.6,0,1.615
73.41,69.24,-68.8,-60.7,0,1.615
73.43,69.26,-68.7,-60.7,0,1.615
73.45,69.28,-68.1,-60.8,0,1.615
73.47,69.30,-72.3,-60.9,0,1.615
73.49,69.32,-64.8,-61.0,0,1.615
73.51,69.34,-66.2,-61.0,0,1.615
73.55,69.36,-69.2,-61.1,0,1.615
73.55,69.38,-68.0,-61.2,0,1.615
73.57,69.40,-67.0,-61.2,0,1.615
73.59,69.42,-69.2,-61.3,0,1.615
73.61,69.44,-69.1,-61.4,0,1.615
73.63,69.46,-67.1,-61.5,0,1.615
73.65,69.48,-68.3,-61.5,0,1.615
73.67,69.50,-69.1,-61.6,0,1.615
73.69,69.52,-66.7,-61.7,0,1.615
73.71,69.54,-66.6,-61.7,0,1.615
73.73,69.56,-69.4,-61.8,0,1.615
73.75,69.58,-69.8,-61.8,0,1.615
73.77,69.60,-67.9,-61.9,0,1.615
73.79,69.62,-69.6,-62.0,0,1.615
73.81,69.64,-67.0,-62.0,0,1.615
73.83,69.66,-67.5,-62.1,0,1.615
73.85,69.68,-69.8,-62.2,0,1.615
73.87,69.70,-70.2,-62.2,0,1.615
73.89,69.72,-70.1,-62.3,0,1.615
73.91,69.74,-68.7,-62.4,0,1.615
73.93,69.76,-66.5,-62.4,0,1.615
73.95,69.78,-66.7,-62.5,0,1.615
73.97,69.80,-68.8,-62.5,0,1.615
73.99,69.82,-67.8,-62.6,0,1.615
74.01,69.84,-69.3,-62.6,0,1.615
74.04,69.86,-67.4,-62.7,0,1.615
74.05,69.88,-69.3,-62.8,0,1.615
74.07,69.90,-69.4,-62.8,0,1.615
74.09,69.92,-68.6,-62.9,0,1.615
74.11,69.94,-67.2,-62.9,0,1.615
74.13,69.96,-69.0,-63.0,0,1.615
74.15,69.98,-69.6,-63.0,0,1.615
74.19,70.00,-70.8,-63.1,0,1.615
74.21,70.02,-67.9,-63.2,0,1.615
74.23,70.04,-69.9,-63.2,0,1.615
74.25,70.06,-67.4,-63.3,0,1.615
74.27,70.08,-68.3,-63.3,0,1.615
74.29,70.10,-68.8,-63.4,0,1.615
74.31,70.12,-67.7,-63.4,0,1.615
74.33,70.14,-68.9,-63.5,0,1.615
74.35,70.16,-69.7,-63.5,0,1.615
74.37,70.18,-67.9,-63.6,0,1.615
74.39,70.20,-67.4,-63.6,0,1.615
74.41,70.22,-68.5,-63.7,0,1.615
74.43,70.24,-68.3,-63.7,0,1.615
74.45,70.26,-70.0,-63.8,0,1.615
74.47,70.28,-70.0,-63.8,0,1.615
74.49,70.30,-70.5,-63.9,0,1.615
74.51,70.32,-69.8,-64.0,0,1.615
74.54,70.34,-70.5,-64.0,0,1.615
74.55,70.36,-70.4,-64.1,0,1.615
74.57,70.38,-68.2,-64.1,0,1.615
74.59,70.40,-70.2,-64.2,0,1.615
74.61,70.42,-70.6,-64.2,0,1.615
74.63,70.44,-68.6,-64.3,0,1.615
74.65,70.46,-67.1,-64.4,0,1.615
74.67,70.48,-67.5,-64.4,0,1.615
74.69,70.50,-67.3,-64.4,0,1.615
74.71,70.52,-61.8,-64.4,0,1.615
74.73,70.54,-60.8,-64.4,0,1.615
74.75,70.56,-61.0,-64.4,0,1.615
74.77,70.58,-60.3,-64.3,0,1.615
74.79,70.60,-60.8,-64.3,0,1.615
74.81,70.62,-61.2,-64.3,0,1.615
74.83,70.64,-64.3,-64.2,0,1.615
74.85,70.66,-66.1,-64.2,0,1.615
74.87,70.68,-65.7,-64.3,0,1.615
74.89,70.70,-68.2,-64.3,0,1.615
74.91,70.72,-66.9,-64.3,0,1.615
74.93,70.74,-68.7,-64.3,0,1.615
74.95,70.76,-68.7,-64.4,0,1.615
74.97,70.78,-68.5,-64.4,0,1.615
74.99,70.80,-67.7,-64.5,0,1.615
75.01,70.82,-69.4,-64.5,0,1.615
75.05,70.84,-67.6,-64.5,0,1.615
75.05,70.86,-70.5,-64.6,0,1.615
75.07,70.88,-67.8,-64.6,0,1.615
75.09,70.90,-66.1,-64.7,0,1.615
75.11,70.92,-67.2,-64.7,0,1.615
75.13,70.94,-69.2,-64.7,0,1.615
75.15,70.96,-68.0,-64.7,0,1.615
75.17,70.98,-67.7,-64.8,0,1.615
75.19,71.00,-66.8,-64.8,0,1.615
75.21,71.02,-67.9,-64.8,0,1.615
75.23,71.04,-69.2,-64.9,0,1.615
75.25,71.06,-69.5,-64.9,0,1.615
75.27,71.08,-69.1,-64.9,0,1.615
75.29,71.10,-70.2,-65.0,0,1.615
75.31,71.12,-68.3,-65.0,0,1.615
75.33,71.14,-70.4,-65.1,0,1.615
75.35,71.16,-67.8,-65.1,0,1.615
75.37,71.18,-68.9,-65.2,0,1.615
75.39,71.20,-65.2,-65.2,0,1.615
75.41,71.22,-69.9,-65.2,0,1.615
75.43,71.24,-69.6,-65.2,0,1.615
75.45,71.26,-69.5,-65.3,0,1.615
75.47,71.28,-69.6,-65.3,0,1.615
75.49,71.30,-70.1,-65.4,0,1.615
75.51,71.32,-68.8,-65.4,0,1.615
75.55,71.34,-68.0,-65.4,0,1.615
75.55,71.36,-66.4,-65.5,0,1.615
75.57,71.38,-69.8,-65.5,0,1.615
75.59,71.40,-69.1,-65.5,0,1.615
75.61,71.42,-66.9,-65.6,0,1.615
75.63,71.44,-70.7,-65.6,0,1.615
75.65,71.46,-69.5,-65.6,0,1.615
75.67,71.48,-68.3,-65.7,0,1.615
75.69,71.50,-67.0,-65.7,0,1.615
75.71,71.52,-68.1,-65.7,0,1.615
75.73,71.54,-68.3,-65.7,0,1.615
75.75,71.56,-69.1,-65.8,0,1.615
75.77,71.58,-26.9,-65.8,0,1.615
75.79,71.60,-4.6,-65.4,0,1.615
75.81,71.62,-7.2,-64.8,0,1.615
75.83,71.64,-10.0,-64.2,0,1.615
75.85,71.66,-13.8,-63.7,0,1.615
75.87,71.68,-18.0,-63.2,0,1.615
75.89,71.70,-20.0,-62.7,0,1.615
75.91,71.72,-23.5,-62.3,0,1.615
75.93,71.74,-24.9,-61.9,0,1.615
75.95,71.76,-28.3,-61.6,0,1.615
75.97,71.78,-30.9,-61.2,0,1.615
75.99,71.80,-33.2,-60.9,0,1.615
76.01,71.82,-35.7,-60.7,0,1.605
76.05,71.84,-38.9,-60.4,0,1.605
76.05,71.86,-39.3,-60.2,0,1.605
76.07,71.88,-41.6,-60.0,0,1.605
76.09,71.90,-41.3,-59.8,0,1.605
76.11,71.92,-45.1,-59.6,0,1.605
76.13,71.94,-49.4,-59.5,0,1.605
76.15,71.96,-52.0,-59.4,0,1.605
76.17,71.98,-54.2,-59.3,0,1.605
76.19,72.00,-54.8,-59.2,0,1.605
76.21,72.02,-56.5,-59.2,0,1.605
76.23,72.04,-58.0,-59.2,0,1.605
76.25,72.06,-59.0,-59.2,0,1.605
76.27,72.08,-61.4,-59.2,0,1.605
76.29,72.10,-63.3,-59.2,0,1.605
76.31,72.12,-65.7,-59.2,0,1.605
76.33,72.14,-66.9,-59.3,0,1.605
76.35,72.16,-66.7,-59.4,0,1.605
76.37,72.18,-67.3,-59.4,0,1.605
76.39,72.20,-68.1,-59.5,0,1.605
76.41,72.22,-69.0,-59.6,0,1.605
76.43,72.24,-68.3,-59.7,0,1.605
76.45,72.26,-67.7,-59.8,0,1.605
76.47,72.28,-67.7,-59.9,0,1.605
76.49,72.30,-68.4,-59.9,0,1.605
76.51,72.32,-67.2,-60.0,0,1.605
76.76,72.34,-66.6,-60.1,0,1.605
76.76,72.36,-66.7,-60.2,0,1.605
76.76,72.38,-68.8,-60.2,0,1.605
76.76,72.40,-70.3,-60.3,0,1.605
76.76,72.42,-70.7,-60.4,0,1.605
76.76,72.44,-71.1,-60.5,0,1.605
76.76,72.46,-70.4,-60.6,0,1.605
76.76,72.48,-71.6,-60.7,0,1.605
76.76,72.50,-71.9,-60.8,0,1.605
76.76,72.52,-69.5,-60.9,0,1.605
76.76,72.54,-70.3,-61.0,0,1.605
76.76,72.56,-67.9,-61.1,0,1.605
76.77,72.58,-67.3,-61.2,0,1.605
76.79,72.60,-69.4,-61.2,0,1.605
76.81,72.62,-69.4,-61.3,0,1.605
76.83,72.64,-71.3,-61.4,0,1.605
76.85,72.66,-71.3,-61.5,0,1.605
76.87,72.68,-69.3,-61.6,0,1.605
76.89,72.70,-71.1,-61.7,0,1.605
76.91,72.72,-70.1,-61.8,0,1.605
76.93,72.74,-69.4,-61.8,0,1.605
76.95,72.76,-71.3,-61.9,0,1.605
76.97,72.78,-73.0,-62.0,0,1.605
76.99,72.80,-72.2,-62.1,0,1.605
77.01,72.82,-73.2,-62.2,0,1.605
77.06,72.84,-72.2,-62.3,0,1.605
77.06,72.86,-69.4,-62.4,0,1.605
77.07,72.88,-67.6,-62.5,0,1.605
77.09,72.90,-68.7,-62.6,0,1.605
77.11,72.92,-66.9,-62.6,0,1.605
77.15,72.94,-63.8,-62.7,0,1.605
77.17,72.96,-63.2,-62.7,0,1.605
77.19,72.98,-62.3,-62.7,0,1.605
77.21,73.00,-62.6,-62.7,0,1.605
77.23,73.02,-62.6,-62.7,0,1.605
77.25,73.04,-64.1,-62.7,0,1.605
77.27,73.06,-65.3,-62.7,0,1.605
77.29,73.08,-66.3,-62.7,0,1.605
77.31,73.10,-68.6,-62.7,0,1.605
77.33,73.12,-67.6,-62.8,0,1.605
77.35,73.14,-66.1,-62.8,0,1.605
77.39,73.16,-64.9,-62.9,0,1.605
77.41,73.18,-66.9,-62.9,0,1.605
77.42,73.20,-64.0,-62.9,0,1.605
77.44,73.22,-61.8,-63.0,0,1.605
77.46,73.24,-63.5,-62.9,0,1.605
77.48,73.26,-63.0,-62.9,0,1.605
77.50,73.28,-65.8,-62.9,0,1.595
77.56,73.30,-63.9,-63.0,0,1.595
77.56,73.32,-67.5,-63.0,0,1.595
77.58,73.34,-67.6,-63.0,0,1.595
77.60,73.36,-64.7,-63.1,0,1.595
77.62,73.38,-67.7,-63.1,0,1.595
77.64,73.40,-67.2,-63.1,0,1.595
77.66,73.42,-66.5,-63.2,0,1.595
77.68,73.44,-67.1,-63.2,0,1.595
77.70,73.46,-67.4,-63.2,0,1.595
77.72,73.48,-67.4,-63.3,0,1.595
77.74,73.50,-68.8,-63.3,0,1.595
77.76,73.52,-67.2,-63.4,0,1.595
77.78,73.54,-67.7,-63.4,0,1.595
77.80,73.56,-69.1,-63.5,0,1.595
77.82,73.58,-70.3,-63.5,0,1.595
77.84,73.60,-64.2,-63.6,0,1.595
77.86,73.62,-71.4,-63.6,0,1.595
77.88,73.64,-64.8,-63.7,0,1.595
77.90,73.66,-65.5,-63.7,0,1.595
77.94,73.68,-66.7,-63.7,0,1.595
77.96,73.70,-65.0,-63.7,0,1.595
77.98,73.72,-64.8,-63.7,0,1.595
78.00,73.74,-62.0,-63.8,0,1.595
78.05,73.76,-58.9,-63.7,0,1.595
78.06,73.78,-59.1,-63.7,0,1.595
78.08,73.80,-62.0,-63.6,0,1.595
78.10,73.82,-63.7,-63.6,0,1.595
78.12,73.84,-60.7,-63.6,0,1.595
78.14,73.86,-62.9,-63.6,0,1.595
78.18,73.88,-65.2,-63.6,0,1.595
78.20,73.90,-65.5,-63.6,0,1.595
78.22,73.92,-60.6,-63.6,0,1.595
78.24,73.94,-63.0,-63.6,0,1.595
78.26,73.96,-68.9,-63.6,0,1.595
78.28,73.98,-70.2,-63.6,0,1.595
78.30,74.00,-67.9,-63.7,0,1.595
78.34,74.02,-73.0,-63.8,0,1.595
78.36,74.04,-69.1,-63.8,0,1.595
78.38,74.06,-71.1,-63.9,0,1.595
78.40,74.08,-73.7,-64.0,0,1.595
78.44,74.10,-71.6,-64.1,0,1.595
78.46,74.12,-71.2,-64.1,0,1.595
78.48,74.14,-72.4,-64.2,0,1.595
78.50,74.16,-72.7,-64.3,0,1.585
78.54,74.18,-71.9,-64.4,0,1.585
78.54,74.20,-72.3,-64.5,0,1.585
78.56,74.22,-73.1,-64.5,0,1.585
78.58,74.24,-73.0,-64.6,0,1.585
78.60,74.26,-71.0,-64.7,0,1.585
78.62,74.28,-74.1,-64.8,0,1.585
78.68,74.30,-69.5,-64.9,0,1.585
78.70,74.32,-69.1,-64.9,0,1.585
78.72,74.34,-67.1,-64.9,0,1.585
78.74,74.36,-65.8,-65.0,0,1.585
78.76,74.38,-64.4,-65.0,0,1.585
78.78,74.40,-66.5,-65.0,0,1.585
78.80,74.42,-67.2,-65.0,0,1.585
78.82,74.44,-68.1,-65.0,0,1.585
78.84,74.46,-71.1,-65.0,0,1.585
78.86,74.48,-71.4,-65.1,0,1.585
78.90,74.50,-38.6,-65.2,0,1.585
78.92,74.52,-4.5,-64.9,1,1.585
78.94,74.54,-7.8,-64.3,0,1.585
78.96,74.56,-12.6,-63.7,0,1.585
78.98,74.58,-16.6,-63.2,0,1.585
79.00,74.60,-19.4,-62.8,0,1.585
79.01,74.62,-23.1,-62.3,0,0.803
79.07,74.64,-26.3,-61.9,0,0.803
79.07,74.66,-27.4,-61.6,0,0.803
79.07,74.68,-29.9,-61.2,0,0.803
79.09,74.70,-33.7,-60.9,0,0.803
79.11,74.72,-35.3,-60.7,0,0.803
79.13,74.74,-38.0,-60.4,0,0.803
79.15,74.76,-39.6,-60.2,0,0.803
79.17,74.78,-41.5,-60.0,0,0.803
79.19,74.80,-42.8,-59.8,0,0.803
79.21,74.82,-44.0,-59.6,0,0.803
79.23,74.84,-46.7,-59.5,0,0.803
79.25,74.86,-49.7,-59.3,0,0.803
79.27,74.88,-52.8,-59.2,0,0.803
79.29,74.90,-55.5,-59.2,0,0.803
79.31,74.92,-56.1,-59.1,0,0.803
79.33,74.94,-59.2,-59.1,0,0.803
79.35,74.96,-59.8,-59.1,0,0.803
79.37,74.98,-61.2,-59.1,0,0.803
79.39,75.00,-64.3,-59.1,0,0.803
79.41,75.02,-65.2,-59.2,0,0.803
79.43,75.04,-67.8,-59.3,0,0.803
79.45,75.06,-68.6,-59.3,0,0.803
79.47,75.08,-69.9,-59.4,0,0.803
79.49,75.10,-70.2,-59.5,0,0.803
79.51,75.12,-73.2,-59.6,0,0.803
79.55,75.14,-72.7,-59.8,0,0.803
79.55,75.16,-74.3,-59.9,0,0.803
79.57,75.18,-74.0,-60.0,0,0.803
79.59,75.20,-75.7,-60.2,0,0.803
79.61,75.22,-78.0,-60.3,0,0.803
79.63,75.24,-78.6,-60.5,0,0.803
79.65,75.26,-77.1,-60.7,0,0.803
79.67,75.28,-77.7,-60.9,0,0.803
79.69,75.30,-78.4,-61.0,0,0.803
79.71,75.32,-75.9,-61.2,0,0.803
79.73,75.34,-75.7,-61.3,0,0.803
79.75,75.36,-74.8,-61.5,0,0.803
79.77,75.38,-76.9,-61.6,0,0.803
79.79,75.40,-76.2,-61.8,0,0.803
79.81,75.42,-77.5,-61.9,0,0.803
79.82,75.44,-76.5,-62.1,0,0.803
79.84,75.46,-77.5,-62.2,0,0.803
79.86,75.48,-71.9,-62.4,0,0.803
79.88,75.50,-73.4,-62.5,0,0.803
79.94,75.52,-77.7,-62.6,0,0.803
79.95,75.54,-75.8,-62.7,0,0.803
79.97,75.56,-75.7,-62.9,0,0.803
79.99,75.58,-75.7,-63.0,0,0.803
80.01,75.60,-76.6,-63.1,0,0.803
80.07,75.62,-75.1,-63.2,0,0.803
80.07,75.64,-76.5,-63.4,0,0.803
80.07,75.66,-75.7,-63.5,0,0.803
80.09,75.68,-72.5,-63.6,0,0.803
80.11,75.70,-76.6,-63.7,0,0.803
80.13,75.72,-74.4,-63.8,0,0.803
80.15,75.74,-73.6,-63.9,0,0.803
80.17,75.76,-74.1,-64.0,0,0.803
80.19,75.78,-74.9,-64.1,0,0.803
80.21,75.80,-74.3,-64.2,0,0.803
80.23,75.82,-73.3,-64.3,0,0.803
80.25,75.84,-75.2,-64.4,0,0.803
80.27,75.86,-75.5,-64.5,0,0.803
80.29,75.88,-74.7,-64.6,0,0.803
80.31,75.90,-76.2,-64.7,0,0.803
80.33,75.92,-74.2,-64.9,0,0.803
80.35,75.94,-73.8,-65.0,0,0.803
80.37,75.96,-74.6,-65.0,0,0.803
80.39,75.98,-74.6,-65.1,0,0.803
80.41,76.00,-75.0,-65.2,0,0.803
80.43,76.02,-73.7,-65.3,0,0.803
80.45,76.04,-75.2,-65.4,0,0.803
80.47,76.06,-77.0,-65.5,0,0.803
80.49,76.08,-77.2,-65.6,0,0.803
80.51,76.10,-73.1,-65.7,0,0.803
80.56,76.12,-75.9,-65.8,0,0.803
80.56,76.14,-74.5,-65.9,0,0.803
80.57,76.16,-75.5,-66.0,0,0.803
80.59,76.18,-73.6,-66.1,0,0.803
80.61,76.20,-70.5,-66.2,0,0.803
80.63,76.22,-73.1,-66.2,0,0.803
80.65,76.24,-72.8,-66.3,0,0.803
80.67,76.26,-70.2,-66.3,0,0.803
80.69,76.28,-70.7,-66.4,0,0.803
80.71,76.30,-70.9,-66.4,0,0.803
80.73,76.32,-68.7,-66.5,0,0.803
80.75,76.34,-66.5,-66.5,0,0.803
80.77,76.36,-69.1,-66.5,0,0.803
80.79,76.38,-69.9,-66.5,0,0.803
80.81,76.40,-70.1,-66.5,0,0.803
80.83,76.42,-72.8,-66.6,0,0.803
80.85,76.44,-70.4,-66.6,0,0.803
80.87,76.46,-70.1,-66.7,0,0.803
80.89,76.48,-72.1,-66.7,0,0.803
80.91,76.50,-70.4,-66.8,0,0.803
80.93,76.52,-70.9,-66.8,0,0.803
80.95,76.54,-69.2,-66.8,0,0.803
80.99,76.56,-67.4,-66.9,0,0.803
81.01,76.58,-69.6,-66.9,0,0.803
81.08,76.60,-70.8,-66.9,0,0.803
81.08,76.62,-68.3,-66.9,0,0.803
81.08,76.64,-68.3,-67.0,0,0.803
81.09,76.66,-68.8,-67.0,0,0.803
81.11,76.68,-71.0,-67.0,0,0.803
81.13,76.70,-69.1,-67.0,0,0.803
81.15,76.72,-69.2,-67.0,0,0.803
81.17,76.74,-71.8,-67.1,0,0.803
81.19,76.76,-71.1,-67.1,0,0.803
81.21,76.78,-72.0,-67.2,0,0.803
81.23,76.80,-69.9,-67.2,0,0.803
81.25,76.82,-69.7,-67.2,0,0.803
81.27,76.84,-68.5,-67.3,0,0.803
81.29,76.86,-69.4,-67.3,0,0.803
81.31,76.88,-67.7,-67.3,0,0.803
81.33,76.90,-67.0,-67.3,0,0.803
81.35,76.92,-70.8,-67.3,0,0.803
81.37,76.94,-71.5,-67.3,0,0.803
81.39,76.96,-69.0,-67.4,0,0.803
81.41,76.98,-71.7,-67.4,0,0.803
81.43,77.00,-71.3,-67.4,0,0.803
81.45,77.02,-69.5,-67.5,0,0.803
81.47,77.04,-69.3,-67.5,0,0.803
81.49,77.06,-67.9,-67.5,0,0.803
81.51,77.08,-68.8,-67.5,0,0.803
81.54,77.10,-68.6,-67.5,0,0.803
81.55,77.12,-68.0,-67.5,0,0.803
81.57,77.14,-69.9,-67.5,0,0.803
81.59,77.16,-67.1,-67.6,0,0.803
81.61,77.18,-66.2,-67.6,0,0.803
81.63,77.20,-65.8,-67.5,0,0.803
81.65,77.22,-65.3,-67.5,0,0.803
81.67,77.24,-65.9,-67.5,0,0.803
81.69,77.26,-68.9,-67.5,0,0.803
81.71,77.28,-65.4,-67.5,0,0.803
81.73,77.30,-66.6,-67.5,0,0.803
81.75,77.32,-67.1,-67.5,0,0.803
81.77,77.34,-67.1,-67.5,0,0.803
81.79,77.36,-66.1,-67.5,0,0.803
81.81,77.38,-65.4,-67.5,0,0.803
81.83,77.40,-66.3,-67.4,0,0.803
81.85,77.42,-56.7,-67.4,0,0.803
81.87,77.44,-13.3,-67.3,0,0.803
81.89,77.46,-14.7,-66.8,0,0.803
81.91,77.48,-20.3,-66.3,0,0.803
81.93,77.50,-23.5,-65.8,0,0.803
81.95,77.52,-26.2,-65.4,0,0.803
81.97,77.54,-30.2,-65.0,0,0.803
81.99,77.56,-32.6,-64.6,0,0.803
82.01,77.58,-36.0,-64.3,0,0.803
82.07,77.60,-38.5,-64.0,0,0.803
82.07,77.62,-42.8,-63.8,0,0.803
82.07,77.64,-46.2,-63.6,0,0.803
82.09,77.66,-49.7,-63.4,0,0.803
82.11,77.68,-52.0,-63.3,0,0.803
82.13,77.70,-53.1,-63.2,0,0.803
82.15,77.72,-55.7,-63.1,0,0.803
82.17,77.74,-57.4,-63.0,0,0.803
82.19,77.76,-59.8,-62.9,0,0.803
82.21,77.78,-61.3,-62.9,0,0.803
82.23,77.80,-63.7,-62.9,0,0.803
82.25,77.82,-64.0,-62.9,0,0.803
82.27,77.84,-66.4,-62.9,0,0.803
82.29,77.86,-65.5,-62.9,0,0.803
82.31,77.88,-64.3,-63.0,0,0.803
82.33,77.90,-67.0,-63.0,0,0.803
82.35,77.92,-65.6,-63.0,0,0.803
82.37,77.94,-68.6,-63.0,0,0.803
82.39,77.96,-68.4,-63.1,0,0.803
82.41,77.98,-64.5,-63.2,0,0.803
82.43,78.00,-64.3,-63.2,0,0.803
82.45,78.02,-62.9,-63.2,0,0.803
82.47,78.04,-63.1,-63.2,0,0.803
82.49,78.06,-63.3,-63.2,0,0.803
82.51,78.08,-63.6,-63.2,0,0.803
82.56,78.10,-63.8,-63.2,0,0.803
82.56,78.12,-62.4,-63.2,0,0.803
82.57,78.14,-64.0,-63.2,0,0.803
82.59,78.16,-64.7,-63.2,0,0.803
82.61,78.18,-67.5,-63.2,0,0.803
82.63,78.20,-67.6,-63.2,0,0.803
82.65,78.22,-66.3,-63.3,0,0.803
82.67,78.24,-66.2,-63.3,0,0.803
82.69,78.26,-66.4,-63.3,0,0.803
82.71,78.28,-64.2,-63.4,0,0.803
82.73,78.30,-64.8,-63.4,0,0.803
82.75,78.32,-65.9,-63.4,0,0.803
82.77,78.34,-64.6,-63.4,0,0.803
82.79,78.36,-67.1,-63.4,0,0.803
82.81,78.38,-66.5,-63.5,0,0.803
82.83,78.40,-66.6,-63.5,0,0.803
82.85,78.42,-68.5,-63.5,0,0.803
82.87,78.44,-69.0,-63.6,0,0.803
82.89,78.46,-66.5,-63.6,0,0.803
82.91,78.48,-68.1,-63.7,0,0.803
82.95,78.50,-69.9,-63.7,0,0.803
82.97,78.52,-69.2,-63.8,0,0.803
82.99,78.54,-70.8,-63.8,0,0.803
83.01,78.56,-69.2,-63.9,0,0.803
83.26,78.58,-69.9,-63.9,0,0.803
83.26,78.60,-69.3,-64.0,0,0.803
83.26,78.62,-69.1,-64.1,0,0.803
83.26,78.64,-68.6,-64.1,0,0.803
83.26,78.66,-66.1,-64.2,0,0.803
83.26,78.68,-66.6,-64.2,0,0.803
83.26,78.70,-67.1,-64.2,0,0.803
83.26,78.72,-61.4,-64.2,0,0.803
83.26,78.74,-64.6,-64.2,0,0.803
83.26,78.76,-67.6,-64.2,0,0.803
83.27,78.78,-66.9,-64.2,0,0.803
83.29,78.80,-69.8,-64.3,0,0.803
83.31,78.82,-70.5,-64.3,0,0.803
83.33,78.84,-71.5,-64.4,0,0.803
83.35,78.86,-74.2,-64.4,0,0.803
83.37,78.88,-73.5,-64.5,0,0.803
83.39,78.90,-72.7,-64.6,0,0.803
83.41,78.92,-73.5,-64.7,0,0.803
83.43,78.94,-75.0,-64.8,0,0.803
83.45,78.96,-73.3,-64.9,0,0.803
83.47,78.98,-71.9,-65.0,0,0.803
83.49,79.00,-73.2,-65.1,0,0.803
83.51,79.02,-74.3,-65.1,0,0.803
83.55,79.04,-73.9,-65.2,0,0.803
83.55,79.06,-72.7,-65.3,0,0.803
83.57,79.08,-72.3,-65.4,0,0.803
83.59,79.10,-72.5,-65.5,0,0.803
83.61,79.12,-72.5,-65.5,0,0.803
83.63,79.14,-72.7,-65.6,0,0.803
83.65,79.16,-71.9,-65.7,0,0.803
83.67,79.18,-72.8,-65.7,0,0.803
83.69,79.20,-75.6,-65.8,0,0.803
83.71,79.22,-73.7,-65.9,0,0.803
83.73,79.24,-72.6,-66.0,0,0.803
83.75,79.26,-74.1,-66.0,0,0.803
83.77,79.28,-70.6,-66.1,0,0.803
83.79,79.30,-72.4,-66.2,0,0.803
83.81,79.32,-71.9,-66.2,0,0.803
83.83,79.34,-73.7,-66.3,0,0.803
83.85,79.36,-74.6,-66.4,0,0.803
83.87,79.38,-75.2,-66.4,0,0.803
83.89,79.40,-74.5,-66.5,0,0.803
83.91,79.42,-73.3,-66.6,0,0.803
83.93,79.44,-73.7,-66.7,0,0.803
83.95,79.46,-73.9,-66.7,0,0.803
83.97,79.48,-75.4,-66.8,0,0.803
83.99,79.50,-75.3,-66.9,0,0.803
84.01,79.52,-73.2,-67.0,0,0.803
84.07,79.54,-74.8,-67.0,0,0.803
84.07,79.56,-74.6,-67.1,0,0.803
84.07,79.58,-75.9,-67.2,0,0.803
84.09,79.60,-74.9,-67.3,0,0.803
84.11,79.62,-73.5,-67.4,0,0.803
84.13,79.64,-72.2,-67.4,0,0.803
84.15,79.66,-72.7,-67.5,0,0.803
84.17,79.68,-73.5,-67.5,0,0.803
84.19,79.70,-73.0,-67.6,0,0.803
84.21,79.72,-72.7,-67.6,0,0.803
84.23,79.74,-74.0,-67.7,0,0.803
84.25,79.76,-75.0,-67.7,0,0.803
84.27,79.78,-73.1,-67.8,0,0.803
84.29,79.80,-74.2,-67.9,0,0.803
84.31,79.82,-72.4,-67.9,0,0.803
84.33,79.84,-73.5,-68.0,0,0.803
84.35,79.86,-74.8,-68.0,0,0.803
84.37,79.88,-73.6,-68.1,0,0.803
84.39,79.90,-74.1,-68.2,0,0.803
84.41,79.92,-74.5,-68.2,0,0.803
84.43,79.94,-74.4,-68.3,0,0.803
84.45,79.96,-74.0,-68.3,0,0.803
84.47,79.98,-75.7,-68.4,0,0.803
84.49,80.00,-72.6,-68.5,0,0.803
84.51,80.02,-74.8,-68.5,0,0.803
84.56,80.04,-74.6,-68.6,0,0.803
84.56,80.06,-73.2,-68.6,0,0.803
84.59,80.08,-71.4,-68.7,0,0.803
84.61,80.10,-74.1,-68.7,0,0.803
84.63,80.12,-74.4,-68.8,0,0.803
84.65,80.14,-74.3,-68.8,0,0.803
84.67,80.16,-71.4,-68.9,0,0.803
84.69,80.18,-73.3,-68.9,0,0.803
84.71,80.20,-73.7,-68.9,0,0.803
84.73,80.22,-72.1,-69.0,0,0.803
84.75,80.24,-74.0,-69.0,0,0.803
84.77,80.26,-71.5,-69.1,0,0.803
84.79,80.28,-74.4,-69.1,0,0.803
84.81,80.30,-75.2,-69.1,0,0.803
84.83,80.32,-74.6,-69.2,0,0.803
84.85,80.34,-75.5,-69.3,0,0.803
84.87,80.36,-77.0,-69.3,0,0.803
84.89,80.38,-75.2,-69.4,0,0.803
84.91,80.40,-75.1,-69.5,0,0.803
84.93,80.42,-77.9,-69.5,0,0.803
84.94,80.44,-78.7,-69.6,0,0.803
84.97,80.46,-75.7,-69.7,0,0.803
84.99,80.48,-74.3,-69.7,0,0.803
85.00,80.50,-74.2,-69.8,0,0.803
85.06,80.52,-73.3,-69.8,0,0.803
85.06,80.54,-71.1,-69.9,0,0.803
85.06,80.56,-72.3,-69.9,0,0.803
85.08,80.58,-70.4,-69.9,0,0.803
85.10,80.60,-69.7,-69.9,0,0.803
85.14,80.62,-67.1,-69.9,0,0.803
85.16,80.64,-67.7,-69.9,0,0.803
85.19,80.66,-70.0,-69.9,0,0.803
85.20,80.68,-72.6,-69.9,0,0.803
85.22,80.70,-74.4,-69.9,0,0.803
85.24,80.72,-75.1,-69.9,0,0.803
85.26,80.74,-75.9,-70.0,0,0.803
85.29,80.76,-78.6,-70.0,0,0.803
85.30,80.78,-76.0,-70.1,0,0.803
85.32,80.80,-77.9,-70.2,0,0.803
85.34,80.82,-75.3,-70.3,0,0.803
85.36,80.84,-72.7,-70.3,0,0.803
85.40,80.86,-66.9,-70.3,0,0.803
85.42,80.88,-67.7,-70.3,0,0.803
85.44,80.90,-69.0,-70.3,0,0.803
85.46,80.92,-69.2,-70.3,0,0.803
85.48,80.94,-73.1,-70.2,0,0.803
85.50,80.96,-75.8,-70.3,0,0.514
85.55,80.98,-78.7,-70.3,0,0.514
85.56,81.00,-81.0,-70.4,0,0.514
85.58,81.02,-80.8,-70.5,0,0.514
85.60,81.04,-81.3,-70.6,0,0.514
85.62,81.06,-81.6,-70.7,0,0.514
85.64,81.08,-80.7,-70.8,0,0.514
85.66,81.10,-80.9,-70.9,0,0.514
85.68,81.12,-80.8,-71.0,0,0.514
85.70,81.14,-81.9,-71.1,0,0.514
85.72,81.16,-82.5,-71.2,0,0.514
85.74,81.18,-79.5,-71.4,0,0.514
85.76,81.20,-81.5,-71.4,0,0.514
85.78,81.22,-81.2,-71.5,0,0.514
85.80,81.24,-82.4,-71.6,0,0.514
85.82,81.26,-80.2,-71.7,0,0.514
85.84,81.28,-82.4,-71.8,0,0.514
85.86,81.30,-81.6,-71.9,0,0.514
85.87,81.32,-82.6,-72.0,0,0.514
85.89,81.34,-81.4,-72.1,0,0.514
85.91,81.36,-80.0,-72.2,0,0.514
85.93,81.38,-81.4,-72.3,0,0.514
85.95,81.40,-80.4,-72.4,0,0.514
85.97,81.42,-81.3,-72.5,0,0.514
85.99,81.44,-78.0,-72.6,0,0.514
86.01,81.46,-81.5,-72.6,0,0.514
86.21,81.48,-81.1,-72.7,0,0.514
86.21,81.50,-80.6,-72.8,0,0.514
86.21,81.52,-80.9,-72.9,0,0.514
86.21,81.54,-80.2,-72.9,0,0.514
86.21,81.56,-79.3,-73.0,0,0.514
86.21,81.58,-78.2,-73.1,0,0.514
86.21,81.60,-69.8,-73.1,0,0.514
86.21,81.62,-51.2,-73.1,0,0.514
86.22,81.64,-58.9,-72.9,0,0.514
86.22,81.66,-49.1,-72.7,0,0.514
86.23,81.68,-52.2,-72.5,0,0.514
86.25,81.70,-51.1,-72.3,0,0.514
86.27,81.72,-54.6,-72.1,0,0.514
86.29,81.74,-58.5,-71.9,0,0.514
86.31,81.76,-59.6,-71.8,0,0.514
86.33,81.78,-55.4,-71.7,0,0.514
86.35,81.80,-34.3,-71.5,0,0.514
86.37,81.82,-31.0,-71.1,0,0.514
86.39,81.84,-34.7,-70.7,0,0.514
86.41,81.86,-39.2,-70.4,0,0.514
86.43,81.88,-42.2,-70.1,0,0.514
86.45,81.90,-47.1,-69.8,0,0.514
86.47,81.92,-52.4,-69.6,0,0.514
86.49,81.94,-56.1,-69.4,0,0.514
86.51,81.96,-59.4,-69.3,0,0.514
86.56,81.98,-62.1,-69.2,0,0.514
86.56,82.00,-65.5,-69.1,0,0.514
86.57,82.02,-66.9,-69.0,0,0.514
86.59,82.04,-68.5,-69.0,0,0.514
86.61,82.06,-69.0,-69.0,0,0.514
86.63,82.08,-67.9,-69.0,0,0.514
86.65,82.10,-70.1,-69.0,0,0.514
86.67,82.12,-74.5,-69.0,0,0.514
86.69,82.14,-74.1,-69.1,0,0.514
86.71,82.16,-67.2,-69.1,0,0.514
86.73,82.18,-60.3,-69.1,0,0.514
86.75,82.20,-61.9,-69.0,0,0.514
86.77,82.22,-63.3,-68.9,0,0.514
86.79,82.24,-67.5,-68.9,0,0.514
86.81,82.26,-71.9,-68.9,0,0.514
86.83,82.28,-75.5,-68.9,0,0.514
86.85,82.30,-75.8,-69.0,0,0.514
86.87,82.32,-74.2,-69.0,0,0.514
86.89,82.34,-72.7,-69.1,0,0.514
86.91,82.36,-72.1,-69.1,0,0.514
86.93,82.38,-75.8,-69.2,0,0.514
86.95,82.40,-78.4,-69.2,0,0.514
86.97,82.42,-81.9,-69.3,0,0.514
86.99,82.44,-80.6,-69.4,0,0.514
87.01,82.46,-77.8,-69.6,0,0.514
87.25,82.48,-79.9,-69.6,0,0.514
87.25,82.50,-79.6,-69.7,0,0.514
87.25,82.52,-85.3,-69.8,0,0.514
87.25,82.54,-83.3,-70.0,0,0.514
87.25,82.56,-81.7,-70.1,0,0.514
87.25,82.58,-83.2,-70.2,0,0.514
87.25,82.60,-82.3,-70.4,0,0.514
87.25,82.62,-82.1,-70.5,0,0.514
87.25,82.64,-81.8,-70.6,0,0.514
87.25,82.66,-81.9,-70.7,0,0.514
87.25,82.68,-83.0,-70.8,0,0.514
87.25,82.70,-83.7,-70.9,0,0.514
87.27,82.72,-86.2,-71.1,0,0.514
87.29,82.74,-85.6,-71.2,0,0.514
87.31,82.76,-85.0,-71.4,0,0.514
87.33,82.78,-84.8,-71.5,0,0.514
87.35,82.80,-85.8,-71.6,0,0.514
87.37,82.82,-86.4,-71.8,0,0.514
87.39,82.84,-87.5,-71.9,0,0.514
87.41,82.86,-85.6,-72.1,0,0.514
87.43,82.88,-86.8,-72.2,0,0.514
87.45,82.90,-87.4,-72.4,0,0.514
87.47,82.92,-84.9,-72.5,0,0.514
87.49,82.94,-86.7,-72.6,0,0.514
87.51,82.96,-86.1,-72.8,0,0.387
87.55,82.98,-87.1,-72.9,0,0.387
87.55,83.00,-85.4,-73.0,0,0.387
87.57,83.02,-85.5,-73.2,0,0.387
87.59,83.04,-85.2,-73.3,0,0.387
87.61,83.06,-86.1,-73.4,0,0.387
87.63,83.08,-81.1,-73.5,0,0.387
87.65,83.10,-86.2,-73.6,0,0.387
87.67,83.12,-85.6,-73.7,0,0.387
87.71,83.14,-86.0,-73.9,0,0.387
87.73,83.16,-84.5,-74.0,0,0.387
87.75,83.18,-83.4,-74.1,0,0.387
87.77,83.20,-87.4,-74.2,0,0.387
87.79,83.22,-84.5,-74.3,0,0.387
87.81,83.24,-83.5,-74.4,0,0.387
87.83,83.26,-86.1,-74.5,0,0.387
87.85,83.28,-86.1,-74.6,0,0.387
87.87,83.30,-85.3,-74.7,0,0.387
87.89,83.32,-86.6,-74.8,0,0.387
87.91,83.34,-85.3,-74.9,0,0.387
87.93,83.36,-86.3,-75.0,0,0.387
87.95,83.38,-86.0,-75.2,0,0.387
87.97,83.40,-85.0,-75.3,0,0.387
87.99,83.42,-86.5,-75.4,0,0.387
88.01,83.44,-85.1,-75.5,0,0.384
88.07,83.46,-85.7,-75.6,0,0.384
88.07,83.48,-84.4,-75.7,0,0.384
88.07,83.50,-89.3,-75.8,0,0.384
88.11,83.52,-86.1,-75.9,0,0.384
88.13,83.54,-85.8,-76.0,0,0.384
88.15,83.56,-86.4,-76.1,0,0.384
88.19,83.58,-86.5,-76.2,0,0.384
88.21,83.60,-85.0,-76.3,0,0.384
88.23,83.62,-84.8,-76.4,0,0.384
88.25,83.64,-81.5,-76.5,0,0.384
88.27,83.66,-82.5,-76.5,0,0.384
88.29,83.68,-85.4,-76.6,0,0.384
88.31,83.70,-85.9,-76.7,0,0.384
88.33,83.72,-84.4,-76.8,0,0.384
88.35,83.74,-84.0,-76.8,0,0.384
88.37,83.76,-85.9,-76.9,0,0.384
88.39,83.78,-83.9,-77.0,0,0.384
88.41,83.80,-84.7,-77.1,0,0.384
88.43,83.82,-86.2,-77.1,0,0.384
88.45,83.84,-84.1,-77.2,0,0.384
88.47,83.86,-87.1,-77.3,0,0.384
88.51,83.88,-85.0,-77.4,0,0.379
88.56,83.90,-81.4,-77.5,0,0.379
88.56,83.92,-86.7,-77.5,0,0.379
88.59,83.94,-83.8,-77.6,0,0.379
88.61,83.96,-85.7,-77.7,0,0.379
88.63,83.98,-84.1,-77.7,0,0.379
88.65,84.00,-84.2,-77.8,0,0.379
88.67,84.02,-83.4,-77.9,0,0.379
88.69,84.04,-83.6,-77.9,0,0.379
88.71,84.06,-78.6,-78.0,0,0.379
88.73,84.08,-76.6,-78.0,0,0.379
88.75,84.10,-75.7,-78.0,0,0.379
88.77,84.12,-75.0,-77.9,0,0.379
88.79,84.14,-67.8,-77.9,0,0.379
88.81,84.16,-71.5,-77.8,0,0.379
88.83,84.18,-33.3,-77.8,0,0.379
88.85,84.20,-19.9,-77.3,0,0.379
88.87,84.22,-26.0,-76.7,0,0.379
88.91,84.24,-30.5,-76.2,0,0.379
88.93,84.26,-35.0,-75.8,0,0.379
88.95,84.28,-39.3,-75.4,0,0.379
88.97,84.30,-41.1,-75.0,0,0.379
88.99,84.32,-46.6,-74.7,0,0.379
89.01,84.34,-48.3,-74.4,0,0.369
89.07,84.36,-52.6,-74.1,0,0.369
89.07,84.38,-56.6,-73.9,0,0.369
89.07,84.40,-57.8,-73.8,0,0.369
89.09,84.42,-60.6,-73.6,0,0.369
89.11,84.44,-61.6,-73.5,0,0.369
89.13,84.46,-61.8,-73.3,0,0.369
89.15,84.48,-64.5,-73.2,0,0.369
89.17,84.50,-64.9,-73.1,0,0.369
89.19,84.52,-67.8,-73.1,0,0.369
89.21,84.54,-68.6,-73.0,0,0.369
89.23,84.56,-69.3,-73.0,0,0.369
89.25,84.58,-72.2,-72.9,0,0.369
89.27,84.60,-72.3,-72.9,0,0.369
89.29,84.62,-75.6,-72.9,0,0.369
89.31,84.64,-76.9,-72.9,0,0.369
89.33,84.66,-77.7,-73.0,0,0.369
89.35,84.68,-76.3,-73.0,0,0.369
89.37,84.70,-77.7,-73.1,0,0.369
89.39,84.72,-78.7,-73.1,0,0.369
89.41,84.74,-79.6,-73.2,0,0.369
89.43,84.76,-78.5,-73.2,0,0.369
89.45,84.78,-80.3,-73.3,0,0.369
89.47,84.80,-79.0,-73.4,0,0.369
89.49,84.82,-76.5,-73.4,0,0.369
89.51,84.84,-78.1,-73.4,0,0.369
89.57,84.86,-79.3,-73.5,0,0.369
89.57,84.88,-79.0,-73.5,0,0.369
89.57,84.90,-82.5,-73.6,0,0.369
89.59,84.92,-76.6,-73.7,0,0.369
89.61,84.94,-79.0,-73.7,0,0.369
89.63,84.96,-77.6,-73.8,0,0.369
89.65,84.98,-78.4,-73.8,0,0.369
89.67,85.00,-76.5,-73.9,0,0.369
89.71,85.02,-79.3,-73.9,0,0.369
89.73,85.04,-78.3,-73.9,0,0.369
89.75,85.06,-76.6,-74.0,0,0.369
89.77,85.08,-78.0,-74.0,0,0.369
89.79,85.10,-78.8,-74.0,0,0.369
89.81,85.12,-77.9,-74.1,0,0.369
89.83,85.14,-76.9,-74.1,0,0.369
89.85,85.16,-77.4,-74.2,0,0.369
89.87,85.18,-76.5,-74.2,0,0.369
89.89,85.20,-78.7,-74.2,0,0.369
89.91,85.22,-78.5,-74.3,0,0.369
89.95,85.24,-79.3,-74.3,0,0.369
89.97,85.26,-81.0,-74.3,0,0.369
89.99,85.28,-79.7,-74.4,0,0.369
90.01,85.30,-80.0,-74.5,0,0.369
90.21,85.32,-80.3,-74.5,0,0.369
90.21,85.34,-80.9,-74.6,0,0.369
90.21,85.36,-79.1,-74.6,0,0.369
90.21,85.38,-80.8,-74.7,0,0.369
90.21,85.40,-81.9,-74.7,0,0.369
90.21,85.42,-81.2,-74.8,0,0.369
90.21,85.44,-82.4,-74.9,0,0.369
90.21,85.46,-80.0,-75.0,0,0.369
90.21,85.48,-82.9,-75.0,0,0.369
90.23,85.50,-81.5,-75.1,0,0.369
90.25,85.52,-80.7,-75.1,0,0.369
90.27,85.54,-80.3,-75.2,0,0.369
90.29,85.56,-77.6,-75.3,0,0.369
90.31,85.58,-78.7,-75.3,0,0.369
90.35,85.60,-80.7,-75.3,0,0.369
90.37,85.62,-81.4,-75.4,0,0.369
90.39,85.64,-79.5,-75.4,0,0.369
90.41,85.66,-78.1,-75.5,0,0.369
90.43,85.68,-79.8,-75.5,0,0.369
90.45,85.70,-80.0,-75.5,0,0.369
90.47,85.72,-80.6,-75.6,0,0.369
90.49,85.74,-80.0,-75.6,0,0.369
90.51,85.76,-80.4,-75.7,0,0.369
90.56,85.78,-81.5,-75.7,0,0.369
90.56,85.80,-80.3,-75.8,0,0.369
90.57,85.82,-80.2,-75.8,0,0.369
90.59,85.84,-79.6,-75.9,0,0.369
90.61,85.86,-79.0,-75.9,0,0.369
90.63,85.88,-77.0,-75.9,0,0.369
90.65,85.90,-75.3,-75.9,0,0.369
90.67,85.92,-76.3,-75.9,0,0.369
90.69,85.94,-76.1,-75.9,0,0.369
90.71,85.96,-75.6,-75.9,0,0.369
90.73,85.98,-77.9,-75.9,0,0.369
90.75,86.00,-77.4,-76.0,0,0.369
90.77,86.02,-76.7,-76.0,0,0.369
90.79,86.04,-74.0,-76.0,0,0.369
90.81,86.06,-73.1,-76.0,0,0.369
90.83,86.08,-74.5,-75.9,0,0.369
90.85,86.10,-75.6,-75.9,0,0.369
90.87,86.12,-77.2,-75.9,0,0.369
90.89,86.14,-76.8,-75.9,0,0.369
90.91,86.16,-77.4,-75.9,0,0.369
90.93,86.18,-75.5,-75.9,0,0.369
90.95,86.20,-77.7,-75.9,0,0.369
90.97,86.22,-76.9,-76.0,0,0.369
90.99,86.24,-77.2,-76.0,0,0.369
91.01,86.26,-77.3,-76.0,0,0.369
91.21,86.28,-77.2,-76.0,0,0.369
91.21,86.30,-74.8,-76.0,0,0.369
91.21,86.32,-72.5,-76.0,0,0.369
91.21,86.34,-74.3,-76.0,0,0.369
91.21,86.36,-74.2,-75.9,0,0.369
91.21,86.38,-72.3,-75.9,0,0.369
91.21,86.40,-72.8,-75.9,0,0.369
91.21,86.42,-74.9,-75.9,0,0.369
91.21,86.44,-73.4,-75.9,0,0.369
91.21,86.46,-72.5,-75.8,0,0.369
91.23,86.48,-75.6,-75.8,0,0.369
91.25,86.50,-72.0,-75.8,0,0.369
91.27,86.52,-72.6,-75.8,0,0.369
91.29,86.54,-74.3,-75.7,0,0.369
91.31,86.56,-74.4,-75.7,0,0.369
91.33,86.58,-75.8,-75.7,0,0.369
91.35,86.60,-73.9,-75.7,0,0.369
91.37,86.62,-74.6,-75.7,0,0.369
91.39,86.64,-73.2,-75.7,0,0.369
91.41,86.66,-73.2,-75.6,0,0.369
91.43,86.68,-73.2,-75.6,0,0.369
91.45,86.70,-73.4,-75.6,0,0.369
91.47,86.72,-76.2,-75.6,0,0.369
91.49,86.74,-75.2,-75.6,0,0.369
91.51,86.76,-76.0,-75.6,0,0.369
91.71,86.78,-75.1,-75.6,0,0.369
91.71,86.80,-72.2,-75.6,0,0.369
91.71,86.82,-71.7,-75.5,0,0.369
91.71,86.84,-71.0,-75.5,0,0.369
91.71,86.86,-72.7,-75.5,0,0.369
91.71,86.88,-72.6,-75.4,0,0.369
91.71,86.90,-72.1,-75.4,0,0.369
91.71,86.92,-74.6,-75.4,0,0.369
91.73,86.94,-72.3,-75.4,0,0.369
91.75,86.96,-74.2,-75.3,0,0.369
91.77,86.98,-72.3,-75.3,0,0.369
91.79,87.00,-72.9,-75.3,0,0.369
91.81,87.02,-72.3,-75.3,0,0.369
91.83,87.04,-72.0,-75.2,0,0.369
91.85,87.06,-69.2,-75.2,0,0.369
91.87,87.08,-72.1,-75.1,0,0.369
91.89,87.10,-73.3,-75.1,0,0.369
91.91,87.12,-70.1,-75.1,0,0.369
91.93,87.14,-69.8,-75.0,0,0.369
91.95,87.16,-70.9,-75.0,0,0.369
91.97,87.18,-72.2,-75.0,0,0.369
91.99,87.20,-70.7,-74.9,0,0.369
92.01,87.22,-72.1,-74.9,0,0.352
92.06,87.24,-71.4,-74.9,0,0.352
92.06,87.26,-72.0,-74.8,0,0.352
92.07,87.28,-75.7,-74.8,0,0.352
92.09,87.30,-72.9,-74.8,0,0.352
92.11,87.32,-72.8,-74.8,0,0.352
92.13,87.34,-71.6,-74.8,0,0.352
92.15,87.36,-72.4,-74.7,0,0.352
92.17,87.38,-71.0,-74.7,0,0.352
92.19,87.40,-71.9,-74.7,0,0.352
92.21,87.42,-71.9,-74.6,0,0.352
92.23,87.44,-69.1,-74.6,0,0.352
92.25,87.46,-71.0,-74.6,0,0.352
92.27,87.48,-67.5,-74.5,0,0.352
92.29,87.50,-69.0,-74.5,0,0.352
92.31,87.52,-69.0,-74.4,0,0.352
92.33,87.54,-68.5,-74.4,0,0.352
92.35,87.56,-69.3,-74.3,0,0.352
92.37,87.58,-46.0,-74.2,0,0.352
92.39,87.60,-36.9,-74.0,0,0.352
92.41,87.62,-29.3,-73.6,0,0.352
92.43,87.64,-25.8,-73.2,0,0.352
92.45,87.66,-21.7,-72.7,0,0.352
92.47,87.68,-21.8,-72.2,0,0.352
92.51,87.70,-24.0,-71.7,0,0.349
92.56,87.72,-22.9,-71.2,0,0.349
92.56,87.74,-22.2,-70.7,0,0.349
92.57,87.76,-20.5,-70.2,0,0.349
92.59,87.78,-21.9,-69.7,0,0.349
92.61,87.80,-21.1,-69.3,0,0.349
92.63,87.82,-22.0,-68.8,0,0.349
92.65,87.84,-24.3,-68.3,0,0.349
92.67,87.86,-22.6,-67.9,0,0.349
92.69,87.88,-23.8,-67.4,0,0.349
92.71,87.90,-22.6,-67.0,0,0.349
92.73,87.92,-25.6,-66.6,0,0.349
92.75,87.94,-27.4,-66.1,0,0.349
92.77,87.96,-27.7,-65.8,0,0.349
92.79,87.98,-27.4,-65.4,0,0.349
92.81,88.00,-31.0,-65.0,0,0.349
92.83,88.02,-28.5,-64.7,0,0.349
92.85,88.04,-27.3,-64.3,0,0.349
92.87,88.06,-25.3,-63.9,0,0.349
92.89,88.08,-24.8,-63.6,0,0.349
92.91,88.10,-24.9,-63.2,0,0.349
92.93,88.12,-25.7,-62.8,0,0.349
92.95,88.14,-27.5,-62.4,0,0.349
92.97,88.16,-26.4,-62.1,0,0.349
92.99,88.18,-25.4,-61.7,0,0.349
93.01,88.20,-23.6,-61.4,0,0.349
93.21,88.22,-24.5,-61.0,0,0.349
93.21,88.24,-28.6,-60.6,0,0.349
93.21,88.26,-29.6,-60.3,0,0.349
93.21,88.28,-33.0,-60.0,0,0.349
93.21,88.30,-31.9,-59.7,0,0.349
93.21,88.32,-33.0,-59.4,0,0.349
93.21,88.34,-30.9,-59.2,0,0.349
93.21,88.36,-26.3,-58.9,0,0.349
93.21,88.38,-26.0,-58.6,0,0.349
93.21,88.40,-27.2,-58.3,0,0.349
93.23,88.42,-25.4,-57.9,0,0.349
93.25,88.44,-28.4,-57.6,0,0.349
93.27,88.46,-31.3,-57.3,0,0.349
93.31,88.48,-35.5,-57.1,0,0.349
93.33,88.50,-37.9,-56.9,0,0.349
93.35,88.52,-40.9,-56.7,0,0.349
93.37,88.54,-44.6,-56.5,0,0.349
93.39,88.56,-45.7,-56.4,0,0.349
93.41,88.58,-50.2,-56.3,0,0.349
93.43,88.60,-52.7,-56.2,0,0.349
93.44,88.62,-55.4,-56.2,0,0.349
93.46,88.64,-57.2,-56.2,0,0.349
93.48,88.66,-58.7,-56.2,0,0.349
93.50,88.68,-59.4,-56.2,0,0.349
93.71,88.70,-63.7,-56.2,0,0.349
93.71,88.72,-62.5,-56.3,0,0.349
93.71,88.74,-66.6,-56.4,0,0.349
93.71,88.76,-70.4,-56.5,0,0.349
93.71,88.78,-70.8,-56.6,0,0.349
93.71,88.80,-71.1,-56.8,0,0.349
93.71,88.82,-70.3,-56.9,0,0.349
93.71,88.84,-68.8,-57.0,0,0.349
93.71,88.86,-65.7,-57.2,0,0.349
93.71,88.88,-63.8,-57.2,0,0.349
93.72,88.90,-61.8,-57.3,0,0.349
93.74,88.92,-59.0,-57.4,0,0.349
93.76,88.94,-59.8,-57.4,0,0.349
93.78,88.96,-58.8,-57.4,0,0.349
93.80,88.98,-58.2,-57.4,0,0.349
93.82,89.00,-60.3,-57.4,0,0.349
93.84,89.02,-60.3,-57.4,0,0.349
93.86,89.04,-62.5,-57.5,0,0.349
93.88,89.06,-64.7,-57.5,0,0.349
93.90,89.08,-64.4,-57.6,0,0.349
93.92,89.10,-67.4,-57.7,0,0.349
93.94,89.12,-68.8,-57.8,0,0.349
93.96,89.14,-71.4,-57.9,0,0.349
93.98,89.16,-75.3,-58.0,0,0.349
94.00,89.18,-78.0,-58.2,0,0.337
94.06,89.20,-78.9,-58.4,0,0.337
94.06,89.22,-82.9,-58.6,0,0.337
94.07,89.24,-82.1,-58.8,0,0.337
94.08,89.26,-82.6,-59.1,0,0.337
94.10,89.28,-81.6,-59.3,0,0.337
94.12,89.30,-82.9,-59.5,0,0.337
94.14,89.32,-82.2,-59.7,0,0.337
94.16,89.34,-80.9,-60.0,0,0.337
94.18,89.36,-81.5,-60.2,0,0.337
94.20,89.38,-80.2,-60.4,0,0.337
94.22,89.40,-79.8,-60.6,0,0.337
94.25,89.42,-79.2,-60.8,0,0.337
94.26,89.44,-77.5,-61.0,0,0.337
94.28,89.46,-76.3,-61.1,0,0.337
94.30,89.48,-76.4,-61.3,0,0.337
94.32,89.50,-74.8,-61.4,0,0.337
94.34,89.52,-73.2,-61.6,0,0.337
94.36,89.54,-71.7,-61.7,0,0.337
94.38,89.56,-73.1,-61.8,0,0.337
94.40,89.58,-72.9,-61.9,0,0.337
94.42,89.60,-72.1,-62.0,0,0.337
94.44,89.62,-74.2,-62.1,0,0.337
94.46,89.64,-76.8,-62.2,0,0.337
94.48,89.66,-78.4,-62.4,0,0.337
94.50,89.68,-80.7,-62.5,0,0.337
94.71,89.70,-81.3,-62.7,0,0.337
94.71,89.72,-82.3,-62.9,0,0.337
94.71,89.74,-83.9,-63.1,0,0.337
94.71,89.76,-83.4,-63.3,0,0.337
94.71,89.78,-75.6,-63.5,0,0.337
94.71,89.80,-65.4,-63.6,0,0.337
94.71,89.82,-28.3,-63.6,0,0.337
94.71,89.84,-17.5,-63.3,0,0.337
94.71,89.86,-18.8,-62.8,0,0.337
94.71,89.88,-17.1,-62.4,0,0.337
94.72,89.90,-18.1,-61.9,0,0.337
94.75,89.92,-18.7,-61.5,0,0.337
94.76,89.94,-25.0,-61.1,0,0.337
94.78,89.96,-19.6,-60.7,0,0.337
94.80,89.98,-24.3,-60.3,0,0.337
94.82,90.00,-21.8,-59.9,0,0.337
94.84,90.02,-20.1,-59.6,0,0.337
94.86,90.04,-17.9,-59.2,0,0.337
94.91,90.06,-14.5,-58.8,0,0.337
94.92,90.08,-17.4,-58.3,0,0.337
94.94,90.10,-16.9,-57.9,0,0.337
94.96,90.12,-18.6,-57.5,0,0.337
94.99,90.14,-17.6,-57.1,0,0.337
95.01,90.16,-16.7,-56.7,0,0.267
95.05,90.18,-25.0,-56.3,0,0.267
95.05,90.20,-33.9,-56.0,0,0.267
95.07,90.22,-31.0,-55.8,0,0.267
95.08,90.24,-21.9,-55.5,0,0.267
95.10,90.26,-22.9,-55.2,0,0.267
95.15,90.28,-29.3,-54.9,0,0.267
95.17,90.30,-30.3,-54.6,0,0.267
95.19,90.32,-28.2,-54.4,0,0.267
95.21,90.34,-26.6,-54.1,0,0.267
95.23,90.36,-29.2,-53.9,0,0.267
95.25,90.38,-28.5,-53.6,0,0.267
95.27,90.40,-27.3,-53.4,0,0.267
95.31,90.42,-27.1,-53.1,0,0.267
95.33,90.44,-25.2,-52.8,0,0.267
95.35,90.46,-24.7,-52.6,0,0.267
95.37,90.48,-24.2,-52.3,0,0.267
95.39,90.50,-30.9,-52.0,0,0.267
95.41,90.52,-29.4,-51.8,0,0.267
95.43,90.54,-32.3,-51.6,0,0.267
95.45,90.56,-35.6,-51.4,0,0.267
95.47,90.58,-39.9,-51.2,0,0.267
95.49,90.60,-45.3,-51.1,0,0.267
95.51,90.62,-29.0,-51.1,0,0.233
95.57,90.64,-25.3,-50.8,0,0.233
95.57,90.66,-30.5,-50.6,0,0.233
95.57,90.68,-39.2,-50.4,0,0.233
95.59,90.70,-44.1,-50.3,0,0.233
95.61,90.72,-43.1,-50.2,0,0.233
95.63,90.74,-44.4,-50.1,0,0.233
95.65,90.76,-45.0,-50.1,0,0.233
95.67,90.78,-37.6,-50.0,0,0.233
95.69,90.80,-32.3,-49.9,0,0.233
95.71,90.82,-29.7,-49.7,0,0.233
95.73,90.84,-33.9,-49.5,0,0.233
95.75,90.86,-38.3,-49.4,0,0.233
95.77,90.88,-37.9,-49.3,0,0.233
95.79,90.90,-37.7,-49.2,0,0.233
95.81,90.92,-35.9,-49.0,0,0.233
95.83,90.94,-38.5,-48.9,0,0.233
95.85,90.96,-36.6,-48.8,0,0.233
95.87,90.98,-38.9,-48.7,0,0.233
95.89,91.00,-45.4,-48.6,0,0.233
95.91,91.02,-45.9,-48.6,0,0.233
95.95,91.04,-49.9,-48.5,0,0.233
95.97,91.06,-39.8,-48.5,0,0.233
95.99,91.08,-34.7,-48.5,0,0.233
96.01,91.10,-31.9,-48.3,0,0.235
96.05,91.12,-33.3,-48.2,0,0.235
96.07,91.14,-30.5,-48.0,0,0.235
96.09,91.16,-28.6,-47.8,0,0.235
96.11,91.18,-33.9,-47.6,0,0.235
96.13,91.20,-32.1,-47.5,0,0.235
96.15,91.22,-32.0,-47.4,0,0.235
96.17,91.24,-38.0,-47.2,0,0.235
96.19,91.26,-35.9,-47.1,0,0.235
96.21,91.28,-32.8,-47.0,0,0.235
96.23,91.30,-31.7,-46.9,0,0.235
96.25,91.32,-31.1,-46.7,0,0.235
96.27,91.34,-30.9,-46.6,0,0.235
96.29,91.36,-32.1,-46.4,0,0.235
96.31,91.38,-30.5,-46.3,0,0.235
96.33,91.40,-28.9,-46.1,0,0.235
96.35,91.42,-28.0,-45.9,0,0.235
96.37,91.44,-31.4,-45.7,0,0.235
96.39,91.46,-32.9,-45.6,0,0.235
96.41,91.48,-29.9,-45.5,0,0.235
96.43,91.50,-31.0,-45.3,0,0.235
96.45,91.52,-31.0,-45.2,0,0.235
96.47,91.54,-29.1,-45.0,0,0.235
96.49,91.56,-28.7,-44.9,0,0.235
96.51,91.58,-28.4,-44.7,0,0.258
96.56,91.60,-28.6,-44.6,0,0.258
96.56,91.62,-31.9,-44.4,0,0.258
96.57,91.64,-31.7,-44.3,0,0.258
96.59,91.66,-31.9,-44.1,0,0.258
96.61,91.68,-31.7,-44.0,0,0.258
96.63,91.70,-30.2,-43.9,0,0.258
96.65,91.72,-28.3,-43.8,0,0.258
96.67,91.74,-33.6,-43.6,0,0.258
96.69,91.76,-38.6,-43.5,0,0.258
96.71,91.78,-46.3,-43.5,0,0.258
96.73,91.80,-49.4,-43.5,0,0.258
96.75,91.82,-50.9,-43.6,0,0.258
96.77,91.84,-52.0,-43.6,0,0.258
96.79,91.86,-54.7,-43.7,0,0.258
96.81,91.88,-56.5,-43.8,0,0.258
96.85,91.90,-62.1,-43.9,0,0.258
96.87,91.92,-63.4,-44.1,0,0.258
96.91,91.94,-67.9,-44.3,0,0.258
96.92,91.96,-68.0,-44.6,0,0.258
96.94,91.98,-73.3,-44.8,0,0.258
96.96,92.00,-75.1,-45.1,0,0.258
96.98,92.02,-78.4,-45.4,0,0.258
97.00,92.04,-80.6,-45.7,0,0.258
97.02,92.06,-81.3,-46.0,0,0.260
97.06,92.08,-83.0,-46.4,0,0.260
97.06,92.10,-82.0,-46.8,0,0.260
97.08,92.12,-82.9,-47.1,0,0.260
97.10,92.14,-85.0,-47.5,0,0.260
97.12,92.16,-85.3,-47.8,0,0.260
97.14,92.18,-83.1,-48.2,0,0.260
97.16,92.20,-83.2,-48.6,0,0.260
97.18,92.22,-81.6,-48.9,0,0.260
97.20,92.24,-82.9,-49.2,0,0.260
97.22,92.26,-81.6,-49.6,0,0.260
97.24,92.28,-84.1,-49.9,0,0.260
97.26,92.30,-82.0,-50.2,0,0.260
97.28,92.32,-81.7,-50.5,0,0.260
97.30,92.34,-83.9,-50.9,0,0.260
97.32,92.36,-83.2,-51.2,0,0.260
97.33,92.38,-85.9,-51.5,0,0.260
97.35,92.40,-82.3,-51.8,0,0.260
97.37,92.42,-82.8,-52.1,0,0.260
97.39,92.44,-83.4,-52.4,0,0.260
97.41,92.46,-84.2,-52.8,0,0.260
97.43,92.48,-82.0,-53.1,0,0.260
97.45,92.50,-81.8,-53.4,0,0.260
97.47,92.52,-80.2,-53.6,0,0.260
97.49,92.54,-81.9,-53.9,0,0.260
97.51,92.56,-81.9,-54.2,0,0.260
97.56,92.58,-82.5,-54.5,0,0.260
97.56,92.60,-83.1,-54.7,0,0.260
97.57,92.62,-81.4,-55.0,0,0.260
97.59,92.64,-80.9,-55.3,0,0.260
97.61,92.66,-78.1,-55.5,0,0.260
97.63,92.68,-84.8,-55.8,0,0.260
97.65,92.70,-81.4,-56.1,0,0.260
97.67,92.72,-83.6,-56.3,0,0.260
97.70,92.74,-86.5,-56.6,0,0.260
97.72,92.76,-84.6,-56.9,0,0.260
97.74,92.78,-84.8,-57.1,0,0.260
97.76,92.80,-85.1,-57.4,0,0.260
97.78,92.82,-82.7,-57.7,0,0.260
97.80,92.84,-86.8,-57.9,0,0.260
97.82,92.86,-83.7,-58.2,0,0.260
97.84,92.88,-82.4,-58.5,0,0.260
97.86,92.90,-82.0,-58.7,0,0.260
97.88,92.92,-83.7,-59.0,0,0.260
97.90,92.94,-83.2,-59.2,0,0.260
97.94,92.96,-83.8,-59.4,0,0.260
97.96,92.98,-84.9,-59.7,0,0.260
97.98,93.00,-80.7,-59.9,0,0.260
98.00,93.02,-78.0,-60.1,0,0.269
98.07,93.04,-76.2,-60.3,0,0.269
98.07,93.06,-66.7,-60.5,0,0.269
98.07,93.08,-65.5,-60.5,0,0.269
98.10,93.10,-71.7,-60.6,0,0.269
98.12,93.12,-72.5,-60.7,0,0.269
98.14,93.14,-76.1,-60.8,0,0.269
98.16,93.16,-77.3,-61.0,0,0.269
98.20,93.18,-81.0,-61.1,0,0.269
98.26,93.20,-81.2,-61.3,0,0.269
98.27,93.22,-79.8,-61.5,0,0.269
98.29,93.24,-78.1,-61.7,0,0.269
98.31,93.26,-79.2,-61.9,0,0.269
98.33,93.28,-78.5,-62.0,0,0.269
98.35,93.30,-77.9,-62.2,0,0.269
98.37,93.32,-81.4,-62.4,0,0.269
98.39,93.34,-81.8,-62.6,0,0.269
98.41,93.36,-84.1,-62.7,0,0.269
98.43,93.38,-82.6,-63.0,0,0.269
98.45,93.40,-82.1,-63.2,0,0.269
98.47,93.42,-83.5,-63.3,0,0.269
98.49,93.44,-84.2,-63.5,0,0.269
98.51,93.46,-84.7,-63.7,0,0.272
98.56,93.48,-80.6,-64.0,0,0.272
98.56,93.50,-82.7,-64.1,0,0.272
98.57,93.52,-84.1,-64.3,0,0.272
98.59,93.54,-81.1,-64.5,0,0.272
98.61,93.56,-80.3,-64.7,0,0.272
98.63,93.58,-83.3,-64.8,0,0.272
98.65,93.60,-80.6,-65.0,0,0.272
98.67,93.62,-79.9,-65.2,0,0.272
98.69,93.64,-78.3,-65.3,0,0.272
98.71,93.66,-77.1,-65.4,0,0.272
98.73,93.68,-79.4,-65.6,0,0.272
98.75,93.70,-76.0,-65.7,0,0.272
98.77,93.72,-76.8,-65.8,0,0.272
98.79,93.74,-82.1,-65.9,0,0.272
98.81,93.76,-81.8,-66.1,0,0.272
98.83,93.78,-81.3,-66.2,0,0.272
98.85,93.80,-81.2,-66.4,0,0.272
98.87,93.82,-80.6,-66.5,0,0.272
98.89,93.84,-79.3,-66.7,0,0.272
98.91,93.86,-80.1,-66.8,0,0.272
98.93,93.88,-79.6,-66.9,0,0.272
98.95,93.90,-78.0,-67.0,0,0.272
98.97,93.92,-81.3,-67.2,0,0.272
98.99,93.94,-81.0,-67.3,0,0.272
99.01,93.96,-78.5,-67.4,0,0.272
99.07,93.98,-79.4,-67.5,0,0.272
99.07,94.00,-78.2,-67.7,0,0.272
99.07,94.02,-79.2,-67.8,0,0.272
99.09,94.04,-80.1,-67.9,0,0.272
99.10,94.06,-80.7,-68.0,0,0.272
99.12,94.08,-80.7,-68.1,0,0.272
99.14,94.10,-83.3,-68.3,0,0.272
99.16,94.12,-79.5,-68.4,0,0.272
99.18,94.14,-79.5,-68.5,0,0.272
99.20,94.16,-80.2,-68.6,0,0.272
99.22,94.18,-81.6,-68.7,0,0.272
99.24,94.20,-78.3,-68.9,0,0.272
99.26,94.22,-80.9,-69.0,0,0.272
99.30,94.24,-82.0,-69.1,0,0.272
99.32,94.26,-82.0,-69.2,0,0.272
99.34,94.28,-82.5,-69.3,0,0.272
99.36,94.30,-83.0,-69.5,0,0.272
99.38,94.32,-80.1,-69.6,0,0.272
99.40,94.34,-82.3,-69.7,0,0.272
99.42,94.36,-80.9,-69.8,0,0.272
99.46,94.38,-79.4,-69.9,0,0.272
99.47,94.40,-77.0,-70.0,0,0.272
99.49,94.42,-76.9,-70.1,0,0.272
99.51,94.44,-78.2,-70.2,0,0.272
99.57,94.46,-79.7,-70.2,0,0.272
99.57,94.48,-82.9,-70.3,0,0.272
99.57,94.50,-78.6,-70.5,0,0.272
99.59,94.52,-78.7,-70.5,0,0.272
99.61,94.54,-81.2,-70.6,0,0.272
99.63,94.56,-82.0,-70.7,0,0.272
99.65,94.58,-80.3,-70.8,0,0.272
99.67,94.60,-81.1,-70.9,0,0.272
99.69,94.62,-78.8,-71.0,0,0.272
99.71,94.64,-79.4,-71.1,0,0.272
99.73,94.66,-75.8,-71.2,0,0.272
99.75,94.68,-74.9,-71.2,0,0.272
99.77,94.70,-73.1,-71.3,0,0.272
99.79,94.72,-75.8,-71.3,0,0.272
99.81,94.74,-76.2,-71.3,0,0.272
99.83,94.76,-74.2,-71.4,0,0.272
99.85,94.78,-75.6,-71.4,0,0.272
99.87,94.80,-75.4,-71.5,0,0.272
99.89,94.82,-76.1,-71.5,0,0.272
99.91,94.84,-73.0,-71.5,0,0.272
99.93,94.86,-73.8,-71.6,0,0.272
99.95,94.88,-74.7,-71.6,0,0.272
99.97,94.90,-75.1,-71.6,0,0.272
99.99,94.92,-75.4,-71.7,0,0.272
